Depot,Fleet Number,Vehicle Registration Number,Vehicle Make,Vehicle Model,Vehicle Operator,is AC?,Service Type,Registration Date,Status
Alandur Depot EV,L1124,TN01BY2109,Switch,EV,OHM,Yes,AC(EV),24-08-2026,Active
Perambur Depot,L0140,TN01AN6404,Ashok Leyland,BS-6,MTC,No,Ordinary,01-10-2026,Active
Perambur Depot,L0136,TN01AN6409,Ashok Leyland,BS-6,MTC,No,Ordinary,01-10-2026,Active
Ambattur Depot,J0296,TN01AN0708,Tata,BS-4,MTC,No,Small Bus(Express),21-10-2013,Active
Anna Nagar Depot,J0676,TN01AN1343,Tata,BS-4,MTC,No,Small Bus(Express),29-02-2016,Active
T.Nagar Depot,J1712,TN01AN3418,Tata,BS-4,MTC,No,Ordinary,01-01-2020,Active
Perumbakkam Depot EV,K5607,TN01BW9358,Switch,EV,OHM,Yes,AC(EV),,Active
Perumbakkam Depot EV,K5600,TN01BW9118,Switch,EV,OHM,Yes,AC(EV),,Active
Alandur Depot EV,L1123,TN01BY2274,Switch,EV,OHM,Yes,AC(EV),22-08-2026,Active
Perambur Depot,J1179,TN01AN2146,Ashok Leyland,BS-4,MTC,No,Ordinary,06-05-2019,Active
Perambur Depot,K0407,TN01AN4723,Ashok Leyland,BS-6,MTC,No,Deluxe,19-06-2019,Active
Perambur Depot,K0374,TN01AN4677,Ashok Leyland,BS-6,MTC,No,Deluxe,06-02-2008,Active
Perambur Depot,K0349,TN01AN4606,Ashok Leyland,BS-6,MTC,No,LF Bus (D),19-06-2019,Active
Alandur Depot EV,ZZ846,ZZ01KK0006,Ashok Leyland,BS-6,MTC - Dummy,No,Deluxe,,Active
Perambur Depot,J1419,TN01AN2678,Ashok Leyland,BS-4,MTC,No,Ordinary,25-06-2019,Active
Anna Nagar Depot,J0679,TN01AN1371,Tata,BS-4,MTC,No,Small Bus(Express),29-02-2016,Active
Anna Nagar Depot,J0707,TN01AN1406,Tata,BS-4,MTC,No,Small Bus(Express),29-02-2016,Active
Kundrathur Depot,J1634,TN01AN3119,Tata,BS-4,MTC,No,Deluxe,24-09-2019,Active
Perumbakkam Depot EV,K5453,TN01BV7570,Switch,EV,OHM,Yes,AC(EV),04-09-2025,Active
Poonamallee Depot EV,K5481,TN01BW2682,Switch,EV,OHM,Yes,AC(EV),,Active
Poonamallee Depot EV,K5458,TN01BW2610,Switch,EV,OHM,Yes,AC(EV),,Active
Adyar Depot,J1943,TN01AN3931,Ashok Leyland,BS-4,MTC,No,Deluxe,22-03-2020,Active
Poonamallee Depot EV,K5464,TN01BW2668,Switch,EV,OHM,Yes,AC(EV),,Active
Poonamallee Depot EV,K5485,TN01BW2637,Switch,EV,OHM,Yes,AC(EV),,Active
Poonamallee Depot EV,K5472,TN01BW2639,Switch,EV,OHM,Yes,AC(EV),,Active
Anna Nagar Depot,J0646,TN01AN1230,Tata,BS-4,MTC,No,Small Bus(Express),05-02-2016,Active
Poonamallee Depot EV,K5496,TN01BW2751,Switch,EV,OHM,Yes,AC(EV),,Active
Vadapalani Depot,Z2124,CR01DU1237,Tata,BS-4,MTC - Dummy,No,Small Bus(Express),26-03-2026,Active
Ambattur Depot,J0678,TN01AN1378,Tata,BS-4,MTC,No,Small Bus(Express),29-02-2016,Active
Ambattur Depot,J0609,TN01AN1225,Tata,BS-4,MTC,No,Small Bus(Express),05-02-2016,Active
Ambattur Depot,J0663,TN01AN1317,Tata,BS-4,MTC,No,Small Bus(Express),07-02-2016,Active
Poonamallee Depot EV,K5479,TN01BW2667,Switch,EV,OHM,Yes,AC(EV),,Active
Poonamallee Depot EV,K5471,TN01BW2657,Switch,EV,OHM,Yes,AC(EV),,Active
Anna Nagar Depot,J0651,TN01AN1315,Tata,BS-4,MTC,No,Small Bus(Express),07-02-2016,Active
Poonamallee Depot EV,K5483,TN01BW2676,Switch,EV,OHM,Yes,AC(EV),,Active
Poonamallee Depot EV,K5486,TN01BW2604,Switch,EV,OHM,Yes,AC(EV),,Active
Central Depot EV,ZZ853,ZZ01KK0013,Ashok Leyland,BS-6,MTC - Dummy,No,Ordinary,,Active
Central Depot EV,ZZ860,ZZ01KK0020,Ashok Leyland,BS-6,MTC - Dummy,No,Deluxe,,Active
Central Depot EV,ZZ848,ZZ01KK0008,Ashok Leyland,BS-6,MTC - Dummy,No,Ordinary,,Active
Central Depot EV,ZZ847,ZZ01KK0007,Ashok Leyland,BS-6,MTC - Dummy,No,Ordinary,,Active
Central Depot EV,ZZ849,ZZ01KK0009,Ashok Leyland,BS-6,MTC - Dummy,No,Ordinary,,Active
Central Depot EV,ZZ859,ZZ01KK0019,Ashok Leyland,BS-6,MTC - Dummy,No,Deluxe,,Active
Central Depot EV,ZZ855,ZZ01KK0015,Ashok Leyland,BS-6,MTC - Dummy,No,Deluxe,,Active
Anna Nagar Depot,J0685,TN01AN1379,Tata,BS-4,MTC,No,Small Bus(Express),29-02-2016,Active
Poonamallee Depot EV,K5487,TN01BW2674,Switch,EV,OHM,Yes,AC(EV),,Active
Poonamallee Depot EV,K5470,TN01BW2631,Switch,EV,OHM,Yes,AC(EV),,Active
Poonamallee Depot EV,K5459,TN01BW2615,Switch,EV,OHM,Yes,AC(EV),,Active
Poonamallee Depot EV,K5488,TN01BW2688,Switch,EV,OHM,Yes,AC(EV),,Active
Tondiarpet-2 Depot,J0151,TN01AN0167,Ashok Leyland,BS-4,MTC,No,Ordinary,17-06-2012,Active
Poonamallee Depot EV,K5460,TN01BW2678,Switch,EV,OHM,Yes,AC(EV),,Active
Poonamallee Depot EV,K5498,TN01BW2703,Switch,EV,OHM,Yes,AC(EV),,Active
Poonamallee Depot EV,K5597,TN01BW9014,Switch,EV,OHM,Yes,AC(EV),,Active
Ambattur Depot,Z5480,TN00WE1576,Ashok Leyland,BS-6,MTC - Dummy,No,Small Bus(Express),24-04-2025,Active
Ambattur Depot,Z5482,TN00WE1578,Ashok Leyland,BS-4,MTC - Dummy,No,Small Bus(Express),24-04-2025,Active
Ambattur Depot,Z0532,TN01AN9821,Ashok Leyland,BS-4,MTC - Dummy,No,Small Bus(Express),24-04-2025,Active
Ambattur Depot,Z0533,TN01AN9822,Ashok Leyland,BS-4,MTC - Dummy,No,Small Bus(Express),24-04-2025,Active
Thiruvanmiyur Depot,ZZ877,ZZ01TR0017,Ashok Leyland,BS-6,MTC - Dummy,No,Small Bus(Express),24-04-2025,Active
Thiruvanmiyur Depot,ZZ402,ZZ01TR0901,Ashok Leyland,BS-6,MTC - Dummy,No,Small Bus(Express),24-04-2025,Active
Tambaram Depot,AT5642,AV01DU0075,Ashok Leyland,BS-3,MTC - Dummy,No,Small Bus(Express),21-10-2013,Active
Poonamallee Depot EV,AM2048,AM01DU0086,Tata,BS-6,MTC - Dummy,No,Small Bus(Express),21-10-2013,Active
Adambakkam Depot,Z2122,CR01DU1235,Tata,BS-4,MTC - Dummy,No,Small Bus(Express),05-02-2016,Active
Ayanavaram Depot,Z5211,AY01DU0054,Ashok Leyland,BS-6,MTC - Dummy,No,Small Bus(Express),27-01-2020,Active
Ayanavaram Depot,Z5218,AY01DU0061,Tata,BS-6,MTC - Dummy,No,Small Bus(Express),27-01-2020,Active
Ayanavaram Depot,Z5210,AY01DU0053,Ashok Leyland,BS-6,MTC - Dummy,No,Small Bus(Express),27-01-2020,Active
Tambaram Depot,AT5643,AV01DU0076,Ashok Leyland,BS-3,MTC - Dummy,No,Small Bus(Express),27-01-2020,Active
Tambaram Depot,AT5644,AV01DU0077,Ashok Leyland,BS-4,MTC - Dummy,No,Small Bus(Express),27-01-2020,Active
Tambaram Depot,AT5639,AV01DU0072,Ashok Leyland,BS-4,MTC - Dummy,No,Small Bus(Express),27-01-2020,Active
Tambaram Depot,AT5640,AV01DU0073,Ashok Leyland,BS-4,MTC - Dummy,No,Small Bus(Express),27-01-2020,Active
Perambur Depot,Z0534,TN01AN9823,Ashok Leyland,BS-4,MTC - Dummy,No,Small Bus(Express),,Active
Perambur Depot,Z0535,TN01AN9824,Ashok Leyland,BS-4,MTC - Dummy,No,Small Bus(Express),,Active
Perambur Depot,Z0536,TN01AN9825,Ashok Leyland,BS-4,MTC - Dummy,No,Small Bus(Express),21-10-2013,Active
Poonamallee Depot EV,AM2049,AM01DU0087,Tata,BS-6,MTC - Dummy,No,Small Bus(Express),21-10-2013,Active
Poonamallee Depot EV,AM2050,AM01DU0088,Tata,BS-6,MTC - Dummy,No,Small Bus(Express),21-10-2013,Active
Poonamallee Depot EV,AM2047,AM01DU0085,Tata,BS-6,MTC - Dummy,No,Small Bus(Express),21-10-2013,Active
Poonamallee Depot EV,AM2046,AM01DU0084,Tata,BS-6,MTC - Dummy,No,Small Bus(Express),21-10-2013,Active
Poonamallee Depot EV,K5674,TN01BX5988,Switch,EV,OHM,Yes,AC(EV),26-05-2026,Active
Poonamallee Depot EV,K5596,TN01BW9030,Switch,EV,OHM,Yes,AC(EV),,Active
Tondiarpet-1 Depot EV,K5664,TN01BX5985,Switch,EV,OHM,No,Deluxe(EV),26-05-2026,Active
Vysarpadi Depot EV,K5673,TN01BX5942,Switch,EV,OHM,No,Deluxe(EV),26-05-2026,Active
Poonamallee Depot EV,K5598,TN01BW9065,Switch,EV,OHM,Yes,AC(EV),,Active
Poonamallee Depot EV,K5594,TN01BW9052,Switch,EV,OHM,Yes,AC(EV),,Active
Poonamallee Depot EV,AM2030,AM01DU0068,Ashok Leyland,BS-6,MTC - Dummy,No,Ordinary,21-10-2013,Active
Poonamallee Depot EV,AM2032,AM01DU0070,Ashok Leyland,BS-6,MTC - Dummy,No,Ordinary,21-10-2013,Active
Poonamallee Depot EV,AM2031,AM01DU0069,Ashok Leyland,BS-6,MTC - Dummy,No,Ordinary,21-10-2013,Active
Poonamallee Depot EV,AM2033,AM01DU0071,Ashok Leyland,BS-6,MTC - Dummy,No,Ordinary,21-10-2013,Active
Poonamallee Depot EV,AM2035,AM01DU0073,Ashok Leyland,BS-6,MTC - Dummy,No,Deluxe,21-10-2013,Active
Poonamallee Depot EV,AM2037,AM01DU0075,Ashok Leyland,BS-6,MTC - Dummy,No,Deluxe,21-10-2013,Active
Poonamallee Depot EV,AM2036,AM01DU0074,Ashok Leyland,BS-6,MTC - Dummy,No,Deluxe,21-10-2013,Active
Poonamallee Depot EV,AM2038,AM01DU0076,Ashok Leyland,BS-6,MTC - Dummy,No,Deluxe,21-10-2013,Active
Poonamallee Depot EV,DZ,TN01H5895,Switch,EV,MTC - Dummy,No,Ordinary,01-05-2019,Active
Poonamallee Depot EV,K5595,TN01BW9104,Switch,EV,OHM,Yes,AC(EV),,Active
Alandur Depot EV,L0000,TN01BY1099,Switch,EV,OHM,No,AC(EV),02-09-2026,Active
Anna Nagar Depot,J0631,TN01AN1289,Tata,BS-4,MTC,No,Small Bus(Express),05-02-2016,Active
Anna Nagar Depot,J0610,TN01AN1208,Tata,BS-4,MTC,No,Small Bus(Express),05-02-2016,Active
Poonamallee Depot EV,K5501,TN01BW2797,Switch,EV,OHM,Yes,AC(EV),,Active
Poonamallee Depot EV,K5495,TN01BW2745,Switch,EV,OHM,Yes,AC(EV),,Active
Poonamallee Depot EV,K5473,TN01BW2697,Switch,EV,OHM,Yes,AC(EV),,Active
Poonamallee Depot EV,K5467,TN01BW2660,Switch,EV,OHM,Yes,AC(EV),,Active
Ambattur Depot,L0111,TN01AN6343,Ashok Leyland,BS-6,MTC,No,Ordinary,02-07-2026,Active
Poonamallee Depot EV,K5499,TN01BW2754,Switch,EV,OHM,Yes,AC(EV),,Active
Z Dummy Depot,J0153,TN01AN0240,Ashok Leyland,BS-4,MTC,No,Ordinary,17-06-2012,Active
Perumbakkam Depot EV,K5444,TN01BV5347,Switch,EV,OHM,Yes,AC(EV),,Active
Alandur Depot EV,A0004,TN01AA0004,Switch,EV,MTC - Dummy,Yes,AC(EV),22-08-2026,Active
Alandur Depot EV,A0003,TN01AA0003,Switch,EV,MTC - Dummy,No,AC(EV),29-08-2026,Active
Alandur Depot EV,A0002,TN01AA0002,Switch,EV,MTC - Dummy,No,AC(EV),29-08-2026,Active
Z Dummy Depot,J0106,TN01AN0217,Ashok Leyland,BS-4,MTC,No,Ordinary,17-06-2012,Inactive
Ambattur Depot,L0108,TN01AN6413,Ashok Leyland,BS-6,MTC,No,Ordinary,02-07-2026,Active
Poonamallee Depot EV,K5465,TN01BW2607,Switch,EV,OHM,Yes,AC(EV),,Active
Ambattur Depot,L0095,TN01AN6314,Ashok Leyland,BS-4,MTC,No,Ordinary,01-05-2016,Active
Alandur Depot EV,A0001,TN01AA0001,Switch,EV,MTC - Dummy,No,AC(EV),29-08-2026,Active
Ambattur Depot,L0106,TN01AN6408,Ashok Leyland,BS-6,MTC,No,Ordinary,02-07-2026,Active
Poonamallee Depot EV,K5461,TN01BW2619,Switch,EV,OHM,Yes,AC(EV),,Active
Poonamallee Depot EV,K5478,TN01BW2695,Switch,EV,OHM,Yes,AC(EV),10-06-2025,Active
Ambattur Depot,L0046,TN01AN6278,Ashok Leyland,BS-6,MTC,No,Ordinary,02-07-2026,Active
Ambattur Depot,L0103,TN01AN6339,Ashok Leyland,BS-6,MTC,No,Ordinary,02-07-2026,Active
Ambattur Depot,L0056,TN01AN6377,Ashok Leyland,BS-6,MTC,No,Ordinary,06-07-2026,Active
Ambattur Depot,L0043,TN01AN6374,Ashok Leyland,BS-6,MTC,No,Ordinary,13-07-2026,Active
Ambattur Depot,L0101,TN01AN6296,Ashok Leyland,BS-4,MTC,No,Ordinary,01-05-2016,Active
Ambattur Depot,L0081,TN01AN6327,Ashok Leyland,BS-4,MTC,No,Ordinary,01-05-2016,Active
Anna Nagar Depot,J0612,TN01AN1310,Tata,BS-4,MTC,No,Small Bus(Express),05-02-2016,Active
Anna Nagar Depot,J0311,TN01AN0768,Tata,BS-4,MTC,No,Small Bus(Express),18-02-2014,Active
Anna Nagar Depot,K0296,TN01AN4646,Ashok Leyland,BS-6,MTC,No,Ordinary,,Active
Ambattur Depot,L0001,TN01AN6424,Ashok Leyland,BS-6,MTC,No,Ordinary,13-07-2026,Active
Ambattur Depot,L0052,TN01AN6349,Ashok Leyland,BS-6,MTC,No,Ordinary,13-07-2026,Active
Anna Nagar Depot,J0644,TN01AN1245,Tata,BS-4,MTC,No,Small Bus(Express),05-02-2016,Active
Anna Nagar Depot,J0637,TN01AN1303,Tata,BS-4,MTC,No,Small Bus(Express),05-02-2016,Active
Chrompet -II Depot,J0641,TN01AN1246,Tata,BS-4,MTC,No,Small Bus(Express),05-02-2016,Active
Poonamallee Depot EV,K5489,TN01BW2687,Switch,EV,OHM,Yes,AC(EV),,Active
Alandur Depot EV,L1060,TN01BY1073,Switch,EV,OHM,Yes,AC(EV),06-08-2026,Active
Alandur Depot EV,L1041,TN01BY1076,Switch,EV,OHM,Yes,AC(EV),06-08-2026,Active
Poonamallee Depot EV,K5474,TN01BW2694,Switch,EV,OHM,Yes,AC(EV),,Active
Alandur Depot EV,L1059,TN01BY1039,Switch,EV,OHM,Yes,AC(EV),06-08-2026,Active
Ambattur Depot,L0096,TN01AN6301,Ashok Leyland,BS-6,MTC,No,Ordinary,02-07-2026,Active
Ambattur Depot,L0041,TN01AN6265,Ashok Leyland,BS-6,MTC,No,Ordinary,02-07-2026,Active
Poonamallee Depot EV,K5469,TN01BW2658,Switch,EV,OHM,Yes,AC(EV),,Active
Ambattur Depot,L0034,TN01AN6304,Ashok Leyland,BS-6,MTC,No,Ordinary,24-06-2026,Active
Perumbakkam Depot EV,K5457,TN01BV7533,Switch,EV,OHM,Yes,AC(EV),,Active
Poonamallee Depot EV,K5475,TN01BW2643,Switch,EV,OHM,Yes,AC(EV),,Active
Central-2 Depot EV,L1125,TN01BY2229,Switch,EV,OHM,Yes,AC(EV),24-08-2026,Active
Central-2 Depot EV,L1127,TN01BY2278,Switch,EV,OHM,Yes,AC(EV),24-08-2026,Active
Central-2 Depot EV,L1120,TN01BY2264,Switch,EV,OHM,Yes,AC(EV),24-08-2026,Active
Central-2 Depot EV,L1131,TN01BY2272,Switch,EV,OHM,Yes,AC(EV),24-08-2026,Active
Central-2 Depot EV,L1121,TN01BY2236,Switch,EV,OHM,Yes,AC(EV),24-08-2026,Active
Central-2 Depot EV,L1130,TN01BY2279,Switch,EV,OHM,Yes,AC(EV),24-08-2026,Active
Central-2 Depot EV,L1129,TN01BY2261,Switch,EV,OHM,Yes,AC(EV),24-08-2026,Active
Central-2 Depot EV,L1126,TN01BY2226,Switch,EV,OHM,Yes,AC(EV),24-08-2026,Active
Central-2 Depot EV,L1122,TN01BY2210,Switch,EV,OHM,Yes,AC(EV),24-08-2026,Active
Central-2 Depot EV,L1128,TN01BY2297,Switch,EV,OHM,Yes,AC(EV),24-08-2026,Active
Ambattur Depot,L0105,TN01AN6388,Ashok Leyland,BS-6,MTC,No,Ordinary,02-07-2026,Active
Madhavaram Depot,J1015,TN01AN2531,Ashok Leyland,BS-4,MTC,No,Ordinary,24-06-2019,Active
Central-2 Depot EV,L1108,TN01BY2094,Switch,EV,OHM,Yes,AC(EV),22-08-2026,Active
Alandur Depot EV,L1077,TN01BY1908,Switch,EV,OHM,Yes,AC(EV),22-08-2026,Active
Alandur Depot EV,L1076,TN01BY1929,Switch,EV,OHM,Yes,AC(EV),22-08-2026,Active
Alandur Depot EV,L1075,TN01BY1980,Switch,EV,OHM,Yes,AC(EV),22-08-2026,Active
Central-2 Depot EV,L1119,TN01BY2014,Switch,EV,OHM,Yes,AC(EV),22-08-2026,Active
Central-2 Depot EV,L1111,TN01BY2085,Switch,EV,OHM,Yes,AC(EV),22-08-2026,Active
Central-2 Depot EV,L1104,TN01BY1957,Switch,EV,OHM,Yes,AC(EV),22-08-2026,Active
Alandur Depot EV,L1073,TN01BY2093,Switch,EV,OHM,Yes,AC(EV),22-08-2026,Active
Alandur Depot EV,L1097,TN01BY1982,Switch,EV,OHM,Yes,AC(EV),22-08-2026,Active
Alandur Depot EV,L1096,TN01BY2013,Switch,EV,OHM,Yes,AC(EV),22-08-2026,Active
Alandur Depot EV,L1100,TN01BY2037,Switch,EV,OHM,Yes,AC(EV),22-08-2026,Active
Alandur Depot EV,L1095,TN01BY1944,Switch,EV,OHM,Yes,AC(EV),22-08-2026,Active
Alandur Depot EV,L1094,TN01BY2059,Switch,EV,OHM,Yes,AC(EV),22-08-2026,Active
Central-2 Depot EV,L1107,TN01BY2074,Switch,EV,OHM,Yes,AC(EV),22-08-2026,Active
Alandur Depot EV,L1093,TN01BY2092,Switch,EV,OHM,Yes,AC(EV),22-08-2026,Active
Alandur Depot EV,L1092,TN01BY1940,Switch,EV,OHM,Yes,AC(EV),22-08-2026,Active
Alandur Depot EV,L1091,TN01BY2095,Switch,EV,OHM,Yes,AC(EV),22-08-2026,Active
Alandur Depot EV,L1090,TN01BY2067,Switch,EV,OHM,Yes,AC(EV),22-08-2026,Active
Alandur Depot EV,L1089,TN01BY1981,Switch,EV,OHM,Yes,AC(EV),22-08-2026,Active
Central-2 Depot EV,L1106,TN01BY2075,Switch,EV,OHM,Yes,AC(EV),22-08-2026,Active
Central-2 Depot EV,L1114,TN01BY2040,Switch,EV,OHM,Yes,AC(EV),22-08-2026,Active
Central-2 Depot EV,L1115,TN01BY2016,Switch,EV,OHM,Yes,AC(EV),22-08-2026,Active
Central-2 Depot EV,L1105,TN01BY1905,Switch,EV,OHM,Yes,AC(EV),22-08-2026,Active
Alandur Depot EV,L1088,TN01BY1959,Switch,EV,OHM,Yes,AC(EV),22-08-2026,Active
Alandur Depot EV,L1087,TN01BY2061,Switch,EV,OHM,Yes,AC(EV),22-08-2026,Active
Alandur Depot EV,L1086,TN01BY1932,Switch,EV,OHM,Yes,AC(EV),22-08-2026,Active
Central-2 Depot EV,L1116,TN01BY2054,Switch,EV,OHM,Yes,AC(EV),22-08-2026,Active
Alandur Depot EV,L1085,TN01BY2057,Switch,EV,OHM,Yes,AC(EV),22-08-2026,Active
Alandur Depot EV,L1084,TN01BY1903,Switch,EV,OHM,Yes,AC(EV),22-08-2026,Active
Alandur Depot EV,L1083,TN01BY1976,Switch,EV,OHM,Yes,AC(EV),22-08-2026,Active
Alandur Depot EV,L1082,TN01BY2076,Switch,EV,OHM,Yes,AC(EV),22-08-2026,Active
Alandur Depot EV,L1081,TN01BY1901,Switch,EV,OHM,Yes,AC(EV),22-08-2026,Active
Alandur Depot EV,L1080,TN01BY1924,Switch,EV,OHM,Yes,AC(EV),22-08-2026,Active
Central-2 Depot EV,L1117,TN01BY1913,Switch,EV,OHM,Yes,AC(EV),22-08-2026,Active
Alandur Depot EV,L1079,TN01BY2071,Switch,EV,OHM,Yes,AC(EV),22-08-2026,Active
Central-2 Depot EV,L1118,TN01BY2053,Switch,EV,OHM,Yes,AC(EV),22-08-2026,Active
Alandur Depot EV,L1078,TN01BY1941,Switch,EV,OHM,Yes,AC(EV),22-08-2026,Active
Central-2 Depot EV,L1113,TN01BY2097,Switch,EV,OHM,Yes,AC(EV),22-08-2026,Active
Central-2 Depot EV,L1101,TN01BY1937,Switch,EV,OHM,Yes,AC(EV),22-08-2026,Active
Central-2 Depot EV,L1102,TN01BY2018,Switch,EV,OHM,Yes,AC(EV),22-08-2026,Active
Alandur Depot EV,L1074,TN01BY1931,Switch,EV,OHM,Yes,AC(EV),22-08-2026,Active
Central-2 Depot EV,L1109,TN01BY2010,Switch,EV,OHM,Yes,AC(EV),22-08-2026,Active
Central-2 Depot EV,L1112,TN01BY2034,Switch,EV,OHM,Yes,AC(EV),22-08-2026,Active
Central-2 Depot EV,L1110,TN01BY2065,Switch,EV,OHM,Yes,AC(EV),22-08-2026,Active
Central-2 Depot EV,L1103,TN01BY1927,Switch,EV,OHM,Yes,AC(EV),22-08-2026,Active
Alandur Depot EV,L1072,TN01BY1948,Switch,EV,OHM,Yes,AC(EV),22-08-2026,Active
Alandur Depot EV,L1099,TN01BY2062,Switch,EV,OHM,Yes,AC(EV),22-08-2026,Active
Alandur Depot EV,L1098,TN01BY1921,Switch,EV,OHM,Yes,AC(EV),22-08-2026,Active
Perambur Depot,J0096,TN01AN0223,Ashok Leyland,BS-4,MTC,No,Ordinary,17-06-2012,Inactive
Ambattur Depot,L0097,TN01AN6306,Ashok Leyland,BS-6,MTC,No,Ordinary,02-07-2026,Active
Ambattur Depot,L0062,TN01AN6420,Ashok Leyland,BS-6,MTC,No,Ordinary,13-07-2026,Active
Ambattur Depot,L0110,TN01AN6295,Ashok Leyland,BS-4,MTC,No,Ordinary,25-06-2026,Active
Poonamallee Depot EV,K5463,TN01BW2673,Switch,EV,OHM,Yes,AC(EV),,Active
Ambattur Depot,L0102,TN01AN6313,Ashok Leyland,BS-4,MTC,No,Ordinary,01-05-2016,Active
Anna Nagar Depot,J0654,TN01AN1327,Tata,BS-4,MTC,No,Small Bus(Express),07-02-2016,Active
Anna Nagar Depot,J0682,TN01AN1347,Tata,BS-4,MTC,No,Small Bus(Express),29-02-2016,Active
Central-2 Depot EV,L1006,TN01BX7452,Switch,EV,OHM,Yes,AC(EV),18-06-2026,Active
Ambattur Depot,L0068,TN01AN6328,Ashok Leyland,BS-4,MTC,No,Ordinary,25-06-2026,Active
Z Dummy Depot,TEST,TestTN01BX7452,Switch,EV,MTC - Dummy,No,AC(EV),13-05-2026,Inactive
Alandur Depot EV,L1045,TN01BY1082,Switch,EV,OHM,Yes,AC(EV),06-08-2026,Active
Alandur Depot EV,L1071,TN01BY1080,Switch,EV,OHM,Yes,AC(EV),06-08-2026,Active
Alandur Depot EV,L1070,TN01BY1062,Switch,EV,OHM,Yes,AC(EV),06-08-2026,Active
Alandur Depot EV,L1069,TN01BY1031,Switch,EV,OHM,Yes,AC(EV),06-08-2026,Active
Alandur Depot EV,L1068,TN01BY1095,Switch,EV,OHM,Yes,AC(EV),06-08-2026,Active
Alandur Depot EV,L1067,TN01BY1093,Switch,EV,OHM,Yes,AC(EV),06-08-2026,Active
Alandur Depot EV,L1066,TN01BY1071,Switch,EV,OHM,Yes,AC(EV),06-08-2026,Active
Alandur Depot EV,L1065,TN01BY1035,Switch,EV,OHM,Yes,AC(EV),06-08-2026,Active
Alandur Depot EV,L1064,TN01BY1053,Switch,EV,OHM,Yes,AC(EV),06-08-2026,Active
Alandur Depot EV,L1063,TN01BY1017,Switch,EV,OHM,Yes,AC(EV),06-08-2026,Active
Alandur Depot EV,L1062,TN01BY1037,Switch,EV,OHM,Yes,AC(EV),06-08-2026,Active
Alandur Depot EV,L1061,TN01BY1012,Switch,EV,OHM,Yes,AC(EV),06-08-2026,Active
Central-2 Depot EV,L1001,TN01BX7412,Switch,EV,OHM,Yes,AC(EV),18-06-2026,Active
Central-2 Depot EV,L1002,TN01BX7453,Switch,EV,OHM,Yes,AC(EV),18-06-2026,Active
Central-2 Depot EV,L1003,TN01BX7479,Switch,EV,OHM,Yes,AC(EV),18-06-2026,Active
Central-2 Depot EV,L1004,TN01BX7490,Switch,EV,OHM,Yes,AC(EV),18-06-2026,Active
Central-2 Depot EV,L1005,TN01BX7407,Switch,EV,OHM,Yes,AC(EV),18-06-2026,Active
Central-2 Depot EV,L1007,TN01BX7480,Switch,EV,OHM,Yes,AC(EV),18-06-2026,Active
Central-2 Depot EV,L1008,TN01BX7468,Switch,EV,OHM,Yes,AC(EV),18-06-2026,Active
Central-2 Depot EV,L1009,TN01BX7418,Switch,EV,OHM,Yes,AC(EV),18-06-2026,Active
Central-2 Depot EV,L1010,TN01BX7425,Switch,EV,OHM,Yes,AC(EV),18-06-2026,Active
Central-2 Depot EV,L1011,TN01BX7463,Switch,EV,OHM,Yes,AC(EV),18-06-2026,Active
Central-2 Depot EV,L1012,TN01BX7445,Switch,EV,OHM,Yes,AC(EV),18-06-2026,Active
Central-2 Depot EV,L1013,TN01BX7476,Switch,EV,OHM,Yes,AC(EV),18-06-2026,Active
Central-2 Depot EV,L1014,TN01BX7449,Switch,EV,OHM,Yes,AC(EV),18-06-2026,Active
Central-2 Depot EV,L1015,TN01BX7414,Switch,EV,OHM,Yes,AC(EV),18-06-2026,Active
Central-2 Depot EV,L1016,TN01BX7462,Switch,EV,OHM,Yes,AC(EV),18-06-2026,Active
Central-2 Depot EV,L1017,TN01BX7485,Switch,EV,OHM,Yes,AC(EV),18-06-2026,Active
Central-2 Depot EV,L1018,TN01BX7419,Switch,EV,OHM,Yes,AC(EV),18-06-2026,Active
Central-2 Depot EV,L1019,TN01BX7492,Switch,EV,OHM,Yes,AC(EV),18-06-2026,Active
Central-2 Depot EV,L1020,TN01BX7446,Switch,EV,OHM,Yes,AC(EV),18-06-2026,Active
Alandur Depot EV,L1021,TN01BX7436,Switch,EV,OHM,Yes,AC(EV),18-06-2026,Active
Alandur Depot EV,L1022,TN01BX7440,Switch,EV,OHM,Yes,AC(EV),18-06-2026,Active
Alandur Depot EV,L1023,TN01BX7498,Switch,EV,OHM,Yes,AC(EV),18-06-2026,Active
Alandur Depot EV,L1024,TN01BX7471,Switch,EV,OHM,Yes,AC(EV),18-06-2026,Active
Alandur Depot EV,L1025,TN01BX7484,Switch,EV,OHM,Yes,AC(EV),18-06-2026,Active
Alandur Depot EV,L1026,TN01BX7495,Switch,EV,OHM,Yes,AC(EV),18-06-2026,Active
Alandur Depot EV,L1027,TN01BX7416,Switch,EV,OHM,Yes,AC(EV),18-06-2026,Active
Alandur Depot EV,L1028,TN01BX7477,Switch,EV,OHM,Yes,AC(EV),18-06-2026,Active
Alandur Depot EV,L1029,TN01BX7456,Switch,EV,OHM,Yes,AC(EV),18-06-2026,Active
Alandur Depot EV,L1058,TN01BY1021,Switch,EV,OHM,Yes,AC(EV),06-08-2026,Active
Alandur Depot EV,L1057,TN01BY1068,Switch,EV,OHM,Yes,AC(EV),06-08-2026,Active
Alandur Depot EV,L1056,TN01BY1013,Switch,EV,OHM,Yes,AC(EV),06-08-2026,Active
Alandur Depot EV,L1030,TN01BX7466,Switch,EV,OHM,Yes,AC(EV),18-06-2026,Active
Alandur Depot EV,L1031,TN01BY1090,Switch,EV,OHM,Yes,AC(EV),06-08-2026,Active
Alandur Depot EV,L1032,TN01BY1018,Switch,EV,OHM,Yes,AC(EV),06-08-2026,Active
Alandur Depot EV,L1033,TN01BY1022,Switch,EV,OHM,Yes,AC(EV),06-08-2026,Active
Alandur Depot EV,L1034,TN01BY1065,Switch,EV,OHM,Yes,AC(EV),06-08-2026,Active
Alandur Depot EV,L1055,TN01BY1033,Switch,EV,OHM,Yes,AC(EV),06-08-2026,Active
Alandur Depot EV,L1054,TN01BY1089,Switch,EV,OHM,Yes,AC(EV),06-08-2026,Active
Alandur Depot EV,L1053,TN01BY1081,Switch,EV,OHM,Yes,AC(EV),06-08-2026,Active
Alandur Depot EV,L1035,TN01BY1054,Switch,EV,OHM,Yes,AC(EV),06-08-2026,Active
Alandur Depot EV,L1052,TN01BY1028,Switch,EV,OHM,Yes,AC(EV),06-08-2026,Active
Alandur Depot EV,L1036,TN01BY1003,Switch,EV,OHM,Yes,AC(EV),06-08-2026,Active
Alandur Depot EV,L1051,TN01BY1049,Switch,EV,OHM,Yes,AC(EV),06-08-2026,Active
Alandur Depot EV,L1037,TN01BY1019,Switch,EV,OHM,Yes,AC(EV),06-08-2026,Active
Alandur Depot EV,L1038,TN01BY1051,Switch,EV,OHM,Yes,AC(EV),06-08-2026,Active
Alandur Depot EV,L1039,TN01BY1072,Switch,EV,OHM,Yes,AC(EV),06-08-2026,Active
Alandur Depot EV,L1040,TN01BY1085,Switch,EV,OHM,Yes,AC(EV),06-08-2026,Active
Alandur Depot EV,L1042,TN01BY1030,Switch,EV,OHM,Yes,AC(EV),06-08-2026,Active
Alandur Depot EV,L1050,TN01BY1040,Switch,EV,OHM,Yes,AC(EV),06-08-2026,Active
Alandur Depot EV,L1049,TN01BY1056,Switch,EV,OHM,Yes,AC(EV),06-08-2026,Active
Alandur Depot EV,L1048,TN01BY1066,Switch,EV,OHM,Yes,AC(EV),06-08-2026,Active
Alandur Depot EV,L1043,TN01BY1057,Switch,EV,OHM,Yes,AC(EV),06-08-2026,Active
Alandur Depot EV,L1047,TN01BY1078,Switch,EV,OHM,Yes,AC(EV),06-08-2026,Active
Alandur Depot EV,L1046,TN01BY1015,Switch,EV,OHM,Yes,AC(EV),06-08-2026,Active
Alandur Depot EV,L1044,TN01BY1036,Switch,EV,OHM,Yes,AC(EV),06-08-2026,Active
Anna Nagar Depot,J1725,TN01AN3417,Ashok Leyland,BS-4,MTC,No,Deluxe,12-01-2020,Active
Ambattur Depot,L0093,TN01AN6233,Ashok Leyland,BS-4,MTC,No,Ordinary,25-06-2026,Active
Poonamallee Depot EV,K5477,TN01BW2700,Switch,EV,OHM,Yes,AC(EV),,Active
Poonamallee Depot EV,K5493,TN01BW2630,Switch,EV,OHM,Yes,AC(EV),,Active
Poonamallee Depot EV,K5466,TN01BW2622,Switch,EV,OHM,Yes,AC(EV),,Active
Vysarpadi Depot EV,K5041,TN01BV4393,Switch,EV,OHM,No,Deluxe(EV),10-06-2025,Active
Ennore Depot,J1019,TN01AN2566,Ashok Leyland,BS-4,MTC,No,Ordinary,24-06-2019,Active
Basin Bridge Depot,J1855,TN01AN3574,Ashok Leyland,BS-4,MTC,No,Deluxe,01-03-2020,Active
Iyyapanthangal Depot,J0197,TN01AN0486,Ashok Leyland,BS-4,MTC - Dummy,No,Ordinary,04-09-2012,Active
Ennore Depot,ZZZ01,EN00RE0123,Ashok Leyland,BS-3,MTC - Dummy,No,Ordinary,,Active
Anna Nagar Depot,J0674,TN01AN1356,Tata,BS-4,MTC,No,Small Bus(Express),29-02-2016,Active
Ambattur Depot,L0049,TN01AN6255,Ashok Leyland,BS-4,MTC,No,Ordinary,01-05-2016,Active
Ennore Depot,K1112,TN01AN5609,Ashok Leyland,BS-6,MTC,No,Ordinary,,Active
Tondiarpet-2 Depot,K1107,TN01AN5601,Ashok Leyland,BS-6,MTC,No,Ordinary,,Active
Tondiarpet-2 Depot,K1111,TN01AN5617,Ashok Leyland,BS-6,MTC,No,Ordinary,,Active
Avadi Depot,K1117,TN01AN5598,Ashok Leyland,BS-6,MTC,No,Ordinary,,Active
Tambaram Depot,J9999,TN01TA6666,Ashok Leyland,BS-3,MTC - Dummy,No,Deluxe,25-03-2026,Active
Poonamallee Depot EV,K5492,TN01BW2650,Switch,EV,OHM,Yes,AC(EV),,Active
Poonamallee Depot EV,K5480,TN01BW2669,Switch,EV,OHM,Yes,AC(EV),,Active
Anna Nagar Depot,J0600,TN01AN1287,Tata,BS-4,MTC,No,Small Bus(Express),05-02-2016,Active
Anna Nagar Depot,J0287,TN01AN0707,Tata,BS-4,MTC,No,Small Bus(Express),21-10-2013,Active
Ambattur Depot,563215623,TN01AN5252,Ashok Leyland,BS-4,MTC - Dummy,Yes,Ordinary,06-07-2026,Active
Ayanavaram Depot,J1050,TN01AN1956,Ashok Leyland,BS-4,MTC,No,Small Bus(Express),03-03-2019,Inactive
Z Dummy Depot,I2958,TN01N9154,Ashok Leyland,BS-3,MTC - Dummy,No,Ordinary,22-03-2010,Inactive
Ennore Depot,J0173,TN01AN0487,Ashok Leyland,BS-4,MTC,No,Ordinary,04-09-2012,Inactive
Ayanavaram Depot,J0212,TN01AN0553,Ashok Leyland,BS-4,MTC,No,Ordinary,21-11-2012,Inactive
Vadapalani Depot,J0213,TN01AN0556,Ashok Leyland,BS-4,MTC,No,Ordinary,21-11-2012,Inactive
Ambattur Depot,L0084,TN01AN6309,Ashok Leyland,BS-4,MTC,No,Ordinary,25-06-2026,Active
Poonamallee Depot EV,K5503,TN01BW2783,Switch,EV,OHM,Yes,AC(EV),,Active
Ayanavaram Depot,J0202,TN01AN0564,Ashok Leyland,BS-4,MTC,No,Ordinary,21-11-2012,Inactive
Iyyapanthangal Depot,J0175,TN01AN0505,Ashok Leyland,BS-4,MTC,No,Ordinary,04-09-2012,Inactive
Anna Nagar Depot,J0171,TN01AN0516,Ashok Leyland,BS-4,MTC,No,Ordinary,04-09-2012,Inactive
Z Dummy Depot,ZV5760,TN01ZV2014,Ashok Leyland,BS-6,MTC - Dummy,No,Ordinary,06-05-2019,Active
Z Dummy Depot,J0101,TN01AN0207,Ashok Leyland,BS-4,MTC,No,Ordinary,17-06-2012,Active
Vadapalani Depot,J1472,TN01AN2673,Ashok Leyland,BS-4,MTC,No,Ordinary,27-06-2019,Active
Vadapalani Depot,J1457,TN01AN2697,Ashok Leyland,BS-4,MTC,No,Ordinary,27-06-2019,Active
Tondiarpet-2 Depot,J0868,TN01AN1654,Ashok Leyland,BS-4,MTC,No,Ordinary,07-09-2016,Active
Saidapet Depot,J1340,TN01AN2603,Ashok Leyland,BS-4,MTC,No,Ordinary,24-06-2019,Active
Saidapet Depot,J1311,TN01AN2589,Ashok Leyland,BS-4,MTC,No,Ordinary,24-06-2019,Active
K.K. Nagar Depot,J1626,TN01AN3078,Tata,BS-4,MTC,No,Deluxe,24-09-2019,Active
Iyyapanthangal Depot,J1214,TN01AN2068,Ashok Leyland,BS-4,MTC,No,Ordinary,01-05-2019,Active
Ayanavaram Depot,J2044,TN01AN4020,Ashok Leyland,BS-4,MTC,No,Deluxe,22-03-2020,Active
Ayanavaram Depot,J0814,TN01AN1563,Ashok Leyland,BS-4,MTC,No,Ordinary,16-05-2016,Active
Avadi Depot,J1009,TN01AN2212,Ashok Leyland,BS-4,MTC,No,Ordinary,02-05-2019,Active
Avadi Depot,J0966,TN01AN1906,Ashok Leyland,BS-4,MTC,No,Ordinary,12-02-2019,Active
Anna Nagar Depot,J0677,TN01AN1344,Tata,BS-4,MTC,No,Small Bus(Express),29-02-2016,Active
Anna Nagar Depot,J0675,TN01AN1346,Tata,BS-4,MTC,No,Small Bus(Express),29-02-2016,Active
Anna Nagar Depot,J0614,TN01AN1271,Tata,BS-4,MTC,No,Small Bus(Express),05-02-2016,Active
Anna Nagar Depot,J0262,TN01AN0694,Tata,BS-4,MTC,No,Small Bus(Express),21-10-2013,Active
Ambattur Depot,L0094,TN01AN6348,Ashok Leyland,BS-6,MTC,No,Ordinary,13-07-2026,Active
Ambattur Depot,L0078,TN01AN6239,Ashok Leyland,BS-6,MTC,No,Ordinary,02-07-2026,Active
Ambattur Depot,L0014,TN01AN6385,Ashok Leyland,BS-6,MTC,No,Ordinary,07-07-2026,Active
Ambattur Depot,K1532,TN01AN6214,Ashok Leyland,BS-6,MTC,No,Ordinary,26-03-2026,Active
Ambattur Depot,K1527,TN01AN6230,Ashok Leyland,BS-6,MTC,No,Ordinary,26-03-2026,Active
Ambattur Depot,K1535,TN01AN6193,Ashok Leyland,BS-6,MTC,No,Ordinary,30-03-2026,Active
Z Dummy Depot,J0214,TN01AN0571,Ashok Leyland,BS-4,MTC,No,Ordinary,21-11-2012,Inactive
Z Dummy Depot,J0169,TN01AN0514,Ashok Leyland,BS-4,MTC,No,Ordinary,04-09-2012,Inactive
Ennore Depot,J1021,TN01AN2561,Ashok Leyland,BS-4,MTC,No,Ordinary,24-06-2019,Active
Tondiarpet-2 Depot,J1016,TN01AN2629,Ashok Leyland,BS-4,MTC,No,Ordinary,24-06-2019,Active
Madhavaram Depot,J0878,TN01AN1642,Ashok Leyland,BS-4,MTC,No,Ordinary,07-09-2016,Active
Ambattur Depot,J1164,TN01AN2194,Ashok Leyland,BS-4,MTC,No,Deluxe,02-05-2019,Active
Ennore Depot,J1018,TN01AN2607,Ashok Leyland,BS-4,MTC,No,Ordinary,24-06-2019,Active
Saidapet Depot,J1253,TN01AN2250,Ashok Leyland,BS-4,MTC,No,Ordinary,13-05-2019,Active
Iyyapanthangal Depot,J1235,TN01AN2244,Ashok Leyland,BS-4,MTC,No,Ordinary,06-05-2019,Active
Madhavaram Depot,J0873,TN01AN1597,Ashok Leyland,BS-4,MTC,No,Ordinary,07-09-2016,Active
Tambaram Depot,K0013,TN01AN4090,Ashok Leyland,BS-6,MTC,No,Ordinary,,Active
Ayanavaram Depot,J1145,TN01AN2055,Ashok Leyland,BS-4,MTC,No,Ordinary,22-04-2019,Active
Avadi Depot,J0816,TN01AN1541,Ashok Leyland,BS-4,MTC,No,Ordinary,16-05-2016,Active
Tondiarpet-2 Depot,J1017,TN01AN2598,Ashok Leyland,BS-4,MTC,No,Ordinary,24-06-2019,Active
Tondiarpet-2 Depot,J0870,TN01AN1598,Ashok Leyland,BS-4,MTC,No,Ordinary,07-09-2016,Active
Perambur Depot,J0787,TN01AN1532,Ashok Leyland,BS-4,MTC,No,Ordinary,08-05-2016,Active
Z Dummy Depot,J0018,TN01N9806,Ashok Leyland,BS-4,MTC,No,Ordinary,19-09-2011,Inactive
Z Dummy Depot,J0087,TN01N9954,Ashok Leyland,BS-4,MTC - Dummy,No,Ordinary,29-03-2012,Inactive
Iyyapanthangal Depot,J0165,TN01AN0496,Ashok Leyland,BS-4,MTC,No,Ordinary,04-09-2012,Inactive
Saidapet Depot,J0161,TN01AN0509,Ashok Leyland,BS-4,MTC,No,Ordinary,04-09-2012,Inactive
Avadi Depot,J0210,TN01AN0570,Ashok Leyland,BS-4,MTC,No,Ordinary,21-11-2012,Inactive
Madhavaram Depot,J0209,TN01AN0528,Ashok Leyland,BS-4,MTC,No,Ordinary,10-09-2012,Inactive
Tondiarpet-2 Depot,J0200,TN01AN0477,Ashok Leyland,BS-4,MTC,No,Ordinary,04-09-2012,Inactive
Iyyapanthangal Depot,J0196,TN01AN0532,Ashok Leyland,BS-4,MTC,No,Ordinary,10-09-2012,Inactive
Madhavaram Depot,J0189,TN01AN0504,Ashok Leyland,BS-4,MTC,No,Ordinary,04-09-2012,Inactive
Tondiarpet-2 Depot,J0186,TN01AN0531,Ashok Leyland,BS-4,MTC,No,Ordinary,10-09-2012,Inactive
Tondiarpet-2 Depot,J0167,TN01AN0510,Ashok Leyland,BS-4,MTC,No,Ordinary,04-09-2012,Inactive
Saidapet Depot,J0155,TN01AN0209,Ashok Leyland,BS-4,MTC,No,Ordinary,17-06-2012,Inactive
Saidapet Depot,J0152,TN01AN0190,Ashok Leyland,BS-4,MTC,No,Ordinary,17-06-2012,Inactive
Avadi Depot,J0136,TN01AN0229,Ashok Leyland,BS-4,MTC,No,Ordinary,17-06-2012,Inactive
Tondiarpet-2 Depot,J0094,TN01AN0231,Ashok Leyland,BS-4,MTC,No,Ordinary,17-06-2012,Inactive
Vadapalani Depot,J0080,TN01N9951,Ashok Leyland,BS-4,MTC,No,Ordinary,29-03-2012,Inactive
Perambur Depot,J0211,TN01AN0558,Ashok Leyland,BS-4,MTC,No,Ordinary,21-11-2012,Inactive
Perambur Depot,J0190,TN01AN0569,Ashok Leyland,BS-4,MTC,No,Ordinary,21-11-2012,Inactive
Basin Bridge Depot,J0187,TN01AN0518,Ashok Leyland,BS-4,MTC,No,Ordinary,04-09-2012,Inactive
Iyyapanthangal Depot,J0180,TN01AN0480,Ashok Leyland,BS-4,MTC,No,Ordinary,04-09-2012,Inactive
Avadi Depot,J0162,TN01AN0264,Ashok Leyland,BS-4,MTC,No,Ordinary,21-06-2012,Inactive
Tambaram Depot,J0121,TN01AN0175,Ashok Leyland,BS-4,MTC,No,Ordinary,17-06-2012,Inactive
Ennore Depot,J0114,TN01AN0180,Ashok Leyland,BS-4,MTC,No,Ordinary,17-06-2012,Inactive
Perambur Depot,J0105,TN01AN0181,Ashok Leyland,BS-4,MTC,No,Ordinary,17-06-2012,Inactive
Poonamallee Depot EV,K5657,TN01BX0716,Switch,EV,OHM,Yes,Premium AC,11-03-2026,Active
Poonamallee Depot EV,K5655,TN01BX0706,Switch,EV,OHM,Yes,Premium AC,11-03-2026,Active
Anna Nagar Depot,K1387,TN01AN5915,Ashok Leyland,BS-6,MTC,No,LF Bus (D),02-01-2026,Active
Ambattur Depot,J1413,TN01AN2563,Ashok Leyland,BS-4,MTC,No,Deluxe,23-06-2019,Active
Avadi Depot,J1378,TN01AN2872,Ashok Leyland,BS-4,MTC,No,Deluxe,11-07-2019,Active
Central Depot EV,I2387,TN01N8444,Ashok Leyland,BS-3,MTC,No,Ordinary,13-11-2009,Inactive
Z Dummy Depot,J0183,TN01AN0501,Ashok Leyland,BS-4,MTC,No,Ordinary,04-09-2012,Active
Ennore Depot,J0232,TN01AN0574,Ashok Leyland,BS-4,MTC,No,Ordinary,21-11-2012,Active
Basin Bridge Depot,K0313,TN01AN4821,Ashok Leyland,BS-6,MTC,No,Ordinary,22-10-2024,Active
Chrompet -I Depot,J1637,TN01AN3308,Ashok Leyland,BS-4,MTC,No,Express,20-10-2019,Active
Ayanavaram Depot,J1112,TN01AN2270,Ashok Leyland,BS-4,MTC,No,Ordinary,09-05-2019,Active
Saidapet Depot,J2073,TN01AN4012,Ashok Leyland,BS-4,MTC,No,Ordinary,22-03-2020,Active
Z Dummy Depot,J0021,TN01N9820,Ashok Leyland,BS-4,MTC - Dummy,No,Ordinary,04-10-2011,Active
Z Dummy Depot,J0149,TN01AN0158,Ashok Leyland,BS-4,MTC - Dummy,No,Ordinary,17-06-2012,Active
Z Dummy Depot,J0252,TN01AN0724,Tata,BS-4,MTC - Dummy,No,Small Bus(Express),21-10-2013,Active
Z Dummy Depot,J0327,TN01AN0801,Tata,BS-4,MTC - Dummy,No,Small Bus(Express),18-02-2014,Active
Z Dummy Depot,J0159,TN01AN0265,Ashok Leyland,BS-4,MTC - Dummy,No,Ordinary,24-06-2012,Active
Ennore Depot,J0239,TN01AN0630,Ashok Leyland,BS-4,MTC - Dummy,No,Ordinary,14-06-2013,Active
Ennore Depot,J0131,TN01AN0213,Ashok Leyland,BS-4,MTC - Dummy,No,Ordinary,17-06-2012,Active
Ennore Depot,J0132,TN01AN0239,Ashok Leyland,BS-4,MTC - Dummy,No,Ordinary,17-06-2012,Active
Ennore Depot,J0115,TN01AN0201,Ashok Leyland,BS-4,MTC - Dummy,No,Ordinary,17-06-2012,Active
Thiruvanmiyur Depot,J0249,TN01AN0613,Ashok Leyland,BS-4,MTC - Dummy,No,Ordinary,14-06-2013,Active
Anna Nagar East Depot,J0127,TN01AN0159,Ashok Leyland,BS-4,MTC - Dummy,No,Ordinary,17-06-2012,Active
Tambaram Depot,J0000,TN01TA0000,Ashok Leyland,BS-3,MTC - Dummy,No,Deluxe,26-03-2026,Active
Tambaram Depot,J2222,TN01TA1111,Ashok Leyland,BS-3,MTC - Dummy,No,Deluxe,26-03-2026,Active
Tambaram Depot,J4444,TN01TA3333,Ashok Leyland,BS-3,MTC - Dummy,No,Deluxe,26-03-2026,Active
Padiyanallur Depot,PL0001,TN01AN9455,Ashok Leyland,BS-4,MTC - Dummy,No,Ordinary,24-06-2012,Active
Avadi Depot,J0163,TN01AN0266,Ashok Leyland,BS-4,MTC - Dummy,No,Ordinary,24-06-2012,Active
Avadi Depot,J0160,TN01AN0517,Ashok Leyland,BS-4,MTC - Dummy,No,Ordinary,04-09-2012,Active
T.Nagar Depot,K0781,TN01AN5215,Ashok Leyland,BS-6,MTC,No,LF Bus (D),21-02-2025,Active
T.Nagar Depot,K0779,TN01AN5148,Ashok Leyland,BS-6,MTC,No,LF Bus (D),02-07-2019,Active
T.Nagar Depot,K0137,TN01AN4194,Ashok Leyland,BS-6,MTC,No,LF Bus (D),02-07-2019,Active
T.Nagar Depot,K0756,TN01AN5098,Ashok Leyland,BS-6,MTC,No,LF Bus (D),02-07-2019,Active
T.Nagar Depot,K0759,TN01AN5059,Ashok Leyland,BS-6,MTC,No,LF Bus (D),02-07-2019,Active
T.Nagar Depot,K0768,TN01AN5179,Ashok Leyland,BS-6,MTC,No,LF Bus (D),02-07-2019,Active
T.Nagar Depot,K0764,TN01AN5081,Ashok Leyland,BS-6,MTC,No,LF Bus (D),02-07-2019,Active
T.Nagar Depot,K0762,TN01AN5082,Ashok Leyland,BS-6,MTC,No,LF Bus (D),02-07-2019,Active
T.Nagar Depot,K0771,TN01AN5140,Ashok Leyland,BS-6,MTC,No,LF Bus (D),02-07-2019,Active
T.Nagar Depot,K1375,TN01AN5769,Ashok Leyland,BS-6,MTC,No,LF Bus (D),18-12-2025,Active
T.Nagar Depot,K0775,TN01AN5195,Ashok Leyland,BS-6,MTC,No,LF Bus (D),02-07-2019,Active
T.Nagar Depot,K0765,TN01AN5158,Ashok Leyland,BS-6,MTC,No,LF Bus (D),02-07-2019,Active
T.Nagar Depot,K0760,TN01AN5068,Ashok Leyland,BS-6,MTC,No,LF Bus (D),02-07-2019,Active
T.Nagar Depot,K0780,TN01AN5133,Ashok Leyland,BS-6,MTC,No,LF Bus (D),02-07-2019,Active
T.Nagar Depot,K0439,TN01AN4795,Ashok Leyland,BS-6,MTC,No,LF Bus (D),07-09-2016,Active
T.Nagar Depot,K0770,TN01AN5218,Ashok Leyland,BS-6,MTC,No,LF Bus (D),02-07-2019,Active
T.Nagar Depot,K0772,TN01AN5207,Ashok Leyland,BS-6,MTC,No,LF Bus (D),02-07-2019,Active
T.Nagar Depot,K0761,TN01AN5054,Ashok Leyland,BS-6,MTC,No,LF Bus (D),02-07-2019,Active
T.Nagar Depot,K0777,TN01AN5137,Ashok Leyland,BS-6,MTC,No,LF Bus (D),02-07-2019,Active
T.Nagar Depot,K0776,TN01AN5199,Ashok Leyland,BS-6,MTC,No,LF Bus (D),02-07-2019,Active
T.Nagar Depot,K0437,TN01AN4856,Ashok Leyland,BS-6,MTC,No,LF Bus (D),02-07-2019,Active
T.Nagar Depot,K0767,TN01AN5208,Ashok Leyland,BS-6,MTC,No,LF Bus (D),02-07-2019,Active
T.Nagar Depot,K0769,TN01AN5134,Ashok Leyland,BS-6,MTC,No,LF Bus (D),02-07-2019,Active
T.Nagar Depot,K0758,TN01AN5103,Ashok Leyland,BS-6,MTC,No,LF Bus (D),02-07-2019,Active
T.Nagar Depot,K0818,TN01AN5299,Ashok Leyland,BS-6,MTC,No,LF Bus (D),17-07-2025,Active
T.Nagar Depot,K0774,TN01AN5202,Ashok Leyland,BS-6,MTC,No,LF Bus (D),02-07-2019,Active
T.Nagar Depot,K0778,TN01AN5222,Ashok Leyland,BS-6,MTC,No,LF Bus (D),02-07-2019,Active
T.Nagar Depot,K0763,TN01AN5128,Ashok Leyland,BS-6,MTC,No,LF Bus (D),02-07-2019,Active
T.Nagar Depot,K0634,TN01AN4803,Ashok Leyland,BS-6,MTC,No,LF Bus (D),02-07-2019,Active
T.Nagar Depot,K0757,TN01AN5125,Ashok Leyland,BS-6,MTC,No,LF Bus (D),02-07-2019,Active
T.Nagar Depot,K0687,TN01AN4916,Ashok Leyland,BS-6,MTC,No,LF Bus (D),20-10-2019,Active
K.K. Nagar Depot,J1631,TN01AN3067,Tata,BS-4,MTC,No,Ordinary,24-09-2019,Active
Poonamallee Depot,J1688,TN01AN3305,Tata,BS-4,MTC,No,Ordinary,31-10-2019,Active
K.K. Nagar Depot,J1704,TN01AN3340,Tata,BS-4,MTC,No,Ordinary,09-12-2019,Active
K.K. Nagar Depot,J1632,TN01AN3065,Tata,BS-4,MTC,No,Ordinary,24-09-2019,Active
Mandaveli Depot,J1614,TN01AN3073,Tata,BS-4,MTC,No,Ordinary,24-09-2019,Active
T.Nagar Depot,J1636,TN01AN3101,Tata,BS-4,MTC,No,Ordinary,24-09-2019,Active
Adambakkam Depot,J1700,TN01AN3414,Tata,BS-4,MTC,No,Ordinary,08-12-2019,Active
T.Nagar Depot,J1633,TN01AN3060,Tata,BS-4,MTC,No,Ordinary,24-09-2019,Active
Vadapalani Depot,J1296,TN01AN2508,Ashok Leyland,BS-4,MTC,No,Ordinary,19-06-2019,Active
Vadapalani Depot,J1435,TN01AN2718,Ashok Leyland,BS-4,MTC,No,Ordinary,25-06-2019,Active
Vadapalani Depot,J1136,TN01AN2128,Ashok Leyland,BS-4,MTC,No,Ordinary,22-04-2019,Active
Vadapalani Depot,J1480,TN01AN2741,Ashok Leyland,BS-4,MTC,No,Ordinary,02-07-2019,Active
Tondiarpet-2 Depot,J1552,TN01AN3020,Ashok Leyland,BS-4,MTC,No,Ordinary,07-08-2019,Active
Vadapalani Depot,J1110,TN01AN2277,Ashok Leyland,BS-4,MTC,No,Ordinary,09-05-2019,Active
Vadapalani Depot,J1126,TN01AN2350,Ashok Leyland,BS-4,MTC,No,Ordinary,20-05-2019,Active
Vadapalani Depot,J1213,TN01AN2216,Ashok Leyland,BS-4,MTC,No,Ordinary,01-05-2019,Active
Vadapalani Depot,J1283,TN01AN2550,Ashok Leyland,BS-4,MTC,No,Ordinary,23-06-2019,Active
Vadapalani Depot,J1308,TN01AN2570,Ashok Leyland,BS-4,MTC,No,Ordinary,24-06-2019,Active
Vadapalani Depot,J1322,TN01AN2680,Ashok Leyland,BS-4,MTC,No,Ordinary,25-06-2019,Active
Tondiarpet-2 Depot,J1482,TN01AN2738,Ashok Leyland,BS-4,MTC,No,Ordinary,02-07-2019,Active
Tondiarpet-2 Depot,J0984,TN01AN2116,Ashok Leyland,BS-4,MTC,No,Ordinary,01-05-2019,Active
Tondiarpet-2 Depot,J0954,TN01AN1843,Ashok Leyland,BS-4,MTC,No,Ordinary,03-01-2019,Active
Vadapalani Depot,J1470,TN01AN2719,Ashok Leyland,BS-4,MTC,No,Ordinary,27-06-2019,Active
Vadapalani Depot,J1477,TN01AN2661,Ashok Leyland,BS-4,MTC,No,Ordinary,27-06-2019,Active
Vadapalani Depot,J1536,TN01AN2878,Ashok Leyland,BS-4,MTC,No,Ordinary,11-07-2019,Active
Vadapalani Depot,J1514,TN01AN2891,Ashok Leyland,BS-4,MTC,No,Ordinary,11-07-2019,Active
Vadapalani Depot,J2108,TN01AN3955,Ashok Leyland,BS-4,MTC,No,Ordinary,22-03-2020,Active
Tondiarpet-2 Depot,J1096,TN01AN2288,Ashok Leyland,BS-4,MTC,No,Ordinary,07-05-2019,Active
Tondiarpet-2 Depot,J1221,TN01AN2172,Ashok Leyland,BS-4,MTC,No,Ordinary,02-05-2019,Active
Tondiarpet-2 Depot,J1890,TN01AN3533,Ashok Leyland,BS-4,MTC,No,Ordinary,01-03-2020,Active
Vadapalani Depot,J1302,TN01AN2455,Ashok Leyland,BS-4,MTC,No,Ordinary,19-06-2019,Active
Vadapalani Depot,J1395,TN01AN2846,Ashok Leyland,BS-4,MTC,No,Ordinary,11-07-2019,Active
Vadapalani Depot,J1399,TN01AN2984,Ashok Leyland,BS-4,MTC,No,Ordinary,18-07-2019,Active
Tondiarpet-2 Depot,J1146,TN01AN2089,Ashok Leyland,BS-4,MTC,No,Ordinary,01-05-2019,Active
Tondiarpet-2 Depot,J1058,TN01AN2093,Ashok Leyland,BS-4,MTC,No,Ordinary,22-04-2019,Active
Vadapalani Depot,J1569,TN01AN2936,Ashok Leyland,BS-4,MTC,No,Ordinary,07-08-2019,Active
Tondiarpet-2 Depot,J1345,TN01AN2731,Ashok Leyland,BS-4,MTC,No,Ordinary,27-06-2019,Active
Tondiarpet-2 Depot,J1298,TN01AN2444,Ashok Leyland,BS-4,MTC,No,Ordinary,19-06-2019,Active
Tondiarpet-2 Depot,J1369,TN01AN2817,Ashok Leyland,BS-4,MTC,No,Ordinary,02-07-2019,Active
Tondiarpet-2 Depot,J1338,TN01AN2615,Ashok Leyland,BS-4,MTC,No,Ordinary,24-06-2019,Active
Tondiarpet-2 Depot,J1786,TN01AN3782,Ashok Leyland,BS-4,MTC,No,Ordinary,05-03-2020,Active
Tondiarpet-2 Depot,J1582,TN01AN3028,Ashok Leyland,BS-4,MTC,No,Ordinary,07-08-2019,Active
Tondiarpet-2 Depot,J1117,TN01AN2292,Ashok Leyland,BS-4,MTC,No,Ordinary,13-05-2019,Active
Tondiarpet-2 Depot,J1679,TN01AN3306,Ashok Leyland,BS-4,MTC,No,Ordinary,01-12-2019,Active
Tondiarpet-2 Depot,J1550,TN01AN3040,Ashok Leyland,BS-4,MTC,No,Ordinary,07-08-2019,Active
Tondiarpet-2 Depot,J1228,TN01AN2230,Ashok Leyland,BS-4,MTC,No,Ordinary,02-05-2019,Active
Tondiarpet-2 Depot,J1260,TN01AN2381,Ashok Leyland,BS-4,MTC,No,Ordinary,20-05-2019,Active
Tondiarpet-2 Depot,J1053,TN01AN1932,Ashok Leyland,BS-4,MTC,No,Ordinary,15-04-2019,Active
Tondiarpet-2 Depot,J1020,TN01AN2616,Ashok Leyland,BS-4,MTC,No,Ordinary,24-06-2019,Active
Tondiarpet-2 Depot,J1243,TN01AN2273,Ashok Leyland,BS-4,MTC,No,Ordinary,06-05-2019,Active
Tondiarpet-2 Depot,J1546,TN01AN2926,Ashok Leyland,BS-4,MTC,No,Ordinary,18-07-2019,Active
Tondiarpet-2 Depot,J1821,TN45N4224,Ashok Leyland,BS-4,MTC,No,Ordinary,01-01-2020,Active
Vadapalani Depot,J1067,TN01AN2118,Ashok Leyland,BS-4,MTC,No,Ordinary,22-04-2019,Active
Vadapalani Depot,J1568,TN01AN3025,Ashok Leyland,BS-4,MTC,No,Ordinary,07-08-2019,Active
Vadapalani Depot,J0996,TN01AN1894,Ashok Leyland,BS-4,MTC,No,Ordinary,03-01-2019,Active
Vadapalani Depot,J0948,TN01AN1908,Ashok Leyland,BS-4,MTC,No,Ordinary,03-01-2019,Active
Vadapalani Depot,J0980,TN01AN1998,Ashok Leyland,BS-4,MTC,No,Ordinary,17-03-2019,Active
Vadapalani Depot,J0978,TN01AN1975,Ashok Leyland,BS-4,MTC,No,Ordinary,03-03-2019,Active
Vadapalani Depot,J1646,TN01AN3268,Ashok Leyland,BS-4,MTC,No,Ordinary,20-10-2019,Active
Vadapalani Depot,J1641,TN01AN3318,Ashok Leyland,BS-4,MTC,No,Ordinary,20-10-2019,Active
Vadapalani Depot,J1212,TN01AN2045,Ashok Leyland,BS-4,MTC,No,Ordinary,01-05-2019,Active
Vadapalani Depot,J1211,TN01AN2219,Ashok Leyland,BS-4,MTC,No,Ordinary,01-05-2019,Active
Vadapalani Depot,J0998,TN01AN1878,Ashok Leyland,BS-4,MTC,No,Ordinary,12-02-2019,Active
Vadapalani Depot,J1170,TN01AN2189,Ashok Leyland,BS-4,MTC,No,Ordinary,06-05-2019,Active
Vadapalani Depot,J1584,TN01AN2976,Ashok Leyland,BS-4,MTC,No,Ordinary,07-08-2019,Active
Vadapalani Depot,J1559,TN01AN3125,Ashok Leyland,BS-4,MTC,No,Ordinary,12-08-2019,Active
Vadapalani Depot,J1645,TN01AN3271,Ashok Leyland,BS-4,MTC,No,Ordinary,20-10-2019,Active
Vadapalani Depot,J1644,TN01AN3282,Ashok Leyland,BS-4,MTC,No,Ordinary,20-10-2019,Active
Vadapalani Depot,J1643,TN01AN3244,Ashok Leyland,BS-4,MTC,No,Ordinary,20-10-2019,Active
Vadapalani Depot,J1513,TN01AN2895,Ashok Leyland,BS-4,MTC,No,Ordinary,11-07-2019,Active
Vadapalani Depot,J1312,TN01AN2625,Ashok Leyland,BS-4,MTC,No,Ordinary,24-06-2019,Active
Vadapalani Depot,J1433,TN01AN2770,Ashok Leyland,BS-4,MTC,No,Ordinary,27-06-2019,Active
Vadapalani Depot,J1547,TN01AN3027,Ashok Leyland,BS-4,MTC,No,Ordinary,18-07-2019,Active
Vadapalani Depot,J1325,TN01AN2850,Ashok Leyland,BS-4,MTC,No,Ordinary,11-07-2019,Active
Vadapalani Depot,J1434,TN01AN2668,Ashok Leyland,BS-4,MTC,No,Ordinary,25-06-2019,Active
Vadapalani Depot,J1313,TN01AN2543,Ashok Leyland,BS-4,MTC,No,Ordinary,24-06-2019,Active
Vadapalani Depot,J1324,TN01AN2642,Ashok Leyland,BS-4,MTC,No,Ordinary,25-06-2019,Active
Vadapalani Depot,J1314,TN01AN2538,Ashok Leyland,BS-4,MTC,No,Ordinary,24-06-2019,Active
Vadapalani Depot,J1478,TN01AN2674,Ashok Leyland,BS-4,MTC,No,Ordinary,27-06-2019,Active
Vadapalani Depot,J1481,TN01AN2732,Ashok Leyland,BS-4,MTC,No,Ordinary,02-07-2019,Active
Vadapalani Depot,J1436,TN01AN2646,Ashok Leyland,BS-4,MTC,No,Ordinary,25-06-2019,Active
Vadapalani Depot,J1556,TN01AN3108,Ashok Leyland,BS-4,MTC,No,Ordinary,12-08-2019,Active
Vadapalani Depot,J1504,TN01AN2745,Ashok Leyland,BS-4,MTC,No,Ordinary,02-07-2019,Active
Vadapalani Depot,J1555,TN01AN3081,Ashok Leyland,BS-4,MTC,No,Ordinary,12-08-2019,Active
Vadapalani Depot,J2000,TN01AN3994,Ashok Leyland,BS-4,MTC,No,Ordinary,22-03-2020,Active
Vadapalani Depot,J2009,TN01AN3838,Ashok Leyland,BS-4,MTC,No,Ordinary,22-03-2020,Active
Vadapalani Depot,J2112,TN01AN3949,Ashok Leyland,BS-4,MTC,No,Ordinary,22-03-2020,Active
Vadapalani Depot,J2113,TN01AN4026,Ashok Leyland,BS-4,MTC,No,Ordinary,22-03-2020,Active
Thiruvanmiyur Depot,J1201,TN01AN2053,Ashok Leyland,BS-4,MTC,No,Ordinary,22-04-2019,Active
Thiruvanmiyur Depot,J0974,TN01AN1948,Ashok Leyland,BS-4,MTC,No,Ordinary,28-02-2019,Active
Thiruvanmiyur Depot,J0981,TN01AN2017,Ashok Leyland,BS-4,MTC,No,Ordinary,13-03-2019,Active
Thiruvanmiyur Depot,J1909,TN01AN3786,Ashok Leyland,BS-4,MTC,No,Ordinary,11-03-2020,Active
Thiruvanmiyur Depot,J1936,TN01AN3784,Ashok Leyland,BS-4,MTC,No,Ordinary,08-03-2020,Active
Thiruvanmiyur Depot,J1987,TN01AN3881,Ashok Leyland,BS-4,MTC,No,Ordinary,22-03-2020,Active
Thiruvanmiyur Depot,J2056,TN01AN3864,Ashok Leyland,BS-4,MTC,No,Ordinary,22-03-2020,Active
Thiruvanmiyur Depot,J0985,TN01AN1951,Ashok Leyland,BS-4,MTC,No,Ordinary,31-03-2019,Active
Thiruvanmiyur Depot,J0983,TN01AN2022,Ashok Leyland,BS-4,MTC,No,Ordinary,13-03-2019,Active
Thiruvanmiyur Depot,J1075,TN01AN2072,Ashok Leyland,BS-4,MTC,No,Ordinary,01-05-2019,Active
Thiruvanmiyur Depot,J0917,TN01AN1912,Ashok Leyland,BS-4,MTC,No,Ordinary,03-01-2019,Active
Thiruvanmiyur Depot,J0991,TN01AN2567,Ashok Leyland,BS-4,MTC,No,Ordinary,24-06-2019,Active
Thiruvanmiyur Depot,J2074,TN01AN3790,Ashok Leyland,BS-4,MTC,No,Ordinary,12-03-2020,Active
Thiruvanmiyur Depot,J2008,TN01AN3835,Ashok Leyland,BS-4,MTC,No,Ordinary,22-03-2020,Active
Thiruvanmiyur Depot,J1329,TN01AN2571,Ashok Leyland,BS-4,MTC,No,Ordinary,23-06-2019,Active
Thiruvanmiyur Depot,J1417,TN01AN2579,Ashok Leyland,BS-4,MTC,No,Ordinary,24-06-2019,Active
Thiruvanmiyur Depot,J1307,TN01AN2586,Ashok Leyland,BS-4,MTC,No,Ordinary,23-06-2019,Active
Thiruvanmiyur Depot,J1318,TN01AN2575,Ashok Leyland,BS-4,MTC,No,Ordinary,24-06-2019,Active
Thiruvanmiyur Depot,J1256,TN01AN2355,Ashok Leyland,BS-4,MTC,No,Ordinary,20-05-2019,Active
Thiruvanmiyur Depot,J1585,TN01AN2932,Ashok Leyland,BS-4,MTC,No,Ordinary,07-08-2019,Active
Thiruvanmiyur Depot,J1274,TN01AN2509,Ashok Leyland,BS-4,MTC,No,Ordinary,19-06-2019,Active
Thiruvanmiyur Depot,J1252,TN01AN2329,Ashok Leyland,BS-4,MTC,No,Ordinary,15-05-2019,Active
Thiruvanmiyur Depot,J1988,TN01AN3841,Ashok Leyland,BS-4,MTC,No,Ordinary,22-03-2020,Active
Tambaram Depot,J0933,TN01AN1841,Ashok Leyland,BS-4,MTC,No,Ordinary,03-01-2019,Active
Tambaram Depot,J0939,TN01AN1840,Ashok Leyland,BS-4,MTC,No,Ordinary,03-01-2019,Active
Tambaram Depot,J0940,TN01AN1897,Ashok Leyland,BS-4,MTC,No,Ordinary,03-01-2019,Active
Tambaram Depot,J0943,TN01AN1846,Ashok Leyland,BS-4,MTC,No,Ordinary,03-01-2019,Active
Tambaram Depot,J0962,TN01AN1851,Ashok Leyland,BS-4,MTC,No,Ordinary,06-01-2019,Active
Tambaram Depot,J0969,TN01AN1859,Ashok Leyland,BS-4,MTC,No,Ordinary,12-02-2019,Active
Tambaram Depot,J0976,TN01AN2011,Ashok Leyland,BS-4,MTC,No,Ordinary,28-02-2019,Active
Tambaram Depot,J0926,TN01AN1905,Ashok Leyland,BS-4,MTC,No,Ordinary,03-01-2019,Active
Tambaram Depot,J0929,TN01AN1915,Ashok Leyland,BS-4,MTC,No,Ordinary,03-01-2019,Active
Tambaram Depot,J0930,TN01AN1842,Ashok Leyland,BS-4,MTC,No,Ordinary,03-01-2019,Active
Tambaram Depot,J1515,TN01AN2920,Ashok Leyland,BS-4,MTC,No,Ordinary,11-07-2019,Active
Tambaram Depot,J1220,TN01AN2092,Ashok Leyland,BS-4,MTC,No,Ordinary,01-05-2019,Active
Tambaram Depot,J1270,TN01AN2421,Ashok Leyland,BS-4,MTC,No,Ordinary,20-05-2019,Active
Tambaram Depot,J0987,TN01AN1946,Ashok Leyland,BS-4,MTC,No,Ordinary,14-04-2019,Active
Tambaram Depot,J1984,TN01AN3903,Ashok Leyland,BS-4,MTC,No,Ordinary,22-03-2020,Active
Tambaram Depot,J1022,TN01AN2551,Ashok Leyland,BS-4,MTC,No,Ordinary,24-06-2019,Active
Tambaram Depot,J1120,TN01AN2239,Ashok Leyland,BS-4,MTC,No,Ordinary,13-05-2019,Active
Tambaram Depot,J1149,TN01AN2044,Ashok Leyland,BS-4,MTC,No,Ordinary,01-05-2019,Active
Tambaram Depot,J1077,TN01AN2191,Ashok Leyland,BS-4,MTC,No,Ordinary,01-05-2019,Active
Tambaram Depot,J2106,TN01AN3985,Ashok Leyland,BS-4,MTC,No,Ordinary,22-03-2020,Active
Tambaram Depot,J1484,TN01AN2775,Ashok Leyland,BS-4,MTC,No,Ordinary,02-07-2019,Active
Tambaram Depot,J1466,TN01AN2720,Ashok Leyland,BS-4,MTC,No,Ordinary,27-06-2019,Active
Tambaram Depot,J1638,TN01AN3291,Ashok Leyland,BS-4,MTC,No,Ordinary,20-10-2019,Active
Tambaram Depot,J1661,TN01AN3253,Ashok Leyland,BS-4,MTC,No,Ordinary,20-10-2019,Active
Tambaram Depot,J0942,TN01AN1831,Ashok Leyland,BS-4,MTC,No,Ordinary,03-01-2019,Active
Tambaram Depot,J0965,TN01AN1832,Ashok Leyland,BS-4,MTC,No,Ordinary,12-02-2019,Active
Tambaram Depot,J1002,TN01AN1918,Ashok Leyland,BS-4,MTC,No,Ordinary,12-02-2019,Active
Tambaram Depot,J1473,TN01AN2682,Ashok Leyland,BS-4,MTC,No,Ordinary,27-06-2019,Active
Tambaram Depot,J1505,TN01AN2881,Ashok Leyland,BS-4,MTC,No,Ordinary,11-07-2019,Active
Tambaram Depot,J1288,TN01AN2562,Ashok Leyland,BS-4,MTC,No,Ordinary,23-06-2019,Active
Tambaram Depot,J1570,TN01AN3037,Ashok Leyland,BS-4,MTC,No,Ordinary,07-08-2019,Active
Tambaram Depot,J1562,TN01AN3062,Ashok Leyland,BS-4,MTC,No,Ordinary,12-08-2019,Active
Tambaram Depot,J1198,TN01AN2108,Ashok Leyland,BS-4,MTC,No,Ordinary,22-04-2019,Active
Tambaram Depot,J1501,TN01AN2828,Ashok Leyland,BS-4,MTC,No,Ordinary,02-07-2019,Active
Tambaram Depot,J1266,TN01AN2426,Ashok Leyland,BS-4,MTC,No,Ordinary,20-05-2019,Active
Tambaram Depot,J1465,TN01AN2709,Ashok Leyland,BS-4,MTC,No,Ordinary,27-06-2019,Active
Tambaram Depot,J1561,TN01AN3102,Ashok Leyland,BS-4,MTC,No,Ordinary,12-08-2019,Active
Tambaram Depot,J1486,TN01AN2767,Ashok Leyland,BS-4,MTC,No,Ordinary,02-07-2019,Active
Tambaram Depot,J1429,TN01AN2693,Ashok Leyland,BS-4,MTC,No,Ordinary,25-06-2019,Active
Tambaram Depot,J1526,TN01AN2854,Ashok Leyland,BS-4,MTC,No,Ordinary,11-07-2019,Active
Saidapet Depot,J1152,TN01AN2056,Ashok Leyland,BS-4,MTC,No,Ordinary,01-05-2019,Active
Saidapet Depot,J1650,TN01AN3269,Ashok Leyland,BS-4,MTC,No,Ordinary,20-10-2019,Active
Saidapet Depot,J1350,TN01AN2641,Ashok Leyland,BS-4,MTC,No,Ordinary,25-06-2019,Active
Saidapet Depot,J1845,TN01AN3630,Ashok Leyland,BS-4,MTC,No,Ordinary,19-02-2020,Active
Saidapet Depot,J1780,TN01AN3579,Ashok Leyland,BS-4,MTC,No,Ordinary,06-02-2020,Active
Saidapet Depot,J1037,TN01AN1959,Ashok Leyland,BS-4,MTC,No,Ordinary,15-04-2019,Active
Saidapet Depot,J1158,TN01AN2151,Ashok Leyland,BS-4,MTC,No,Ordinary,02-05-2019,Active
Saidapet Depot,J1532,TN01AN2874,Ashok Leyland,BS-4,MTC,No,Ordinary,11-07-2019,Active
Saidapet Depot,J1535,TN01AN2864,Ashok Leyland,BS-4,MTC,No,Ordinary,11-07-2019,Active
Saidapet Depot,J1097,TN01AN2198,Ashok Leyland,BS-4,MTC,No,Ordinary,06-05-2019,Active
Saidapet Depot,J1207,TN01AN2034,Ashok Leyland,BS-4,MTC,No,Ordinary,22-04-2019,Active
Saidapet Depot,J1791,TN01AN3696,Ashok Leyland,BS-4,MTC,No,Ordinary,04-03-2020,Active
Saidapet Depot,J0921,TN01AN1838,Ashok Leyland,BS-4,MTC,No,Ordinary,03-01-2019,Active
Saidapet Depot,J1785,TN01AN3658,Ashok Leyland,BS-4,MTC,No,Ordinary,04-03-2020,Active
Saidapet Depot,J2110,TN01AN4005,Ashok Leyland,BS-4,MTC,No,Ordinary,22-03-2020,Active
Saidapet Depot,J2109,TN01AN3953,Ashok Leyland,BS-4,MTC,No,Ordinary,22-03-2020,Active
Saidapet Depot,J0924,TN01AN1874,Ashok Leyland,BS-4,MTC,No,Ordinary,03-01-2019,Active
Saidapet Depot,J1533,TN01AN2876,Ashok Leyland,BS-4,MTC,No,Ordinary,11-07-2019,Active
Saidapet Depot,J0922,TN01AN1928,Ashok Leyland,BS-4,MTC,No,Ordinary,03-01-2019,Active
Saidapet Depot,J0923,TN01AN1884,Ashok Leyland,BS-4,MTC,No,Ordinary,03-01-2019,Active
Saidapet Depot,J1448,TN01AN2689,Ashok Leyland,BS-4,MTC,No,Ordinary,25-06-2019,Active
Saidapet Depot,J1451,TN01AN2716,Ashok Leyland,BS-4,MTC,No,Ordinary,25-06-2019,Active
Saidapet Depot,J1000,TN01AN1861,Ashok Leyland,BS-4,MTC,No,Ordinary,12-02-2019,Active
Saidapet Depot,J1423,TN01AN2624,Ashok Leyland,BS-4,MTC,No,Ordinary,24-06-2019,Active
Saidapet Depot,J1280,TN01AN2548,Ashok Leyland,BS-4,MTC,No,Ordinary,23-06-2019,Active
Saidapet Depot,J1281,TN01AN2468,Ashok Leyland,BS-4,MTC,No,Ordinary,19-06-2019,Active
Saidapet Depot,J1564,TN01AN3120,Ashok Leyland,BS-4,MTC,No,Ordinary,12-08-2019,Active
Saidapet Depot,J1488,TN01AN2737,Ashok Leyland,BS-4,MTC,No,Ordinary,02-07-2019,Active
Saidapet Depot,J1454,TN01AN2705,Ashok Leyland,BS-4,MTC,No,Ordinary,27-06-2019,Active
Saidapet Depot,J1551,TN01AN2997,Ashok Leyland,BS-4,MTC,No,Ordinary,07-08-2019,Active
Saidapet Depot,J1640,TN01AN3316,Ashok Leyland,BS-4,MTC,No,Ordinary,20-10-2019,Active
Saidapet Depot,J1491,TN01AN2810,Ashok Leyland,BS-4,MTC,No,Ordinary,02-07-2019,Active
Saidapet Depot,J1259,TN01AN2363,Ashok Leyland,BS-4,MTC,No,Ordinary,20-05-2019,Active
Saidapet Depot,J1257,TN01AN2412,Ashok Leyland,BS-4,MTC,No,Ordinary,20-05-2019,Active
Saidapet Depot,J1206,TN01AN2058,Ashok Leyland,BS-4,MTC,No,Ordinary,22-04-2019,Active
Saidapet Depot,J1305,TN01AN2540,Ashok Leyland,BS-4,MTC,No,Ordinary,23-06-2019,Active
Saidapet Depot,J1218,TN01AN2065,Ashok Leyland,BS-4,MTC,No,Ordinary,01-05-2019,Active
Perambur Depot,J1182,TN01AN2317,Ashok Leyland,BS-4,MTC,No,Ordinary,06-05-2019,Active
Perambur Depot,J1447,TN01AN2746,Ashok Leyland,BS-4,MTC,No,Ordinary,27-06-2019,Active
Perambur Depot,J1475,TN01AN2730,Ashok Leyland,BS-4,MTC,No,Ordinary,27-06-2019,Active
Perambur Depot,J1099,TN01AN2138,Ashok Leyland,BS-4,MTC,No,Ordinary,06-05-2019,Active
Perambur Depot,J1111,TN01AN2279,Ashok Leyland,BS-4,MTC,No,Ordinary,09-05-2019,Active
Perambur Depot,J1093,TN01AN2153,Ashok Leyland,BS-4,MTC,No,Ordinary,06-05-2019,Active
Perambur Depot,J1869,TN01AN3757,Ashok Leyland,BS-4,MTC,No,Ordinary,05-03-2020,Active
Perambur Depot,J0995,TN01AN1930,Ashok Leyland,BS-4,MTC,No,Ordinary,03-01-2019,Active
Perambur Depot,J1995,TN01AN3780,Ashok Leyland,BS-4,MTC,No,Ordinary,16-03-2020,Active
Perambur Depot,J1400,TN01AN3008,Ashok Leyland,BS-4,MTC,No,Ordinary,18-07-2019,Active
Perambur Depot,J2037,TN01AN3763,Ashok Leyland,BS-4,MTC,No,Ordinary,16-03-2020,Active
Perambur Depot,J1495,TN01AN2779,Ashok Leyland,BS-4,MTC,No,Ordinary,02-07-2019,Active
Perambur Depot,J1979,TN01AN3879,Ashok Leyland,BS-4,MTC,No,Ordinary,22-03-2020,Active
Perambur Depot,J1891,TN01AN3566,Ashok Leyland,BS-4,MTC,No,Ordinary,01-03-2020,Active
Perambur Depot,J1889,TN01AN3569,Ashok Leyland,BS-4,MTC,No,Ordinary,01-03-2020,Active
Perambur Depot,J1877,TN01AN3556,Ashok Leyland,BS-4,MTC,No,Ordinary,18-02-2020,Active
Perambur Depot,J1401,TN01AN3024,Ashok Leyland,BS-4,MTC,No,Ordinary,18-07-2019,Active
Perambur Depot,J2089,TN01AN4027,Ashok Leyland,BS-4,MTC,No,Ordinary,22-03-2020,Active
Perambur Depot,J1386,TN01AN2940,Ashok Leyland,BS-4,MTC,No,Ordinary,18-07-2019,Active
Perambur Depot,J1069,TN01AN2046,Ashok Leyland,BS-4,MTC,No,Ordinary,22-04-2019,Active
Perambur Depot,J2091,TN01AN4003,Ashok Leyland,BS-4,MTC,No,Ordinary,22-03-2020,Active
Perambur Depot,J1060,TN01AN2041,Ashok Leyland,BS-4,MTC,No,Ordinary,22-04-2019,Active
Perambur Depot,J1176,TN01AN2238,Ashok Leyland,BS-4,MTC,No,Ordinary,07-05-2019,Active
Perambur Depot,J1101,TN01AN2214,Ashok Leyland,BS-4,MTC,No,Ordinary,06-05-2019,Active
Perambur Depot,J1042,TN01AN2107,Ashok Leyland,BS-4,MTC,No,Ordinary,22-04-2019,Active
Perambur Depot,J1572,TN01AN2954,Ashok Leyland,BS-4,MTC,No,Ordinary,07-08-2019,Active
Perambur Depot,J1990,TN01AN3861,Ashok Leyland,BS-4,MTC,No,Ordinary,22-03-2020,Active
Perambur Depot,J1364,TN01AN2772,Ashok Leyland,BS-4,MTC,No,Ordinary,02-07-2019,Active
Perambur Depot,J1061,TN01AN2032,Ashok Leyland,BS-4,MTC,No,Ordinary,22-04-2019,Active
Perambur Depot,J1991,TN01AN3873,Ashok Leyland,BS-4,MTC,No,Ordinary,22-03-2020,Active
Perambur Depot,J1303,TN01AN2569,Ashok Leyland,BS-4,MTC,No,Ordinary,23-06-2019,Active
Perambur Depot,J1382,TN01AN3128,Ashok Leyland,BS-4,MTC,No,Ordinary,12-08-2019,Active
Perambur Depot,J1208,TN01AN2080,Ashok Leyland,BS-4,MTC,No,Ordinary,01-05-2019,Active
Perambur Depot,J1668,TN01AN3287,Ashok Leyland,BS-4,MTC,No,Ordinary,20-10-2019,Active
Perambur Depot,J1840,TN01AN3730,Ashok Leyland,BS-4,MTC,No,Ordinary,02-03-2020,Active
Perambur Depot,J1667,TN01AN3254,Ashok Leyland,BS-4,MTC,No,Ordinary,20-10-2019,Active
Perambur Depot,J1662,TN01AN3242,Ashok Leyland,BS-4,MTC,No,Ordinary,20-10-2019,Active
Perambur Depot,J1489,TN01AN2749,Ashok Leyland,BS-4,MTC,No,Ordinary,02-07-2019,Active
Perambur Depot,J1502,TN01AN2751,Ashok Leyland,BS-4,MTC,No,Ordinary,02-07-2019,Active
Perambur Depot,J1664,TN01AN3232,Ashok Leyland,BS-4,MTC,No,Ordinary,20-10-2019,Active
Perambur Depot,J1663,TN01AN3283,Ashok Leyland,BS-4,MTC,No,Ordinary,21-10-2019,Active
Perambur Depot,J1639,TN01AN3235,Ashok Leyland,BS-4,MTC,No,Ordinary,20-10-2019,Active
Perambur Depot,J1554,TN01AN3070,Ashok Leyland,BS-4,MTC,No,Ordinary,12-08-2019,Active
Perambur Depot,J1545,TN01AN2998,Ashok Leyland,BS-4,MTC,No,Ordinary,18-07-2019,Active
Perambur Depot,J1525,TN01AN2885,Ashok Leyland,BS-4,MTC,No,Ordinary,11-07-2019,Active
Perambur Depot,J1520,TN01AN2894,Ashok Leyland,BS-4,MTC,No,Ordinary,11-07-2019,Active
Perambur Depot,J1512,TN01AN2905,Ashok Leyland,BS-4,MTC,No,Ordinary,11-07-2019,Active
Perambur Depot,J1511,TN01AN2853,Ashok Leyland,BS-4,MTC,No,Ordinary,11-07-2019,Active
Perambur Depot,J1408,TN01AN3064,Ashok Leyland,BS-4,MTC,No,Ordinary,07-08-2019,Active
Perambur Depot,J1333,TN01AN2488,Ashok Leyland,BS-4,MTC,No,Ordinary,19-06-2019,Active
Perambur Depot,J1306,TN01AN2440,Ashok Leyland,BS-4,MTC,No,Ordinary,19-06-2019,Active
Perambur Depot,J1304,TN01AN2496,Ashok Leyland,BS-4,MTC,No,Ordinary,19-06-2019,Active
Perambur Depot,J1246,TN01AN2234,Ashok Leyland,BS-4,MTC,No,Ordinary,13-05-2019,Active
Perambur Depot,J1222,TN01AN2179,Ashok Leyland,BS-4,MTC,No,Ordinary,02-05-2019,Active
Perambur Depot,J1665,TN01AN3260,Ashok Leyland,BS-4,MTC,No,Ordinary,21-10-2019,Active
Perambur Depot,J1666,TN01AN3298,Ashok Leyland,BS-4,MTC,No,Ordinary,20-10-2019,Active
Madhavaram Depot,J1420,TN01AN2685,Ashok Leyland,BS-4,MTC,No,Ordinary,25-06-2019,Active
Madhavaram Depot,J1576,TN01AN2995,Ashok Leyland,BS-4,MTC,No,Ordinary,07-08-2019,Active
Madhavaram Depot,J1810,TN01AN3550,Ashok Leyland,BS-4,MTC,No,Ordinary,09-02-2020,Active
Madhavaram Depot,J1811,TN01AN3575,Ashok Leyland,BS-4,MTC,No,Ordinary,09-02-2020,Active
Madhavaram Depot,J1820,TN45N4207,Ashok Leyland,BS-4,MTC,No,Ordinary,02-01-2020,Active
Madhavaram Depot,J1835,TN45N4168,Ashok Leyland,BS-4,MTC,No,Ordinary,01-01-2020,Active
Madhavaram Depot,J1880,TN01AN3604,Ashok Leyland,BS-4,MTC,No,Ordinary,23-02-2020,Active
Madhavaram Depot,J1976,TN01AN3901,Ashok Leyland,BS-4,MTC,No,Ordinary,22-03-2020,Active
Madhavaram Depot,J2016,TN01AN3783,Ashok Leyland,BS-4,MTC,No,Ordinary,09-03-2020,Active
Madhavaram Depot,J1031,TN01AN1968,Ashok Leyland,BS-4,MTC,No,Ordinary,07-04-2019,Active
Madhavaram Depot,J1581,TN01AN2957,Ashok Leyland,BS-4,MTC,No,Ordinary,07-08-2019,Active
Madhavaram Depot,J1826,TN45N4153,Ashok Leyland,BS-4,MTC,No,Ordinary,01-01-2020,Active
Madhavaram Depot,J0975,TN01AN1900,Ashok Leyland,BS-4,MTC,No,Ordinary,13-02-2019,Active
Madhavaram Depot,J1804,TN01AN3553,Ashok Leyland,BS-4,MTC,No,Ordinary,09-02-2020,Active
Madhavaram Depot,J1902,TN01AN3787,Ashok Leyland,BS-4,MTC,No,Ordinary,12-03-2020,Active
Madhavaram Depot,J1494,TN01AN2794,Ashok Leyland,BS-4,MTC,No,Ordinary,02-07-2019,Active
Madhavaram Depot,J1812,TN01AN3535,Ashok Leyland,BS-4,MTC,No,Ordinary,09-02-2020,Active
Madhavaram Depot,J1123,TN01AN2372,Ashok Leyland,BS-4,MTC,No,Ordinary,20-05-2019,Active
Madhavaram Depot,J1355,TN01AN2686,Ashok Leyland,BS-4,MTC,No,Ordinary,25-06-2019,Active
Madhavaram Depot,J1284,TN01AN2459,Ashok Leyland,BS-4,MTC,No,Ordinary,19-06-2019,Active
Madhavaram Depot,J1773,TN01AN3445,Ashok Leyland,BS-4,MTC,No,Ordinary,02-02-2020,Active
Madhavaram Depot,J1966,TN01AN3937,Ashok Leyland,BS-4,MTC,No,Ordinary,22-03-2020,Active
Madhavaram Depot,J0968,TN01AN1893,Ashok Leyland,BS-4,MTC,No,Ordinary,12-02-2019,Active
Madhavaram Depot,J0952,TN01AN1855,Ashok Leyland,BS-4,MTC,No,Ordinary,03-01-2019,Active
Madhavaram Depot,J1824,TN45N4172,Ashok Leyland,BS-4,MTC,No,Ordinary,01-01-2020,Active
Madhavaram Depot,J1671,TN01AN3231,Ashok Leyland,BS-4,MTC,No,Ordinary,21-10-2019,Active
Madhavaram Depot,J1544,TN01AN2962,Ashok Leyland,BS-4,MTC,No,Ordinary,18-07-2019,Active
Madhavaram Depot,J0997,TN01AN1896,Ashok Leyland,BS-4,MTC,No,Ordinary,03-01-2019,Active
Madhavaram Depot,J1450,TN01AN2670,Ashok Leyland,BS-4,MTC,No,Ordinary,25-06-2019,Active
Madhavaram Depot,J1574,TN01AN3036,Ashok Leyland,BS-4,MTC,No,Ordinary,12-08-2019,Active
Madhavaram Depot,J1795,TN01AN3582,Ashok Leyland,BS-4,MTC,No,Ordinary,12-02-2020,Active
Madhavaram Depot,J1863,TN01AN3726,Ashok Leyland,BS-4,MTC,No,Ordinary,04-03-2020,Active
Madhavaram Depot,J1575,TN01AN2965,Ashok Leyland,BS-4,MTC,No,Ordinary,07-08-2019,Active
Madhavaram Depot,J1474,TN01AN2657,Ashok Leyland,BS-4,MTC,No,Ordinary,27-06-2019,Active
Madhavaram Depot,J1449,TN01AN2755,Ashok Leyland,BS-4,MTC,No,Ordinary,27-06-2019,Active
Madhavaram Depot,J1244,TN01AN2253,Ashok Leyland,BS-4,MTC,No,Ordinary,06-05-2019,Active
Madhavaram Depot,J1834,TN45N4228,Ashok Leyland,BS-4,MTC,No,Ordinary,01-01-2020,Active
Madhavaram Depot,J1830,TN45N4197,Ashok Leyland,BS-4,MTC,No,Ordinary,01-01-2020,Active
Madhavaram Depot,J1647,TN01AN3327,Ashok Leyland,BS-4,MTC,No,Ordinary,20-10-2019,Active
Madhavaram Depot,J1548,TN01AN3083,Ashok Leyland,BS-4,MTC,No,Ordinary,07-08-2019,Active
Madhavaram Depot,J1326,TN01AN2858,Ashok Leyland,BS-4,MTC,No,Ordinary,11-07-2019,Active
Madhavaram Depot,J1154,TN01AN2099,Ashok Leyland,BS-4,MTC,No,Ordinary,01-05-2019,Active
Madhavaram Depot,J1104,TN01AN2173,Ashok Leyland,BS-4,MTC,No,Ordinary,06-05-2019,Active
Madhavaram Depot,J1974,TN01AN3870,Ashok Leyland,BS-4,MTC,No,Ordinary,22-03-2020,Active
Madhavaram Depot,J1921,TN01AN3822,Ashok Leyland,BS-4,MTC,No,Ordinary,15-03-2020,Active
Iyyapanthangal Depot,J1808,TN01AN3719,Ashok Leyland,BS-4,MTC,No,Ordinary,02-03-2020,Active
Iyyapanthangal Depot,J1567,TN01AN2979,Ashok Leyland,BS-4,MTC,No,Ordinary,07-08-2019,Active
Iyyapanthangal Depot,J1814,TN01AN3591,Ashok Leyland,BS-4,MTC,No,Ordinary,12-02-2020,Active
Iyyapanthangal Depot,J1054,TN01AN1950,Ashok Leyland,BS-4,MTC,No,Ordinary,15-04-2019,Active
Iyyapanthangal Depot,J1057,TN01AN2023,Ashok Leyland,BS-4,MTC,No,Ordinary,15-04-2019,Active
Iyyapanthangal Depot,J1033,TN01AN1967,Ashok Leyland,BS-4,MTC,No,Ordinary,15-04-2019,Active
Iyyapanthangal Depot,J1013,TN01AN2608,Ashok Leyland,BS-4,MTC,No,Ordinary,24-06-2019,Active
Iyyapanthangal Depot,J1038,TN01AN1964,Ashok Leyland,BS-4,MTC,No,Ordinary,15-04-2019,Active
Iyyapanthangal Depot,J1265,TN01AN2406,Ashok Leyland,BS-4,MTC,No,Ordinary,20-05-2019,Active
Iyyapanthangal Depot,J1418,TN01AN2643,Ashok Leyland,BS-4,MTC,No,Ordinary,27-06-2019,Active
Iyyapanthangal Depot,J1397,TN01AN2862,Ashok Leyland,BS-4,MTC,No,Ordinary,11-07-2019,Active
Iyyapanthangal Depot,J1493,TN01AN2765,Ashok Leyland,BS-4,MTC,No,Ordinary,02-07-2019,Active
Iyyapanthangal Depot,J1458,TN01AN2644,Ashok Leyland,BS-4,MTC,No,Ordinary,27-06-2019,Active
Iyyapanthangal Depot,J1301,TN01AN2606,Ashok Leyland,BS-4,MTC,No,Ordinary,23-06-2019,Active
Iyyapanthangal Depot,J1371,TN01AN2784,Ashok Leyland,BS-4,MTC,No,Ordinary,02-07-2019,Active
Iyyapanthangal Depot,J1289,TN01AN2472,Ashok Leyland,BS-4,MTC,No,Ordinary,19-06-2019,Active
Iyyapanthangal Depot,J1359,TN01AN2631,Ashok Leyland,BS-4,MTC,No,Ordinary,27-06-2019,Active
Iyyapanthangal Depot,J2057,TN01AN3858,Ashok Leyland,BS-4,MTC,No,Ordinary,22-03-2020,Active
Iyyapanthangal Depot,J1819,TN45N4185,Ashok Leyland,BS-4,MTC,No,Ordinary,01-01-2020,Active
Iyyapanthangal Depot,J1425,TN01AN2556,Ashok Leyland,BS-4,MTC,No,Ordinary,24-06-2019,Active
Iyyapanthangal Depot,J1416,TN01AN2585,Ashok Leyland,BS-4,MTC,No,Ordinary,24-06-2019,Active
Iyyapanthangal Depot,J1432,TN01AN2658,Ashok Leyland,BS-4,MTC,No,Ordinary,25-06-2019,Active
Iyyapanthangal Depot,J1524,TN01AN2899,Ashok Leyland,BS-4,MTC,No,Ordinary,11-07-2019,Active
Iyyapanthangal Depot,J1262,TN01AN2367,Ashok Leyland,BS-4,MTC,No,Ordinary,20-05-2019,Active
Iyyapanthangal Depot,J1237,TN01AN2304,Ashok Leyland,BS-4,MTC,No,Ordinary,06-05-2019,Active
Iyyapanthangal Depot,J1300,TN01AN2560,Ashok Leyland,BS-4,MTC,No,Ordinary,23-06-2019,Active
Iyyapanthangal Depot,J1522,TN01AN2901,Ashok Leyland,BS-4,MTC,No,Ordinary,11-07-2019,Active
Iyyapanthangal Depot,J1245,TN01AN2293,Ashok Leyland,BS-4,MTC,No,Ordinary,13-05-2019,Active
Iyyapanthangal Depot,J1282,TN01AN2518,Ashok Leyland,BS-4,MTC,No,Ordinary,19-06-2019,Active
Iyyapanthangal Depot,J1264,TN01AN2419,Ashok Leyland,BS-4,MTC,No,Ordinary,20-05-2019,Active
Iyyapanthangal Depot,J1238,TN01AN2324,Ashok Leyland,BS-4,MTC,No,Ordinary,06-05-2019,Active
Iyyapanthangal Depot,J1263,TN01AN2379,Ashok Leyland,BS-4,MTC,No,Ordinary,20-05-2019,Active
Iyyapanthangal Depot,J1531,TN01AN2871,Ashok Leyland,BS-4,MTC,No,Ordinary,11-07-2019,Active
Iyyapanthangal Depot,J0927,TN01AN1921,Ashok Leyland,BS-4,MTC,No,Ordinary,03-01-2019,Active
Iyyapanthangal Depot,J1084,TN01AN2031,Ashok Leyland,BS-4,MTC,No,Ordinary,01-05-2019,Active
Iyyapanthangal Depot,J1438,TN01AN2652,Ashok Leyland,BS-4,MTC,No,Ordinary,25-06-2019,Active
Chrompet -I Depot,J1540,TN01AN2887,Ashok Leyland,BS-4,MTC,No,Ordinary,11-07-2019,Active
Chrompet -I Depot,J0936,TN01AN1865,Ashok Leyland,BS-4,MTC,No,Ordinary,03-01-2019,Active
Chrompet -I Depot,J1367,TN01AN2787,Ashok Leyland,BS-4,MTC,No,Ordinary,02-07-2019,Active
Chrompet -I Depot,J1287,TN01AN2612,Ashok Leyland,BS-4,MTC,No,Ordinary,23-06-2019,Active
Chrompet -I Depot,J1516,TN01AN2900,Ashok Leyland,BS-4,MTC,No,Ordinary,11-07-2019,Active
Chrompet -I Depot,J1517,TN01AN2836,Ashok Leyland,BS-4,MTC,No,Ordinary,11-07-2019,Active
Chrompet -I Depot,J1102,TN01AN2187,Ashok Leyland,BS-4,MTC,No,Ordinary,06-05-2019,Active
Chrompet -I Depot,J0951,TN01AN1922,Ashok Leyland,BS-4,MTC,No,Ordinary,03-01-2019,Active
Chrompet -I Depot,J1331,TN01AN2542,Ashok Leyland,BS-4,MTC,No,Ordinary,23-06-2019,Active
Chrompet -I Depot,J1803,TN01AN3640,Ashok Leyland,BS-4,MTC,No,Ordinary,02-03-2020,Active
Chrompet -I Depot,J0915,TN01AN1849,Ashok Leyland,BS-4,MTC,No,Ordinary,03-01-2019,Active
Chrompet -I Depot,J1240,TN01AN2265,Ashok Leyland,BS-4,MTC,No,Ordinary,06-05-2019,Active
Chrompet -I Depot,J1309,TN01AN2630,Ashok Leyland,BS-4,MTC,No,Ordinary,24-06-2019,Active
Chrompet -I Depot,J1560,TN01AN3127,Ashok Leyland,BS-4,MTC,No,Ordinary,12-08-2019,Active
Chrompet -I Depot,J1028,TN01AN2809,Ashok Leyland,BS-4,MTC,No,Ordinary,27-06-2019,Active
Chrompet -I Depot,J1479,TN01AN2797,Ashok Leyland,BS-4,MTC,No,Ordinary,02-07-2019,Active
Chrompet -I Depot,J1422,TN01AN2587,Ashok Leyland,BS-4,MTC,No,Ordinary,24-06-2019,Active
Chrompet -I Depot,J1955,TN01AN3988,Ashok Leyland,BS-4,MTC,No,Ordinary,22-03-2020,Active
Chrompet -I Depot,J1463,TN01AN2665,Ashok Leyland,BS-4,MTC,No,Ordinary,27-06-2019,Active
Chrompet -I Depot,J1462,TN01AN2692,Ashok Leyland,BS-4,MTC,No,Ordinary,27-06-2019,Active
Chrompet -I Depot,J1291,TN01AN2442,Ashok Leyland,BS-4,MTC,No,Ordinary,19-06-2019,Active
Chrompet -I Depot,J1290,TN01AN2559,Ashok Leyland,BS-4,MTC,No,Ordinary,23-06-2019,Active
Chrompet -I Depot,J1286,TN01AN2433,Ashok Leyland,BS-4,MTC,No,Ordinary,19-06-2019,Active
Chrompet -I Depot,J1571,TN01AN2989,Ashok Leyland,BS-4,MTC,No,Ordinary,07-08-2019,Active
Basin Bridge Depot,J0977,TN01AN1848,Ashok Leyland,BS-4,MTC,No,Ordinary,12-02-2019,Active
Basin Bridge Depot,J1185,TN01AN2297,Ashok Leyland,BS-4,MTC,No,Ordinary,06-05-2019,Active
Basin Bridge Depot,J1510,TN01AN2918,Ashok Leyland,BS-4,MTC,No,Ordinary,11-07-2019,Active
Basin Bridge Depot,J1817,TN45N4151,Ashok Leyland,BS-4,MTC,No,Ordinary,01-01-2020,Active
Basin Bridge Depot,J1005,TN01AN2106,Ashok Leyland,BS-4,MTC,No,Ordinary,01-05-2019,Active
Basin Bridge Depot,J2024,TN01AN3762,Ashok Leyland,BS-4,MTC,No,Ordinary,10-03-2020,Active
Basin Bridge Depot,J1978,TN01AN3929,Ashok Leyland,BS-4,MTC,No,Ordinary,22-03-2020,Active
Basin Bridge Depot,J1437,TN01AN2715,Ashok Leyland,BS-4,MTC,No,Ordinary,27-06-2019,Active
Basin Bridge Depot,J1210,TN01AN2091,Ashok Leyland,BS-4,MTC,No,Ordinary,01-05-2019,Active
Basin Bridge Depot,J1549,TN01AN2983,Ashok Leyland,BS-4,MTC,No,Ordinary,07-08-2019,Active
Basin Bridge Depot,J1409,TN01AN2761,Ashok Leyland,BS-4,MTC,No,Ordinary,27-06-2019,Active
Basin Bridge Depot,J1674,TN01AN3290,Ashok Leyland,BS-4,MTC,No,Ordinary,31-10-2019,Active
Basin Bridge Depot,J1583,TN01AN3088,Ashok Leyland,BS-4,MTC,No,Ordinary,07-08-2019,Active
Basin Bridge Depot,J2064,TN01AN3813,Ashok Leyland,BS-4,MTC,No,Ordinary,08-03-2020,Active
Ayanavaram Depot,J1677,TN01AN3324,Ashok Leyland,BS-4,MTC,No,Ordinary,01-12-2019,Active
Ayanavaram Depot,J1678,TN01AN3289,Ashok Leyland,BS-4,MTC,No,Ordinary,01-12-2019,Active
Ayanavaram Depot,J1818,TN45N4167,Ashok Leyland,BS-4,MTC,No,Ordinary,01-01-2020,Active
Ayanavaram Depot,J1362,TN01AN2760,Ashok Leyland,BS-4,MTC,No,Ordinary,02-07-2019,Active
Ayanavaram Depot,J1476,TN01AN2710,Ashok Leyland,BS-4,MTC,No,Ordinary,27-06-2019,Active
Ayanavaram Depot,J1377,TN01AN2877,Ashok Leyland,BS-4,MTC,No,Ordinary,11-07-2019,Active
Ayanavaram Depot,J1297,TN01AN2521,Ashok Leyland,BS-4,MTC,No,Ordinary,19-06-2019,Active
Ayanavaram Depot,J1485,TN01AN2819,Ashok Leyland,BS-4,MTC,No,Ordinary,02-07-2019,Active
Ayanavaram Depot,J1499,TN01AN2818,Ashok Leyland,BS-4,MTC,No,Ordinary,02-07-2019,Active
Ayanavaram Depot,J1852,TN01AN3624,Ashok Leyland,BS-4,MTC,No,Ordinary,20-02-2020,Active
Ayanavaram Depot,J1011,TN01AN2278,Ashok Leyland,BS-4,MTC,No,Ordinary,08-05-2019,Active
Ayanavaram Depot,J1405,TN01AN2909,Ashok Leyland,BS-4,MTC,No,Ordinary,18-07-2019,Active
Ayanavaram Depot,J1234,TN01AN2131,Ashok Leyland,BS-4,MTC,No,Ordinary,02-05-2019,Active
Ayanavaram Depot,J2079,TN01AN3899,Ashok Leyland,BS-4,MTC,No,Ordinary,22-03-2020,Active
Ayanavaram Depot,J2034,TN01AN3907,Ashok Leyland,BS-4,MTC,No,Ordinary,22-03-2020,Active
Ayanavaram Depot,J1430,TN01AN2653,Ashok Leyland,BS-4,MTC,No,Ordinary,25-06-2019,Active
Ayanavaram Depot,J1675,TN01AN3237,Ashok Leyland,BS-4,MTC,No,Ordinary,01-12-2019,Active
Ayanavaram Depot,J1368,TN01AN2801,Ashok Leyland,BS-4,MTC,No,Ordinary,02-07-2019,Active
Ayanavaram Depot,J1831,TN45N4161,Ashok Leyland,BS-4,MTC,No,Ordinary,01-01-2020,Active
Ayanavaram Depot,J1114,TN01AN2266,Ashok Leyland,BS-4,MTC,No,Ordinary,09-05-2019,Active
Ayanavaram Depot,J1125,TN01AN2396,Ashok Leyland,BS-4,MTC,No,Ordinary,20-05-2019,Active
Ayanavaram Depot,J1135,TN01AN2095,Ashok Leyland,BS-4,MTC,No,Ordinary,22-04-2019,Active
Avadi Depot,J0946,TN01AN1863,Ashok Leyland,BS-4,MTC,No,Ordinary,03-01-2019,Active
Avadi Depot,J0990,TN01AN2158,Ashok Leyland,BS-4,MTC,No,Ordinary,02-05-2019,Active
Avadi Depot,J1402,TN01AN2896,Ashok Leyland,BS-4,MTC,No,Ordinary,18-07-2019,Active
Avadi Depot,J1537,TN01AN2916,Ashok Leyland,BS-4,MTC,No,Ordinary,11-07-2019,Active
Avadi Depot,J1500,TN01AN2806,Ashok Leyland,BS-4,MTC,No,Ordinary,02-07-2019,Active
Avadi Depot,J1503,TN01AN2758,Ashok Leyland,BS-4,MTC,No,Ordinary,02-07-2019,Active
Avadi Depot,J1421,TN01AN2547,Ashok Leyland,BS-4,MTC,No,Ordinary,24-06-2019,Active
Avadi Depot,J1411,TN01AN2640,Ashok Leyland,BS-4,MTC,No,Ordinary,27-06-2019,Active
Avadi Depot,J1543,TN01AN2835,Ashok Leyland,BS-4,MTC,No,Ordinary,11-07-2019,Active
Avadi Depot,J1542,TN01AN2972,Ashok Leyland,BS-4,MTC,No,Ordinary,18-07-2019,Active
Avadi Depot,J1012,TN01AN2648,Ashok Leyland,BS-4,MTC,No,Ordinary,25-06-2019,Active
Avadi Depot,J2100,TN01AN3943,Ashok Leyland,BS-4,MTC,No,Ordinary,22-03-2020,Active
Avadi Depot,J1215,TN01AN2119,Ashok Leyland,BS-4,MTC,No,Ordinary,01-05-2019,Active
Avadi Depot,J1951,TN01AN3942,Ashok Leyland,BS-4,MTC,No,Ordinary,22-03-2020,Active
Avadi Depot,J0979,TN01AN1978,Ashok Leyland,BS-4,MTC,No,Ordinary,03-03-2019,Active
Avadi Depot,J0944,TN01AN1839,Ashok Leyland,BS-4,MTC,No,Ordinary,03-01-2019,Active
Avadi Depot,J0945,TN01AN1895,Ashok Leyland,BS-4,MTC,No,Ordinary,03-01-2019,Active
Avadi Depot,J0937,TN01AN1927,Ashok Leyland,BS-4,MTC,No,Ordinary,03-01-2019,Active
Avadi Depot,J1865,TN01AN3654,Ashok Leyland,BS-4,MTC,No,Ordinary,02-03-2020,Active
Avadi Depot,J1332,TN01AN2481,Ashok Leyland,BS-4,MTC,No,Ordinary,19-06-2019,Active
Avadi Depot,J2098,TN01AN3975,Ashok Leyland,BS-4,MTC,No,Ordinary,22-03-2020,Active
Avadi Depot,J1445,TN01AN2647,Ashok Leyland,BS-4,MTC,No,Ordinary,25-06-2019,Active
Avadi Depot,J0963,TN01AN1917,Ashok Leyland,BS-4,MTC,No,Ordinary,11-02-2019,Active
Avadi Depot,J1652,TN01AN3279,Ashok Leyland,BS-4,MTC,No,Ordinary,20-10-2019,Active
Avadi Depot,J1822,TN45N4177,Ashok Leyland,BS-4,MTC,No,Ordinary,06-01-2020,Active
Avadi Depot,J1658,TN01AN3274,Ashok Leyland,BS-4,MTC,No,Ordinary,20-10-2019,Active
Avadi Depot,J1673,TN01AN3330,Ashok Leyland,BS-4,MTC,No,Ordinary,31-10-2019,Active
Avadi Depot,J1579,TN01AN3034,Ashok Leyland,BS-4,MTC,No,Ordinary,12-08-2019,Active
Avadi Depot,J1659,TN01AN3295,Ashok Leyland,BS-4,MTC,No,Ordinary,20-10-2019,Active
Avadi Depot,J1247,TN01AN2282,Ashok Leyland,BS-4,MTC,No,Ordinary,13-05-2019,Active
Avadi Depot,J1653,TN01AN3310,Ashok Leyland,BS-4,MTC,No,Ordinary,20-10-2019,Active
Avadi Depot,J1580,TN01AN2934,Ashok Leyland,BS-4,MTC,No,Ordinary,07-08-2019,Active
Avadi Depot,J1655,TN01AN3307,Ashok Leyland,BS-4,MTC,No,Ordinary,20-10-2019,Active
Avadi Depot,J1654,TN01AN3243,Ashok Leyland,BS-4,MTC,No,Ordinary,20-10-2019,Active
Avadi Depot,J1523,TN01AN2928,Ashok Leyland,BS-4,MTC,No,Ordinary,11-07-2019,Active
Avadi Depot,J1414,TN01AN2466,Ashok Leyland,BS-4,MTC,No,Ordinary,19-06-2019,Active
Avadi Depot,J1415,TN01AN2568,Ashok Leyland,BS-4,MTC,No,Ordinary,24-06-2019,Active
Avadi Depot,J0935,TN01AN1854,Ashok Leyland,BS-4,MTC,No,Ordinary,03-01-2019,Active
Anna Nagar Depot,J1181,TN01AN2319,Ashok Leyland,BS-4,MTC,No,Ordinary,06-05-2019,Active
Anna Nagar Depot,J1269,TN01AN2413,Ashok Leyland,BS-4,MTC,No,Ordinary,20-05-2019,Active
Anna Nagar Depot,J1335,TN01AN2476,Ashok Leyland,BS-4,MTC,No,Ordinary,19-06-2019,Active
Anna Nagar Depot,J1412,TN01AN2583,Ashok Leyland,BS-4,MTC,No,Ordinary,23-06-2019,Active
Anna Nagar Depot,J1440,TN01AN2639,Ashok Leyland,BS-4,MTC,No,Ordinary,25-06-2019,Active
Anna Nagar Depot,J1441,TN01AN2695,Ashok Leyland,BS-4,MTC,No,Ordinary,25-06-2019,Active
Anna Nagar Depot,J1442,TN01AN2676,Ashok Leyland,BS-4,MTC,No,Ordinary,25-06-2019,Active
Anna Nagar Depot,J1444,TN01AN2781,Ashok Leyland,BS-4,MTC,No,Ordinary,27-06-2019,Active
Anna Nagar Depot,J0949,TN01AN1909,Ashok Leyland,BS-4,MTC,No,Ordinary,03-01-2019,Active
Anna Nagar Depot,J0950,TN01AN1883,Ashok Leyland,BS-4,MTC,No,Ordinary,03-01-2019,Active
Anna Nagar Depot,J1507,TN01AN2886,Ashok Leyland,BS-4,MTC,No,Ordinary,11-07-2019,Active
Anna Nagar Depot,J1062,TN01AN2039,Ashok Leyland,BS-4,MTC,No,Ordinary,22-04-2019,Active
Anna Nagar Depot,J1137,TN01AN2043,Ashok Leyland,BS-4,MTC,No,Ordinary,22-04-2019,Active
Anna Nagar Depot,J1508,TN01AN2841,Ashok Leyland,BS-4,MTC,No,Ordinary,11-07-2019,Active
Anna Nagar Depot,J1521,TN01AN2929,Ashok Leyland,BS-4,MTC,No,Ordinary,11-07-2019,Active
Anna Nagar Depot,J1577,TN01AN2966,Ashok Leyland,BS-4,MTC,No,Ordinary,07-08-2019,Active
Anna Nagar Depot,J1115,TN01AN2247,Ashok Leyland,BS-4,MTC,No,Ordinary,13-05-2019,Active
Anna Nagar Depot,J1171,TN01AN2136,Ashok Leyland,BS-4,MTC,No,Ordinary,06-05-2019,Active
Anna Nagar Depot,J1861,TN01AN3546,Ashok Leyland,BS-4,MTC,No,Ordinary,23-02-2020,Active
Anna Nagar Depot,J1410,TN01AN2698,Ashok Leyland,BS-4,MTC,No,Ordinary,27-06-2019,Active
Anna Nagar Depot,J1969,TN01AN3918,Ashok Leyland,BS-4,MTC,No,Ordinary,22-03-2020,Active
Anna Nagar Depot,J2020,TN01AN3961,Ashok Leyland,BS-4,MTC,No,Ordinary,22-03-2020,Active
Anna Nagar Depot,J1003,TN01AN1971,Ashok Leyland,BS-4,MTC,No,Ordinary,17-03-2019,Active
Anna Nagar Depot,J1140,TN01AN2111,Ashok Leyland,BS-4,MTC,No,Ordinary,22-04-2019,Active
Anna Nagar Depot,J1337,TN01AN2565,Ashok Leyland,BS-4,MTC,No,Ordinary,24-06-2019,Active
Anna Nagar Depot,J0928,TN01AN1868,Ashok Leyland,BS-4,MTC,No,Ordinary,03-01-2019,Active
Anna Nagar Depot,J1068,TN01AN2102,Ashok Leyland,BS-4,MTC,No,Ordinary,22-04-2019,Active
Anna Nagar Depot,J1040,TN01AN1963,Ashok Leyland,BS-4,MTC,No,Ordinary,15-04-2019,Active
Anna Nagar Depot,J1459,TN01AN2795,Ashok Leyland,BS-4,MTC,No,Ordinary,02-07-2019,Active
Anna Nagar Depot,J0947,TN01AN1850,Ashok Leyland,BS-4,MTC,No,Ordinary,03-01-2019,Active
Anna Nagar Depot,J1361,TN01AN2651,Ashok Leyland,BS-4,MTC,No,Ordinary,27-06-2019,Active
Anna Nagar Depot,J1920,TN01AN3894,Ashok Leyland,BS-4,MTC,No,Ordinary,22-03-2020,Active
Anna Nagar Depot,J1648,TN01AN3296,Ashok Leyland,BS-4,MTC,No,Ordinary,20-10-2019,Active
Anna Nagar Depot,J1977,TN01AN3843,Ashok Leyland,BS-4,MTC,No,Ordinary,22-03-2020,Active
Anna Nagar Depot,J1105,TN01AN2133,Ashok Leyland,BS-4,MTC,No,Ordinary,06-05-2019,Active
Anna Nagar Depot,J1169,TN01AN2139,Ashok Leyland,BS-4,MTC,No,Ordinary,02-05-2019,Active
Adyar Depot,J1394,TN01AN2903,Ashok Leyland,BS-4,MTC,No,Ordinary,11-07-2019,Active
Adyar Depot,J0964,TN01AN1920,Ashok Leyland,BS-4,MTC,No,Ordinary,11-02-2019,Active
Adyar Depot,J0972,TN01AN1836,Ashok Leyland,BS-4,MTC,No,Ordinary,28-02-2019,Active
Adyar Depot,J0993,TN01AN2849,Ashok Leyland,BS-4,MTC,No,Ordinary,11-07-2019,Active
Adyar Depot,J1772,TN01AN3508,Ashok Leyland,BS-4,MTC,No,Ordinary,02-02-2020,Active
Adyar Depot,J1896,TN01AN3740,Ashok Leyland,BS-4,MTC,No,Ordinary,10-03-2020,Active
Adyar Depot,J2006,TN01AN3769,Ashok Leyland,BS-4,MTC,No,Ordinary,16-03-2020,Active
Adyar Depot,J0931,TN01AN1891,Ashok Leyland,BS-4,MTC,No,Ordinary,03-01-2019,Active
Adyar Depot,J0941,TN01AN1929,Ashok Leyland,BS-4,MTC,No,Ordinary,03-01-2019,Active
Adyar Depot,J1048,TN01AN1955,Ashok Leyland,BS-4,MTC,No,Ordinary,15-04-2019,Active
Adyar Depot,J1023,TN01AN2604,Ashok Leyland,BS-4,MTC,No,Ordinary,24-06-2019,Active
Adyar Depot,J1080,TN01AN2076,Ashok Leyland,BS-4,MTC,No,Ordinary,01-05-2019,Active
Adyar Depot,J1092,TN01AN2209,Ashok Leyland,BS-4,MTC,No,Ordinary,06-05-2019,Active
Adyar Depot,J1187,TN01AN2299,Ashok Leyland,BS-4,MTC,No,Ordinary,13-05-2019,Active
Adyar Depot,J1937,TN01AN3816,Ashok Leyland,BS-4,MTC,No,Ordinary,06-03-2020,Active
Adyar Depot,J1261,TN01AN2377,Ashok Leyland,BS-4,MTC,No,Ordinary,20-05-2019,Active
Adyar Depot,J1913,TN01AN3745,Ashok Leyland,BS-4,MTC,No,Ordinary,06-03-2020,Active
Adyar Depot,J1844,TN01AN3585,Ashok Leyland,BS-4,MTC,No,Ordinary,17-02-2020,Active
Adyar Depot,J1873,TN01AN3715,Ashok Leyland,BS-4,MTC,No,Ordinary,04-03-2020,Active
Adyar Depot,J1330,TN01AN2471,Ashok Leyland,BS-4,MTC,No,Ordinary,19-06-2019,Active
Adyar Depot,J0920,TN01AN1857,Ashok Leyland,BS-4,MTC,No,Ordinary,03-01-2019,Active
Adyar Depot,J1497,TN01AN2733,Ashok Leyland,BS-4,MTC,No,Ordinary,02-07-2019,Active
Adyar Depot,J1323,TN01AN2826,Ashok Leyland,BS-4,MTC,No,Ordinary,27-06-2019,Active
Adyar Depot,J1529,TN01AN2882,Ashok Leyland,BS-4,MTC,No,Ordinary,11-07-2019,Active
Adyar Depot,J1315,TN01AN2535,Ashok Leyland,BS-4,MTC,No,Ordinary,24-06-2019,Active
Adyar Depot,J1196,TN01AN2126,Ashok Leyland,BS-4,MTC,No,Ordinary,22-04-2019,Active
Adyar Depot,J1197,TN01AN2125,Ashok Leyland,BS-4,MTC,No,Ordinary,22-04-2019,Active
Adyar Depot,J1227,TN01AN2260,Ashok Leyland,BS-4,MTC,No,Ordinary,06-05-2019,Active
Adyar Depot,J1320,TN01AN2756,Ashok Leyland,BS-4,MTC,No,Ordinary,27-06-2019,Active
Adyar Depot,J0994,TN01AN1873,Ashok Leyland,BS-4,MTC,No,Ordinary,03-01-2019,Active
Adyar Depot,J1007,TN01AN1937,Ashok Leyland,BS-4,MTC,No,Ordinary,14-04-2019,Active
Adyar Depot,J1553,TN01AN3124,Ashok Leyland,BS-4,MTC,No,Ordinary,12-08-2019,Active
Adyar Depot,J1528,TN01AN2898,Ashok Leyland,BS-4,MTC,No,Ordinary,11-07-2019,Active
Adyar Depot,J1527,TN01AN2908,Ashok Leyland,BS-4,MTC,No,Ordinary,11-07-2019,Active
Adyar Depot,J1519,TN01AN2914,Ashok Leyland,BS-4,MTC,No,Ordinary,11-07-2019,Active
Adyar Depot,J1498,TN01AN2742,Ashok Leyland,BS-4,MTC,No,Ordinary,02-07-2019,Active
Adyar Depot,J1490,TN01AN2830,Ashok Leyland,BS-4,MTC,No,Ordinary,02-07-2019,Active
Adyar Depot,J1024,TN01AN2534,Ashok Leyland,BS-4,MTC,No,Ordinary,24-06-2019,Active
Adyar Depot,J1277,TN01AN2595,Ashok Leyland,BS-4,MTC,No,Ordinary,23-06-2019,Active
Adyar Depot,J1316,TN01AN2541,Ashok Leyland,BS-4,MTC,No,Ordinary,24-06-2019,Active
Adyar Depot,J1272,TN01AN2478,Ashok Leyland,BS-4,MTC,No,Ordinary,19-06-2019,Active
Adyar Depot,MD2241,AM01DD0079,Ashok Leyland,BS-6,MTC - Dummy,No,Deluxe,27-01-2020,Active
Adyar Depot,MD2242,AM01DD0080,Ashok Leyland,BS-6,MTC - Dummy,No,Deluxe,27-01-2020,Active
Adyar Depot,MD2235,AM01DD0073,Ashok Leyland,BS-6,MTC - Dummy,No,Deluxe,27-01-2020,Active
Adyar Depot,MD2243,AM01DD0081,Ashok Leyland,BS-6,MTC - Dummy,No,Deluxe,27-01-2020,Active
Adyar Depot,MD2244,AM01DD0082,Ashok Leyland,BS-6,MTC - Dummy,No,Deluxe,27-01-2020,Active
Adyar Depot,MD2245,AM01DD0083,Ashok Leyland,BS-6,MTC - Dummy,No,Deluxe,27-01-2020,Active
Adyar Depot,J1317,TN01AN2610,Ashok Leyland,BS-4,MTC,No,Ordinary,24-06-2019,Active
Adyar Depot,J1530,TN01AN2855,Ashok Leyland,BS-4,MTC,No,Ordinary,11-07-2019,Active
Adyar Depot,J1783,TN01AN3564,Ashok Leyland,BS-4,MTC,No,Ordinary,09-02-2020,Active
Adyar Depot,J1278,TN01AN2449,Ashok Leyland,BS-4,MTC,No,Ordinary,19-06-2019,Active
Adyar Depot,J1273,TN01AN2516,Ashok Leyland,BS-4,MTC,No,Ordinary,19-06-2019,Active
Adyar Depot,J0910,TN01AN1899,Ashok Leyland,BS-4,MTC,No,Ordinary,08-10-2018,Active
Padiyanallur Depot,J0961,TN01AN1879,Ashok Leyland,BS-4,MTC,No,Ordinary,03-01-2019,Active
Padiyanallur Depot,J0970,TN01AN1869,Ashok Leyland,BS-4,MTC,No,Ordinary,12-02-2019,Active
Padiyanallur Depot,J1573,TN01AN2950,Ashok Leyland,BS-4,MTC,No,Ordinary,07-08-2019,Active
Padiyanallur Depot,J1446,TN01AN2721,Ashok Leyland,BS-4,MTC,No,Ordinary,25-06-2019,Active
Padiyanallur Depot,J0953,TN01AN1856,Ashok Leyland,BS-4,MTC,No,Ordinary,03-01-2019,Active
Padiyanallur Depot,J0960,TN01AN1867,Ashok Leyland,BS-4,MTC,No,Ordinary,03-01-2019,Active
Padiyanallur Depot,J1496,TN01AN2785,Ashok Leyland,BS-4,MTC,No,Ordinary,02-07-2019,Active
Padiyanallur Depot,J1994,TN01AN3796,Ashok Leyland,BS-4,MTC,No,Ordinary,13-03-2020,Active
Padiyanallur Depot,J1980,TN01AN3875,Ashok Leyland,BS-4,MTC,No,Ordinary,22-03-2020,Active
Padiyanallur Depot,J1073,TN01AN2061,Ashok Leyland,BS-4,MTC,No,Ordinary,01-05-2019,Active
Padiyanallur Depot,J1133,TN01AN2079,Ashok Leyland,BS-4,MTC,No,Ordinary,22-04-2019,Active
Padiyanallur Depot,J1098,TN01AN2167,Ashok Leyland,BS-4,MTC,No,Ordinary,06-05-2019,Active
Padiyanallur Depot,J1059,TN01AN2109,Ashok Leyland,BS-4,MTC,No,Ordinary,22-04-2019,Active
Padiyanallur Depot,J1014,TN01AN2577,Ashok Leyland,BS-4,MTC,No,Ordinary,24-06-2019,Active
Padiyanallur Depot,J1563,TN01AN3079,Ashok Leyland,BS-4,MTC,No,Ordinary,12-08-2019,Active
Padiyanallur Depot,J1487,TN01AN2754,Ashok Leyland,BS-4,MTC,No,Ordinary,02-07-2019,Active
Padiyanallur Depot,J1230,TN01AN2228,Ashok Leyland,BS-4,MTC,No,Ordinary,02-05-2019,Active
Padiyanallur Depot,J0955,TN01AN1864,Ashok Leyland,BS-4,MTC,No,Ordinary,03-01-2019,Active
Padiyanallur Depot,J0959,TN01AN1881,Ashok Leyland,BS-4,MTC,No,Ordinary,03-01-2019,Active
Semmenchery Depot,J0912,TN01AN1833,Ashok Leyland,BS-4,MTC,No,Ordinary,03-01-2019,Active
Semmenchery Depot,J0914,TN01AN1876,Ashok Leyland,BS-4,MTC,No,Ordinary,03-01-2019,Active
Semmenchery Depot,J0913,TN01AN1903,Ashok Leyland,BS-4,MTC,No,Ordinary,03-01-2019,Active
Semmenchery Depot,J1456,TN01AN2723,Ashok Leyland,BS-4,MTC,No,Ordinary,27-06-2019,Active
Semmenchery Depot,J1932,TN01AN3667,Ashok Leyland,BS-4,MTC,No,Ordinary,04-03-2020,Active
Semmenchery Depot,J1934,TN01AN3798,Ashok Leyland,BS-4,MTC,No,Ordinary,09-03-2020,Active
Semmenchery Depot,J0918,TN01AN1837,Ashok Leyland,BS-4,MTC,No,Ordinary,03-01-2019,Active
Semmenchery Depot,J0967,TN01AN1885,Ashok Leyland,BS-4,MTC,No,Ordinary,11-02-2019,Active
Semmenchery Depot,J1006,TN01AN2097,Ashok Leyland,BS-4,MTC,No,Ordinary,01-05-2019,Active
Semmenchery Depot,J2002,TN01AN3810,Ashok Leyland,BS-4,MTC,No,Ordinary,05-03-2020,Active
Semmenchery Depot,J1506,TN01AN2842,Ashok Leyland,BS-4,MTC,No,Ordinary,11-07-2019,Active
Semmenchery Depot,J1649,TN01AN3249,Ashok Leyland,BS-4,MTC,No,Ordinary,20-10-2019,Active
Semmenchery Depot,J1789,TN01AN3614,Ashok Leyland,BS-4,MTC,No,Ordinary,09-02-2020,Active
Semmenchery Depot,J1534,TN01AN2964,Ashok Leyland,BS-4,MTC,No,Ordinary,18-07-2019,Active
Semmenchery Depot,J1203,TN01AN2083,Ashok Leyland,BS-4,MTC,No,Ordinary,22-04-2019,Active
Semmenchery Depot,J1319,TN01AN2623,Ashok Leyland,BS-4,MTC,No,Ordinary,24-06-2019,Active
Semmenchery Depot,J1276,TN01AN2489,Ashok Leyland,BS-4,MTC,No,Ordinary,19-06-2019,Active
Basin Bridge Depot,J1199,TN01AN2122,Ashok Leyland,BS-4,MTC,No,Ordinary,22-04-2019,Active
Ennore Depot,J1965,TN01AN4021,Ashok Leyland,BS-4,MTC,No,Ordinary,22-03-2020,Active
Ennore Depot,J0956,TN01AN1926,Ashok Leyland,BS-4,MTC,No,Ordinary,06-01-2019,Active
Ennore Depot,J2030,TN01AN3944,Ashok Leyland,BS-4,MTC,No,Ordinary,22-03-2020,Active
Ennore Depot,J1876,TN01AN3584,Ashok Leyland,BS-4,MTC,No,Ordinary,17-02-2020,Active
Ennore Depot,J2093,TN01AN3938,Ashok Leyland,BS-4,MTC,No,Ordinary,22-03-2020,Active
Ennore Depot,J1292,TN01AN2462,Ashok Leyland,BS-4,MTC,No,Ordinary,19-06-2019,Active
Ennore Depot,J1226,TN01AN2174,Ashok Leyland,BS-4,MTC,No,Ordinary,02-05-2019,Active
Ennore Depot,J1239,TN01AN2290,Ashok Leyland,BS-4,MTC,No,Ordinary,06-05-2019,Active
Ennore Depot,J1242,TN01AN2256,Ashok Leyland,BS-4,MTC,No,Ordinary,06-05-2019,Active
Ennore Depot,J1224,TN01AN2176,Ashok Leyland,BS-4,MTC,No,Ordinary,02-05-2019,Active
Ennore Depot,J1026,TN01AN2596,Ashok Leyland,BS-4,MTC,No,Ordinary,24-06-2019,Active
Ennore Depot,J1771,TN01AN3568,Ashok Leyland,BS-4,MTC,No,Ordinary,06-02-2020,Active
Ennore Depot,J1770,TN01AN3485,Ashok Leyland,BS-4,MTC,No,Ordinary,02-02-2020,Active
Kilambakkam Depot,J1285,TN01AN2460,Ashok Leyland,BS-4,MTC,No,Ordinary,19-06-2019,Active
Kannagi Nagar Depot,J0919,TN01AN1924,Ashok Leyland,BS-4,MTC,No,Ordinary,03-01-2019,Active
Kannagi Nagar Depot,J0916,TN01AN1910,Ashok Leyland,BS-4,MTC,No,Ordinary,03-01-2019,Active
Kannagi Nagar Depot,J0932,TN01AN1877,Ashok Leyland,BS-4,MTC,No,Ordinary,03-01-2019,Active
Kannagi Nagar Depot,J1439,TN01AN2660,Ashok Leyland,BS-4,MTC,No,Ordinary,25-06-2019,Active
Kannagi Nagar Depot,J1108,TN01AN2316,Ashok Leyland,BS-4,MTC,No,Ordinary,08-05-2019,Active
Kannagi Nagar Depot,J1027,TN01AN2913,Ashok Leyland,BS-4,MTC,No,Ordinary,11-07-2019,Active
Chrompet -II Depot,J0934,TN01AN1852,Ashok Leyland,BS-4,MTC,No,Ordinary,03-01-2019,Active
Chrompet -II Depot,J0988,TN01AN2149,Ashok Leyland,BS-4,MTC,No,Ordinary,02-05-2019,Active
Chrompet -II Depot,J2094,TN01AN3967,Ashok Leyland,BS-4,MTC,No,Ordinary,22-03-2020,Active
Chrompet -II Depot,J1138,TN01AN2038,Ashok Leyland,BS-4,MTC,No,Ordinary,22-04-2019,Active
Chrompet -II Depot,J1209,TN01AN2130,Ashok Leyland,BS-4,MTC,No,Ordinary,01-05-2019,Active
Chrompet -II Depot,J1241,TN01AN2327,Ashok Leyland,BS-4,MTC,No,Ordinary,06-05-2019,Active
Chrompet -II Depot,J1351,TN01AN2714,Ashok Leyland,BS-4,MTC,No,Ordinary,25-06-2019,Active
Chrompet -II Depot,J1387,TN01AN2831,Ashok Leyland,BS-4,MTC,No,Ordinary,11-07-2019,Active
Chrompet -II Depot,J1225,TN01AN2135,Ashok Leyland,BS-4,MTC,No,Ordinary,02-05-2019,Active
Chrompet -II Depot,J1832,TN45N4243,Ashok Leyland,BS-4,MTC,No,Ordinary,01-01-2020,Active
Chrompet -II Depot,J1293,TN01AN2593,Ashok Leyland,BS-4,MTC,No,Ordinary,23-06-2019,Active
Chrompet -II Depot,J1883,TN01AN3636,Ashok Leyland,BS-4,MTC,No,Ordinary,02-03-2020,Active
Chrompet -II Depot,J1248,TN01AN2325,Ashok Leyland,BS-4,MTC,No,Ordinary,13-05-2019,Active
Anna Nagar East Depot,J2068,TN01AN3793,Ashok Leyland,BS-4,MTC,No,Ordinary,12-03-2020,Active
Anna Nagar East Depot,J1428,TN01AN2704,Ashok Leyland,BS-4,MTC,No,Ordinary,25-06-2019,Active
Anna Nagar East Depot,J1255,TN01AN2427,Ashok Leyland,BS-4,MTC,No,Ordinary,20-05-2019,Active
Anna Nagar East Depot,J1586,TN01AN3009,Ashok Leyland,BS-4,MTC,No,Ordinary,07-08-2019,Active
Anna Nagar East Depot,J1082,TN01AN2062,Ashok Leyland,BS-4,MTC,No,Ordinary,01-05-2019,Active
Anna Nagar East Depot,J1279,TN01AN2482,Ashok Leyland,BS-4,MTC,No,Ordinary,19-06-2019,Active
Anna Nagar East Depot,J1642,TN01AN3315,Ashok Leyland,BS-4,MTC,No,Ordinary,20-10-2019,Active
Anna Nagar East Depot,J1578,TN01AN3042,Ashok Leyland,BS-4,MTC,No,Ordinary,12-08-2019,Active
Anna Nagar East Depot,J2070,TN01AN3917,Ashok Leyland,BS-4,MTC,No,Ordinary,16-03-2020,Active
Ennore Depot,J1464,TN01AN2634,Ashok Leyland,BS-4,MTC,No,Ordinary,27-06-2019,Active
Chrompet -I Depot,J1343,TN01AN2614,Ashok Leyland,BS-4,MTC,No,Express,24-06-2019,Active
Tondiarpet-2 Depot,J1866,TN01AN3570,Ashok Leyland,BS-4,MTC,No,Express,01-03-2020,Active
Tondiarpet-2 Depot,J1886,TN01AN3627,Ashok Leyland,BS-4,MTC,No,Express,01-03-2020,Active
Tondiarpet-2 Depot,J1888,TN01AN3620,Ashok Leyland,BS-4,MTC,No,Express,01-03-2020,Active
Tambaram Depot,J2096,TN01AN4024,Ashok Leyland,BS-4,MTC,No,Express,22-03-2020,Active
Tondiarpet-2 Depot,J2099,TN01AN3952,Ashok Leyland,BS-4,MTC,No,Express,22-03-2020,Active
Padiyanallur Depot,J2107,TN01AN3963,Ashok Leyland,BS-4,MTC,No,Express,22-03-2020,Active
Tambaram Depot,J2077,TN01AN3886,Ashok Leyland,BS-4,MTC,No,Express,22-03-2020,Active
Tambaram Depot,J2078,TN01AN3850,Ashok Leyland,BS-4,MTC,No,Express,22-03-2020,Active
Tondiarpet-2 Depot,J1982,TN01AN3926,Ashok Leyland,BS-4,MTC,No,Express,22-03-2020,Active
Tondiarpet-2 Depot,J2090,TN01AN3997,Ashok Leyland,BS-4,MTC,No,Express,22-03-2020,Active
Chrompet -I Depot,J1341,TN01AN2617,Ashok Leyland,BS-4,MTC,No,Express,24-06-2019,Active
Chrompet -I Depot,J1797,TN01AN3622,Ashok Leyland,BS-4,MTC,No,Express,09-02-2020,Active
Madhavaram Depot,J1975,TN01AN3849,Ashok Leyland,BS-4,MTC,No,Express,22-03-2020,Active
Padiyanallur Depot,J1910,TN01AN3891,Ashok Leyland,BS-4,MTC,No,Express,16-03-2020,Active
Padiyanallur Depot,J1174,TN01AN2169,Ashok Leyland,BS-4,MTC,No,Express,06-05-2019,Active
Padiyanallur Depot,J1800,TN01AN3634,Ashok Leyland,BS-4,MTC,No,Express,02-03-2020,Active
Padiyanallur Depot,J1911,TN01AN3821,Ashok Leyland,BS-4,MTC,No,Express,16-03-2020,Active
Tondiarpet-2 Depot,J1854,TN01AN3544,Ashok Leyland,BS-4,MTC,No,Express,01-03-2020,Active
Thiruvanmiyur Depot,J0603,TN01AN1256,Tata,BS-4,MTC,No,Small Bus(Express),05-02-2016,Active
Thiruvanmiyur Depot,J0629,TN01AN1309,Tata,BS-4,MTC,No,Small Bus(Express),05-02-2016,Active
Tondiarpet-2 Depot,J0343,TN01AN0763,Tata,BS-4,MTC,No,Small Bus(Express),18-02-2014,Active
Vadapalani Depot,J0642,TN01AN1255,Tata,BS-4,MTC,No,Small Bus(Express),05-02-2016,Active
Vadapalani Depot,J0648,TN01AN1285,Tata,BS-4,MTC,No,Small Bus(Express),05-02-2016,Active
Vadapalani Depot,J0283,TN01AN0698,Tata,BS-4,MTC,No,Small Bus(Express),21-10-2013,Active
Adambakkam Depot,J0256,TN01AN0705,Tata,BS-4,MTC,No,Small Bus(Express),21-10-2013,Active
Adambakkam Depot,J0258,TN01AN0690,Tata,BS-4,MTC,No,Small Bus(Express),21-10-2013,Active
Adambakkam Depot,J0604,TN01AN1314,Tata,BS-4,MTC,No,Small Bus(Express),05-02-2016,Active
Adambakkam Depot,J0613,TN01AN1227,Tata,BS-4,MTC,No,Small Bus(Express),05-02-2016,Active
Adambakkam Depot,J0640,TN01AN1224,Tata,BS-4,MTC,No,Small Bus(Express),05-02-2016,Active
Adambakkam Depot,J0692,TN01AN1362,Tata,BS-4,MTC,No,Small Bus(Express),29-02-2016,Active
Adambakkam Depot,J0701,TN01AN1396,Tata,BS-4,MTC,No,Small Bus(Express),29-02-2016,Active
Anna Nagar Depot,J0673,TN01AN1388,Tata,BS-4,MTC,No,Small Bus(Express),29-02-2016,Active
Avadi Depot,J0293,TN01AN0730,Tata,BS-4,MTC,No,Small Bus(Express),21-10-2013,Active
Avadi Depot,J0294,TN01AN0680,Tata,BS-4,MTC,No,Small Bus(Express),21-10-2013,Active
Avadi Depot,J0299,TN01AN0697,Tata,BS-4,MTC,No,Small Bus(Express),21-10-2013,Active
Avadi Depot,J0301,TN01AN0779,Tata,BS-4,MTC,No,Small Bus(Express),18-02-2014,Active
Avadi Depot,J0336,TN01AN0795,Tata,BS-4,MTC,No,Small Bus(Express),18-02-2014,Active
Avadi Depot,J0619,TN01AN1211,Tata,BS-4,MTC,No,Small Bus(Express),05-02-2016,Active
Avadi Depot,J0620,TN01AN1267,Tata,BS-4,MTC,No,Small Bus(Express),05-02-2016,Active
Avadi Depot,J0621,TN01AN1244,Tata,BS-4,MTC,No,Small Bus(Express),05-02-2016,Active
Avadi Depot,J0622,TN01AN1301,Tata,BS-4,MTC,No,Small Bus(Express),05-02-2016,Active
Avadi Depot,J0623,TN01AN1269,Tata,BS-4,MTC,No,Small Bus(Express),05-02-2016,Active
Avadi Depot,J0624,TN01AN1235,Tata,BS-4,MTC,No,Small Bus(Express),05-02-2016,Active
Avadi Depot,J0647,TN01AN1228,Tata,BS-4,MTC,No,Small Bus(Express),05-02-2016,Active
Avadi Depot,J0671,TN01AN1361,Tata,BS-4,MTC,No,Small Bus(Express),29-02-2016,Active
Avadi Depot,J0672,TN01AN1359,Tata,BS-4,MTC,No,Small Bus(Express),29-02-2016,Active
Avadi Depot,J0684,TN01AN1348,Tata,BS-4,MTC,No,Small Bus(Express),29-02-2016,Active
Avadi Depot,J0686,TN01AN1391,Tata,BS-4,MTC,No,Small Bus(Express),29-02-2016,Active
Avadi Depot,J0687,TN01AN1370,Tata,BS-4,MTC,No,Small Bus(Express),29-02-2016,Active
Avadi Depot,J0693,TN01AN1381,Tata,BS-4,MTC,No,Small Bus(Express),29-02-2016,Active
Adyar Depot,AM2040,AM01DU0078,Ashok Leyland,BS-6,MTC - Dummy,No,Deluxe,,Active
Adyar Depot,AM2039,AM01DU0077,Ashok Leyland,BS-6,MTC - Dummy,No,Deluxe,,Active
Adyar Depot,Z5192,PR07DU1854,Ashok Leyland,BS-6,MTC - Dummy,No,Deluxe,,Active
Adyar Depot,Z5207,AY01DU0050,Ashok Leyland,BS-6,MTC - Dummy,No,Deluxe,,Active
Avadi Depot,J0703,TN01AN1404,Tata,BS-4,MTC,No,Small Bus(Express),29-02-2016,Active
Adyar Depot,Z0120,ZZ01MV0058,Ashok Leyland,BS-6,MTC - Dummy,No,Deluxe,25-07-2025,Active
Ayanavaram Depot,J0259,TN01AN0685,Tata,BS-4,MTC,No,Small Bus(Express),21-10-2013,Active
Adyar Depot,Z0121,ZZ01MV0056,Ashok Leyland,BS-6,MTC - Dummy,No,Deluxe,25-07-2025,Active
Ayanavaram Depot,J0344,TN01AN0785,Tata,BS-4,MTC,No,Small Bus(Express),18-02-2014,Active
Adyar Depot,Z01120,ZZ01MV0055,Ashok Leyland,BS-6,MTC - Dummy,No,Deluxe,25-07-2025,Active
Ayanavaram Depot,J0625,TN01AN1257,Tata,BS-4,MTC,No,Small Bus(Express),05-02-2016,Active
Ayanavaram Depot,J0626,TN01AN1300,Tata,BS-4,MTC,No,Small Bus(Express),05-02-2016,Active
Ayanavaram Depot,J0662,TN01AN1330,Tata,BS-4,MTC,No,Small Bus(Express),07-02-2016,Active
Ayanavaram Depot,J1049,TN01AN2026,Ashok Leyland,BS-4,MTC,No,Small Bus(Express),03-03-2019,Active
Chrompet -I Depot,J0250,TN01AN0721,Tata,BS-4,MTC,No,Small Bus(Express),21-10-2013,Active
Chrompet -I Depot,J0266,TN01AN0723,Tata,BS-4,MTC,No,Small Bus(Express),21-10-2013,Active
Chrompet -I Depot,J0310,TN01AN0797,Tata,BS-4,MTC,No,Small Bus(Express),18-02-2014,Active
Chrompet -I Depot,J0328,TN01AN0760,Tata,BS-4,MTC,No,Small Bus(Express),18-02-2014,Active
Chrompet -I Depot,J0630,TN01AN1238,Tata,BS-4,MTC,No,Small Bus(Express),05-02-2016,Active
Chrompet -I Depot,J0632,TN01AN1275,Tata,BS-4,MTC,No,Small Bus(Express),05-02-2016,Active
Chrompet -I Depot,J0633,TN01AN1260,Tata,BS-4,MTC,No,Small Bus(Express),05-02-2016,Active
Chrompet -I Depot,J0653,TN01AN1320,Tata,BS-4,MTC,No,Small Bus(Express),07-02-2016,Active
Chrompet -I Depot,J0661,TN01AN1324,Tata,BS-4,MTC,No,Small Bus(Express),07-02-2016,Active
Chrompet -I Depot,J0697,TN01AN1357,Tata,BS-4,MTC,No,Small Bus(Express),29-02-2016,Active
Chrompet -I Depot,J0705,TN01AN1369,Tata,BS-4,MTC,No,Small Bus(Express),29-02-2016,Active
Chrompet -II Depot,J0251,TN01AN0673,Tata,BS-4,MTC,No,Small Bus(Express),21-10-2013,Active
Chrompet -II Depot,J0257,TN01AN0696,Tata,BS-4,MTC,No,Small Bus(Express),21-10-2013,Active
Chrompet -II Depot,J0325,TN01AN0780,Tata,BS-4,MTC,No,Small Bus(Express),18-02-2014,Active
Chrompet -II Depot,J0601,TN01AN1308,Tata,BS-4,MTC,No,Small Bus(Express),05-02-2016,Active
Chrompet -II Depot,J0602,TN01AN1237,Tata,BS-4,MTC,No,Small Bus(Express),05-02-2016,Active
Chrompet -II Depot,J0606,TN01AN1299,Tata,BS-4,MTC,No,Small Bus(Express),05-02-2016,Active
Chrompet -II Depot,J0616,TN01AN1216,Tata,BS-4,MTC,No,Small Bus(Express),05-02-2016,Active
Chrompet -II Depot,J0628,TN01AN1213,Tata,BS-4,MTC,No,Small Bus(Express),05-02-2016,Active
Vadapalani Depot,J0649,TN01AN1221,Tata,BS-4,MTC,No,Small Bus(Express),05-02-2016,Active
Chrompet -II Depot,J0643,TN01AN1254,Tata,BS-4,MTC,No,Small Bus(Express),05-02-2016,Active
Chrompet -II Depot,J0652,TN01AN1333,Tata,BS-4,MTC,No,Small Bus(Express),07-02-2016,Active
Thiruvanmiyur Depot,J0681,TN01AN1351,Tata,BS-4,MTC,No,Small Bus(Express),29-02-2016,Active
T.Nagar Depot,J0636,TN01AN1243,Tata,BS-4,MTC,No,Small Bus(Express),05-02-2016,Active
T.Nagar Depot,J0347,TN01AN0793,Tata,BS-4,MTC,No,Small Bus(Express),18-02-2014,Active
Tambaram Depot,J0694,TN01AN1363,Tata,BS-4,MTC,No,Small Bus(Express),29-02-2016,Active
Tambaram Depot,J0664,TN01AN1323,Tata,BS-4,MTC,No,Small Bus(Express),07-02-2016,Active
Tambaram Depot,J0304,TN01AN0767,Tata,BS-4,MTC,No,Small Bus(Express),18-02-2014,Active
Saidapet Depot,J0275,TN01AN0729,Tata,BS-4,MTC,No,Small Bus(Express),21-10-2013,Active
Perambur Depot,J0346,TN01AN0739,Tata,BS-4,MTC,No,Small Bus(Express),18-02-2014,Active
Perambur Depot,J0284,TN01AN0699,Tata,BS-4,MTC,No,Small Bus(Express),21-10-2013,Active
Chrompet -II Depot,J0655,TN01AN1326,Tata,BS-4,MTC,No,Small Bus(Express),07-02-2016,Active
Chrompet -II Depot,J0665,TN01AN1350,Tata,BS-4,MTC,No,Small Bus(Express),29-02-2016,Active
Chrompet -II Depot,J0690,TN01AN1355,Tata,BS-4,MTC,No,Small Bus(Express),29-02-2016,Active
Chrompet -II Depot,J0695,TN01AN1405,Tata,BS-4,MTC,No,Small Bus(Express),29-02-2016,Active
Perambur Depot,J0272,TN01AN0715,Tata,BS-4,MTC,No,Small Bus(Express),21-10-2013,Active
Chrompet -II Depot,J0698,TN01AN1393,Tata,BS-4,MTC,No,Small Bus(Express),29-02-2016,Active
Chrompet -II Depot,J0699,TN01AN1380,Tata,BS-4,MTC,No,Small Bus(Express),29-02-2016,Active
Chrompet -II Depot,J0709,TN01AN1399,Tata,BS-4,MTC,No,Small Bus(Express),29-02-2016,Active
Chrompet -II Depot,J0645,TN01AN1311,Tata,BS-4,MTC,No,Small Bus(Express),05-02-2016,Active
Chrompet -II Depot,J0708,TN01AN1398,Tata,BS-4,MTC,No,Small Bus(Express),29-02-2016,Active
Iyyapanthangal Depot,J0280,TN01AN0684,Tata,BS-4,MTC,No,Small Bus(Express),21-10-2013,Active
Perambur Depot,J0261,TN01AN0693,Tata,BS-4,MTC,No,Small Bus(Express),21-10-2013,Active
Iyyapanthangal Depot,J0306,TN01AN0765,Tata,BS-4,MTC,No,Small Bus(Express),18-02-2014,Active
Iyyapanthangal Depot,J0307,TN01AN0807,Tata,BS-4,MTC,No,Small Bus(Express),18-02-2014,Active
Iyyapanthangal Depot,J0315,TN01AN0749,Tata,BS-4,MTC,No,Small Bus(Express),18-02-2014,Active
Iyyapanthangal Depot,J0317,TN01AN0808,Tata,BS-4,MTC,No,Small Bus(Express),18-02-2014,Active
Iyyapanthangal Depot,J0321,TN01AN0741,Tata,BS-4,MTC,No,Small Bus(Express),18-02-2014,Active
Iyyapanthangal Depot,J0323,TN01AN0762,Tata,BS-4,MTC,No,Small Bus(Express),18-02-2014,Active
Iyyapanthangal Depot,J0329,TN01AN0742,Tata,BS-4,MTC,No,Small Bus(Express),18-02-2014,Active
Iyyapanthangal Depot,J0338,TN01AN0748,Tata,BS-4,MTC,No,Small Bus(Express),18-02-2014,Active
Poonamallee Depot,J0255,TN01AN0716,Tata,BS-4,MTC,No,Small Bus(Express),21-10-2013,Active
Iyyapanthangal Depot,J0348,TN01AN0784,Tata,BS-4,MTC,No,Small Bus(Express),18-02-2014,Active
Iyyapanthangal Depot,J0617,TN01AN1262,Tata,BS-4,MTC,No,Small Bus(Express),05-02-2016,Active
Iyyapanthangal Depot,J0618,TN01AN1312,Tata,BS-4,MTC,No,Small Bus(Express),05-02-2016,Active
Madhavaram Depot,J0700,TN01AN1397,Tata,BS-4,MTC,No,Small Bus(Express),29-02-2016,Active
Iyyapanthangal Depot,J0680,TN01AN1383,Tata,BS-4,MTC,No,Small Bus(Express),29-02-2016,Active
Iyyapanthangal Depot,J0691,TN01AN1390,Tata,BS-4,MTC,No,Small Bus(Express),29-02-2016,Active
Iyyapanthangal Depot,J0706,TN01AN1345,Tata,BS-4,MTC,No,Small Bus(Express),29-02-2016,Active
K.K. Nagar Depot,J0253,TN01AN0722,Tata,BS-4,MTC,No,Small Bus(Express),21-10-2013,Active
K.K. Nagar Depot,J0263,TN01AN0717,Tata,BS-4,MTC,No,Small Bus(Express),21-10-2013,Active
K.K. Nagar Depot,J0265,TN01AN0713,Tata,BS-4,MTC,No,Small Bus(Express),21-10-2013,Active
K.K. Nagar Depot,J0268,TN01AN0726,Tata,BS-4,MTC,No,Small Bus(Express),21-10-2013,Active
K.K. Nagar Depot,J0273,TN01AN0706,Tata,BS-4,MTC,No,Small Bus(Express),21-10-2013,Active
K.K. Nagar Depot,J0279,TN01AN0712,Tata,BS-4,MTC,No,Small Bus(Express),21-10-2013,Active
K.K. Nagar Depot,J0289,TN01AN0691,Tata,BS-4,MTC,No,Small Bus(Express),21-10-2013,Active
K.K. Nagar Depot,J0312,TN01AN0802,Tata,BS-4,MTC,No,Small Bus(Express),18-02-2014,Active
K.K. Nagar Depot,J0313,TN01AN0750,Tata,BS-4,MTC,No,Small Bus(Express),18-02-2014,Active
K.K. Nagar Depot,J0314,TN01AN0770,Tata,BS-4,MTC,No,Small Bus(Express),18-02-2014,Active
K.K. Nagar Depot,J0615,TN01AN1266,Tata,BS-4,MTC,No,Small Bus(Express),05-02-2016,Active
K.K. Nagar Depot,J0634,TN01AN1240,Tata,BS-4,MTC,No,Small Bus(Express),05-02-2016,Active
K.K. Nagar Depot,J0635,TN01AN1282,Tata,BS-4,MTC,No,Small Bus(Express),05-02-2016,Active
K.K. Nagar Depot,J0656,TN01AN1316,Tata,BS-4,MTC,No,Small Bus(Express),07-02-2016,Active
K.K. Nagar Depot,J0657,TN01AN1328,Tata,BS-4,MTC,No,Small Bus(Express),07-02-2016,Active
K.K. Nagar Depot,J0658,TN01AN1325,Tata,BS-4,MTC,No,Small Bus(Express),07-02-2016,Active
K.K. Nagar Depot,J0659,TN01AN1329,Tata,BS-4,MTC,No,Small Bus(Express),07-02-2016,Active
K.K. Nagar Depot,J0666,TN01AN1353,Tata,BS-4,MTC,No,Small Bus(Express),29-02-2016,Active
Madhavaram Depot,J0670,TN01AN1366,Tata,BS-4,MTC,No,Small Bus(Express),29-02-2016,Active
Kundrathur Depot,J0254,TN01AN0675,Tata,BS-4,MTC,No,Small Bus(Express),21-10-2013,Active
Mandaveli Depot,J0264,TN01AN0679,Tata,BS-4,MTC,No,Small Bus(Express),21-10-2013,Active
Mandaveli Depot,J0322,TN01AN0803,Tata,BS-4,MTC,No,Small Bus(Express),18-02-2014,Active
Mandaveli Depot,J0340,TN01AN0772,Tata,BS-4,MTC,No,Small Bus(Express),18-02-2014,Active
Madhavaram Depot,J0285,TN01AN0682,Tata,BS-4,MTC,No,Small Bus(Express),21-10-2013,Active
Madhavaram Depot,J0309,TN01AN0757,Tata,BS-4,MTC,No,Small Bus(Express),18-02-2014,Active
Madhavaram Depot,J0669,TN01AN1374,Tata,BS-4,MTC,No,Small Bus(Express),29-02-2016,Active
Madhavaram Depot,J0342,TN01AN0753,Tata,BS-4,MTC,No,Small Bus(Express),18-02-2014,Active
Madhavaram Depot,J0611,TN01AN1236,Tata,BS-4,MTC,No,Small Bus(Express),05-02-2016,Active
Madhavaram Depot,J0638,TN01AN1265,Tata,BS-4,MTC,No,Small Bus(Express),05-02-2016,Active
Madhavaram Depot,J0639,TN01AN1218,Tata,BS-4,MTC,No,Small Bus(Express),05-02-2016,Active
Chrompet -I Depot,J0608,TN01AN1252,Tata,BS-4,MTC,No,Small Bus(Express),05-02-2016,Active
Adambakkam Depot,S0007,TN01AN1375,Tata,BS-6,MTC,No,Small Bus(Express),29-02-2016,Active
Thiruvanmiyur Depot,S0008,TN01AN1401,Tata,BS-6,MTC,No,Small Bus(Express),05-02-2016,Active
Adyar Depot,J1757,TN01AN3487,Ashok Leyland,BS-4,MTC,No,Deluxe,27-01-2020,Active
Adyar Depot,J1758,TN01AN3471,Ashok Leyland,BS-4,MTC,No,Deluxe,27-01-2020,Active
Adyar Depot,J1718,TN01AN3368,Ashok Leyland,BS-4,MTC,No,Deluxe,02-01-2020,Active
Adyar Depot,J1761,TN01AN3474,Ashok Leyland,BS-4,MTC,No,Deluxe,27-01-2020,Active
Anna Nagar Depot,J1735,TN01AN3506,Ashok Leyland,BS-4,MTC,No,Deluxe,27-01-2020,Active
Anna Nagar Depot,J1724,TN01AN3512,Ashok Leyland,BS-4,MTC,No,Deluxe,27-01-2020,Active
Anna Nagar Depot,J1755,TN01AN3399,Ashok Leyland,BS-4,MTC,No,Deluxe,12-01-2020,Active
Anna Nagar Depot,J1752,TN01AN3514,Ashok Leyland,BS-4,MTC,No,Deluxe,27-01-2020,Active
Anna Nagar Depot,J1720,TN01AN3448,Ashok Leyland,BS-4,MTC,No,Deluxe,27-01-2020,Active
Anna Nagar Depot,J1719,TN01AN3498,Ashok Leyland,BS-4,MTC,No,Deluxe,27-01-2020,Active
Adyar Depot,J1749,TN01AN3520,Ashok Leyland,BS-4,MTC,No,Deluxe,27-01-2020,Active
Adyar Depot,J1764,TN01AN3460,Ashok Leyland,BS-4,MTC,No,Deluxe,27-01-2020,Active
Adyar Depot,J1747,TN01AN3481,Ashok Leyland,BS-4,MTC,No,Deluxe,27-01-2020,Active
Adyar Depot,J1748,TN01AN3490,Ashok Leyland,BS-4,MTC,No,Deluxe,27-01-2020,Active
Adyar Depot,J1753,TN01AN3462,Ashok Leyland,BS-4,MTC,No,Deluxe,27-01-2020,Active
Basin Bridge Depot,J1722,TN01AN3516,Ashok Leyland,BS-4,MTC,No,Deluxe,27-01-2020,Active
Basin Bridge Depot,J1739,TN01AN3488,Ashok Leyland,BS-4,MTC,No,Deluxe,27-01-2020,Active
Basin Bridge Depot,J1729,TN01AN3607,Ashok Leyland,BS-4,MTC,No,Deluxe,09-02-2020,Active
Basin Bridge Depot,J1762,TN01AN3366,Ashok Leyland,BS-4,MTC,No,Deluxe,12-01-2020,Active
Adyar Depot,J1740,TN01AN3507,Ashok Leyland,BS-4,MTC,No,Deluxe,27-01-2020,Active
Adyar Depot,J1736,TN01AN3444,Ashok Leyland,BS-4,MTC,No,Deluxe,27-01-2020,Active
Adyar Depot,J1741,TN01AN3458,Ashok Leyland,BS-4,MTC,No,Deluxe,27-01-2020,Active
Adyar Depot,J1730,TN01AN3522,Ashok Leyland,BS-4,MTC,No,Deluxe,27-01-2020,Active
Adyar Depot,J1746,TN01AN3511,Ashok Leyland,BS-4,MTC,No,Deluxe,27-01-2020,Active
Adyar Depot,J1742,TN01AN3443,Ashok Leyland,BS-4,MTC,No,Deluxe,27-01-2020,Active
Tambaram Depot,J1760,TN01AN3496,Ashok Leyland,BS-4,MTC,No,Deluxe,27-01-2020,Active
Tambaram Depot,J1754,TN01AN3497,Ashok Leyland,BS-4,MTC,No,Deluxe,27-01-2020,Active
Kilambakkam Depot,J1751,TN01AN3406,Ashok Leyland,BS-4,MTC,No,Deluxe,12-01-2020,Active
Tambaram Depot,J1759,TN01AN3438,Ashok Leyland,BS-4,MTC,No,Deluxe,27-01-2020,Active
Tambaram Depot,J1721,TN01AN3503,Ashok Leyland,BS-4,MTC,No,Deluxe,27-01-2020,Active
Tambaram Depot,J1738,TN01AN3435,Ashok Leyland,BS-4,MTC,No,Deluxe,19-01-2020,Active
Chrompet -I Depot,J1731,TN01AN3407,Ashok Leyland,BS-4,MTC,No,Deluxe,12-01-2020,Active
Basin Bridge Depot,J1750,TN01AN3453,Ashok Leyland,BS-4,MTC,No,Deluxe,27-01-2020,Active
Chrompet -I Depot,J1756,TN01AN3519,Ashok Leyland,BS-4,MTC,No,Deluxe,27-01-2020,Active
Kilambakkam Depot,J1763,TN01AN3483,Ashok Leyland,BS-4,MTC,No,Deluxe,27-01-2020,Active
Kilambakkam Depot,J1728,TN01AN3615,Ashok Leyland,BS-4,MTC,No,Deluxe,09-02-2020,Active
Anna Nagar Depot,J1745,TN01AN3505,Ashok Leyland,BS-4,MTC,No,Deluxe,27-01-2020,Active
Tambaram Depot,S0006,TN45N4325,Ashok Leyland,BS-6,MTC,No,Deluxe,27-01-2020,Active
Basin Bridge Depot,J1717,TN01AN3373,Ashok Leyland,BS-4,MTC,No,Deluxe,02-01-2020,Active
Anna Nagar Depot,J1723,TN01AN3364,Ashok Leyland,BS-4,MTC,No,Deluxe,13-01-2020,Active
Basin Bridge Depot,S0010,TN72N2131,Ashok Leyland,BS-6,MTC,No,Deluxe,27-01-2020,Active
Chrompet -I Depot,J1743,TN01AN3513,Ashok Leyland,BS-4,MTC,No,Deluxe,27-01-2020,Active
Chrompet -I Depot,J1732,TN01AN3486,Ashok Leyland,BS-4,MTC,No,Deluxe,27-01-2020,Active
Basin Bridge Depot,S0009,TN72N2226,Ashok Leyland,BS-6,MTC,No,Deluxe,27-01-2020,Active
Chrompet -I Depot,J1734,TN01AN3502,Ashok Leyland,BS-4,MTC,No,Deluxe,27-01-2020,Active
Chrompet -I Depot,J1733,TN01AN3526,Ashok Leyland,BS-4,MTC,No,Deluxe,19-01-2020,Active
Chrompet -I Depot,J1726,TN01AN3499,Ashok Leyland,BS-4,MTC,No,Deluxe,27-01-2020,Active
Chrompet -I Depot,J1727,TN01AN3603,Ashok Leyland,BS-4,MTC,No,Deluxe,09-02-2020,Active
Chrompet -I Depot,J1737,TN01AN3441,Ashok Leyland,BS-4,MTC,No,Deluxe,27-01-2020,Active
Chrompet -I Depot,J1744,TN01AN3517,Ashok Leyland,BS-4,MTC,No,Deluxe,19-01-2020,Active
Ambattur Depot,J1541,TN01AN2921,Ashok Leyland,BS-4,MTC,No,Deluxe,11-07-2019,Active
Ambattur Depot,J1389,TN01AN2893,Ashok Leyland,BS-4,MTC,No,Deluxe,11-07-2019,Active
Ambattur Depot,J1388,TN01AN2994,Ashok Leyland,BS-4,MTC,No,Deluxe,18-07-2019,Active
Ambattur Depot,J1384,TN01AN2977,Ashok Leyland,BS-4,MTC,No,Deluxe,18-07-2019,Active
Ambattur Depot,J1376,TN01AN2927,Ashok Leyland,BS-4,MTC,No,Deluxe,11-07-2019,Active
Ambattur Depot,J1374,TN01AN2773,Ashok Leyland,BS-4,MTC,No,Deluxe,02-07-2019,Active
Ambattur Depot,J1363,TN01AN2811,Ashok Leyland,BS-4,MTC,No,Deluxe,02-07-2019,Active
Ambattur Depot,J1471,TN01AN2671,Ashok Leyland,BS-4,MTC,No,Deluxe,27-06-2019,Active
Ambattur Depot,J1468,TN01AN2655,Ashok Leyland,BS-4,MTC,No,Deluxe,27-06-2019,Active
Ambattur Depot,J1467,TN01AN2667,Ashok Leyland,BS-4,MTC,No,Deluxe,27-06-2019,Active
Ambattur Depot,J1452,TN01AN2696,Ashok Leyland,BS-4,MTC,No,Deluxe,27-06-2019,Active
Ambattur Depot,J1357,TN01AN2712,Ashok Leyland,BS-4,MTC,No,Deluxe,25-06-2019,Active
Ambattur Depot,J1352,TN01AN2766,Ashok Leyland,BS-4,MTC,No,Deluxe,27-06-2019,Active
Ambattur Depot,J1349,TN01AN2656,Ashok Leyland,BS-4,MTC,No,Deluxe,25-06-2019,Active
Ambattur Depot,J1321,TN01AN2774,Ashok Leyland,BS-4,MTC,No,Deluxe,27-06-2019,Active
Ambattur Depot,J1310,TN01AN2581,Ashok Leyland,BS-4,MTC,No,Deluxe,24-06-2019,Active
Ambattur Depot,J1424,TN01AN2711,Ashok Leyland,BS-4,MTC,No,Deluxe,27-06-2019,Active
Ambattur Depot,J1295,TN01AN2513,Ashok Leyland,BS-4,MTC,No,Deluxe,19-06-2019,Active
Ambattur Depot,J1258,TN01AN2428,Ashok Leyland,BS-4,MTC,No,Deluxe,20-05-2019,Active
Ambattur Depot,J1254,TN01AN2310,Ashok Leyland,BS-4,MTC,No,Deluxe,15-05-2019,Active
Ambattur Depot,J1250,TN01AN2300,Ashok Leyland,BS-4,MTC,No,Deluxe,13-05-2019,Active
Mandaveli Depot,K1318,TN01AN5967,Ashok Leyland,BS-6,MTC,No,Ordinary,16-01-2026,Active
Ambattur Depot,J1188,TN01AN2302,Ashok Leyland,BS-4,MTC,No,Deluxe,13-05-2019,Active
Ambattur Depot,J1186,TN01AN2262,Ashok Leyland,BS-4,MTC,No,Deluxe,13-05-2019,Active
Ambattur Depot,J1122,TN01AN2235,Ashok Leyland,BS-4,MTC,No,Deluxe,15-05-2019,Active
Ambattur Depot,J1172,TN01AN2274,Ashok Leyland,BS-4,MTC,No,Deluxe,06-05-2019,Active
Ambattur Depot,J1103,TN01AN2156,Ashok Leyland,BS-4,MTC,No,Deluxe,06-05-2019,Active
Ambattur Depot,J1232,TN01AN2287,Ashok Leyland,BS-4,MTC,No,Deluxe,06-05-2019,Active
Ambattur Depot,J1233,TN01AN2171,Ashok Leyland,BS-4,MTC,No,Deluxe,02-05-2019,Active
Ambattur Depot,J1087,TN01AN2206,Ashok Leyland,BS-4,MTC,No,Deluxe,02-05-2019,Active
Ambattur Depot,J1229,TN01AN2145,Ashok Leyland,BS-4,MTC,No,Deluxe,02-05-2019,Active
Ambattur Depot,J1217,TN01AN2059,Ashok Leyland,BS-4,MTC,No,Deluxe,01-05-2019,Active
Ambattur Depot,J1216,TN01AN2057,Ashok Leyland,BS-4,MTC,No,Deluxe,01-05-2019,Active
Ambattur Depot,J1148,TN01AN2154,Ashok Leyland,BS-4,MTC,No,Deluxe,01-05-2019,Active
Ambattur Depot,J1141,TN01AN2094,Ashok Leyland,BS-4,MTC,No,Deluxe,22-04-2019,Active
Ambattur Depot,J1139,TN01AN2075,Ashok Leyland,BS-4,MTC,No,Deluxe,22-04-2019,Active
Ambattur Depot,J1127,TN01AN2120,Ashok Leyland,BS-4,MTC,No,Deluxe,22-04-2019,Active
Ambattur Depot,J1200,TN01AN2077,Ashok Leyland,BS-4,MTC,No,Deluxe,22-04-2019,Active
Ambattur Depot,J1043,TN01AN2124,Ashok Leyland,BS-4,MTC,No,Deluxe,22-04-2019,Active
Ambattur Depot,J1030,TN01AN2008,Ashok Leyland,BS-4,MTC,No,Deluxe,07-04-2019,Active
Ambattur Depot,J1358,TN01AN2706,Ashok Leyland,BS-4,MTC,No,Deluxe,25-06-2019,Active
Ambattur Depot,J1231,TN01AN2218,Ashok Leyland,BS-4,MTC,No,Deluxe,02-05-2019,Active
Ambattur Depot,J1336,TN01AN2635,Ashok Leyland,BS-4,MTC,No,Deluxe,25-06-2019,Active
Ambattur Depot,J1142,TN01AN2103,Ashok Leyland,BS-4,MTC,No,Deluxe,01-05-2019,Active
Ambattur Depot,J1045,TN01AN2101,Ashok Leyland,BS-4,MTC,No,Deluxe,22-04-2019,Active
Ambattur Depot,J1065,TN01AN2036,Ashok Leyland,BS-4,MTC,No,Deluxe,22-04-2019,Active
Ambattur Depot,J1219,TN01AN2073,Ashok Leyland,BS-4,MTC,No,Deluxe,01-05-2019,Active
Ambattur Depot,J1118,TN01AN2298,Ashok Leyland,BS-4,MTC,No,Deluxe,13-05-2019,Active
Ambattur Depot,J1249,TN01AN2301,Ashok Leyland,BS-4,MTC,No,Deluxe,13-05-2019,Active
Ambattur Depot,J1271,TN01AN2334,Ashok Leyland,BS-4,MTC,No,Deluxe,20-05-2019,Active
Ambattur Depot,J1299,TN01AN2503,Ashok Leyland,BS-4,MTC,No,Deluxe,19-06-2019,Active
Ambattur Depot,J1431,TN01AN2702,Ashok Leyland,BS-4,MTC,No,Deluxe,25-06-2019,Active
Ambattur Depot,J1426,TN01AN2824,Ashok Leyland,BS-4,MTC,No,Deluxe,27-06-2019,Active
Ambattur Depot,J1469,TN01AN2688,Ashok Leyland,BS-4,MTC,No,Deluxe,27-06-2019,Active
Ambattur Depot,J1373,TN01AN2747,Ashok Leyland,BS-4,MTC,No,Deluxe,02-07-2019,Active
Ambattur Depot,J1651,TN01AN3236,Ashok Leyland,BS-4,MTC,No,Deluxe,20-10-2019,Active
Adyar Depot,S0005,TN45N4263,Ashok Leyland,BS-6,MTC,No,Deluxe,27-01-2020,Active
Perumbakkam Depot EV,K5127,TN01BV7506,Switch,EV,OHM,No,Deluxe(EV),04-09-2025,Active
Perumbakkam Depot EV,K5130,TN01BV7502,Switch,EV,OHM,No,Deluxe(EV),04-09-2025,Active
Perumbakkam Depot EV,K5131,TN01BV7598,Switch,EV,OHM,No,Deluxe(EV),04-09-2025,Active
Perumbakkam Depot EV,K5133,TN01BV7520,Switch,EV,OHM,No,Deluxe(EV),04-09-2025,Active
Perumbakkam Depot EV,K5139,TN01BV7509,Switch,EV,OHM,No,Deluxe(EV),04-09-2025,Active
Perumbakkam Depot EV,K5187,TN01BV9181,Switch,EV,OHM,No,Deluxe(EV),04-09-2025,Active
Perumbakkam Depot EV,K5195,TN01BW0792,Switch,EV,OHM,No,Deluxe(EV),04-09-2025,Active
Perumbakkam Depot EV,K5196,TN01BW0754,Switch,EV,OHM,No,Deluxe(EV),04-09-2025,Active
Perumbakkam Depot EV,K5197,TN01BW0793,Switch,EV,OHM,No,Deluxe(EV),04-09-2025,Active
Perumbakkam Depot EV,K5198,TN01BW0756,Switch,EV,OHM,No,Deluxe(EV),04-09-2025,Active
Perumbakkam Depot EV,K5199,TN01BW0745,Switch,EV,OHM,No,Deluxe(EV),04-09-2025,Active
Central Depot EV,K5295,TN01BW9284,Switch,EV,OHM,No,Deluxe(EV),24-02-2026,Active
Central Depot EV,K5296,TN01BW9204,Switch,EV,OHM,No,Deluxe(EV),24-02-2026,Active
Central Depot EV,K5297,TN01BW9237,Switch,EV,OHM,No,Deluxe(EV),24-02-2026,Active
Central Depot EV,K5298,TN01BW9248,Switch,EV,OHM,No,Deluxe(EV),24-02-2026,Active
Central Depot EV,K5299,TN01BW9398,Switch,EV,OHM,No,Deluxe(EV),24-02-2026,Active
Central Depot EV,K5300,TN01BW9317,Switch,EV,OHM,No,Deluxe(EV),24-02-2026,Active
Central Depot EV,K5301,TN01BW9315,Switch,EV,OHM,No,Deluxe(EV),24-02-2026,Active
Central Depot EV,K5302,TN01BW9344,Switch,EV,OHM,No,Deluxe(EV),24-02-2026,Active
Central Depot EV,K5303,TN01BW9303,Switch,EV,OHM,No,Deluxe(EV),24-02-2026,Active
Central Depot EV,K5304,TN01BW9351,Switch,EV,OHM,No,Deluxe(EV),24-02-2026,Active
Central Depot EV,K5305,TN01BW9306,Switch,EV,OHM,No,Deluxe(EV),24-02-2026,Active
Central Depot EV,K5306,TN01BW9372,Switch,EV,OHM,No,Deluxe(EV),24-02-2026,Active
Central Depot EV,K5307,TN01BW9380,Switch,EV,OHM,No,Deluxe(EV),24-02-2026,Active
Central Depot EV,K5308,TN01BW9312,Switch,EV,OHM,No,Deluxe(EV),24-02-2026,Active
Central Depot EV,K5309,TN01BW9318,Switch,EV,OHM,No,Deluxe(EV),24-02-2026,Active
Central Depot EV,K5310,TN01BW9321,Switch,EV,OHM,No,Deluxe(EV),24-02-2026,Active
Central Depot EV,K5311,TN01BW9334,Switch,EV,OHM,No,Deluxe(EV),24-02-2026,Active
Central Depot EV,K5312,TN01BW9346,Switch,EV,OHM,No,Deluxe(EV),24-02-2026,Active
Central Depot EV,K5313,TN01BW9255,Switch,EV,OHM,No,Deluxe(EV),24-02-2026,Active
Central Depot EV,K5314,TN01BW9311,Switch,EV,OHM,No,Deluxe(EV),24-02-2026,Active
Central Depot EV,K5315,TN01BW9338,Switch,EV,OHM,No,Deluxe(EV),24-02-2026,Active
Central Depot EV,K5316,TN01BW9347,Switch,EV,OHM,No,Deluxe(EV),24-02-2026,Active
Central Depot EV,K5317,TN01BW9216,Switch,EV,OHM,No,Deluxe(EV),24-02-2026,Active
Central Depot EV,K5318,TN01BW9389,Switch,EV,OHM,No,Deluxe(EV),24-02-2026,Active
Central Depot EV,K5319,TN01BW9366,Switch,EV,OHM,No,Deluxe(EV),24-02-2026,Active
Central Depot EV,K5320,TN01BW9371,Switch,EV,OHM,No,Deluxe(EV),24-02-2026,Active
Central Depot EV,K5321,TN01BW9329,Switch,EV,OHM,No,Deluxe(EV),24-02-2026,Active
Central Depot EV,K5322,TN01BW9376,Switch,EV,OHM,No,Deluxe(EV),24-02-2026,Active
Central Depot EV,K5323,TN01BW9342,Switch,EV,OHM,No,Deluxe(EV),24-02-2026,Active
Central Depot EV,K5324,TN01BW9381,Switch,EV,OHM,No,Deluxe(EV),24-02-2026,Active
Central Depot EV,K5325,TN01BW9379,Switch,EV,OHM,No,Deluxe(EV),24-02-2026,Active
Central Depot EV,K5326,TN01BW9370,Switch,EV,OHM,No,Deluxe(EV),24-02-2026,Active
Central Depot EV,K5327,TN01BW9356,Switch,EV,OHM,No,Deluxe(EV),24-02-2026,Active
Central Depot EV,K5328,TN01BW9354,Switch,EV,OHM,No,Deluxe(EV),24-02-2026,Active
Central Depot EV,K5329,TN01BW9310,Switch,EV,OHM,No,Deluxe(EV),24-02-2026,Active
Central Depot EV,K5330,TN01BW9355,Switch,EV,OHM,No,Deluxe(EV),24-02-2026,Active
Central Depot EV,K5331,TN01BW9327,Switch,EV,OHM,No,Deluxe(EV),24-02-2026,Active
Perumbakkam Depot EV,K5200,TN01BW0798,Switch,EV,OHM,No,Deluxe(EV),04-09-2025,Active
Z Dummy Depot,AVD01,AV01DU0001,Ashok Leyland,BS-4,MTC - Dummy,No,Deluxe,20-10-2019,Active
Z Dummy Depot,I2552,TN01N8571,Ashok Leyland,BS-3,MTC - Dummy,No,Ordinary,07-12-2009,Active
Z Dummy Depot,I2467,TN01N8479,Ashok Leyland,BS-3,MTC - Dummy,No,Ordinary,13-11-2009,Active
Z Dummy Depot,I2934,TN01N8870,Ashok Leyland,BS-3,MTC - Dummy,No,Ordinary,02-03-2010,Active
Z Dummy Depot,I0726,TN01N4709,Ashok Leyland,BS-3,MTC - Dummy,No,Ordinary,03-09-2007,Active
Z Dummy Depot,I0985,TN01N5287,Ashok Leyland,BS-3,MTC - Dummy,No,Ordinary,28-12-2007,Active
Z Dummy Depot,I1186,TN01N5442,Ashok Leyland,BS-3,MTC - Dummy,No,Ordinary,31-12-2007,Active
Z Dummy Depot,I1453,TN01N5808,Ashok Leyland,BS-3,MTC - Dummy,No,Ordinary,14-02-2008,Active
Z Dummy Depot,I2705,TN01N9187,Ashok Leyland,BS-3,MTC - Dummy,No,Ordinary,22-03-2010,Active
Z Dummy Depot,I0515,TN01N4585,Ashok Leyland,BS-3,MTC - Dummy,No,Ordinary,01-08-2007,Active
Z Dummy Depot,I0920,TN01N5225,Ashok Leyland,BS-3,MTC - Dummy,No,Ordinary,26-12-2007,Active
Z Dummy Depot,I0760,TN01N4962,Ashok Leyland,BS-3,MTC - Dummy,No,Ordinary,03-10-2007,Active
Z Dummy Depot,I2715,TN01N8878,Ashok Leyland,BS-3,MTC - Dummy,No,Ordinary,08-03-2010,Active
Z Dummy Depot,I2402,TN01N8572,Ashok Leyland,BS-3,MTC - Dummy,No,Ordinary,07-12-2009,Active
Z Dummy Depot,I3021,TN01N9262,Ashok Leyland,BS-3,MTC - Dummy,No,Deluxe,30-03-2010,Active
Z Dummy Depot,I1970,TN01N7859,Ashok Leyland,BS-3,MTC - Dummy,No,Ordinary,07-11-2008,Active
Z Dummy Depot,I2956,TN01N9420,Ashok Leyland,BS-3,MTC - Dummy,No,Ordinary,31-03-2010,Active
Z Dummy Depot,I3023,TN01N9218,Ashok Leyland,BS-3,MTC - Dummy,No,Deluxe,30-03-2010,Active
Z Dummy Depot,I3022,TN01N9309,Ashok Leyland,BS-3,MTC - Dummy,No,Deluxe,30-03-2010,Active
Z Dummy Depot,I2737,TN01N8754,Ashok Leyland,BS-3,MTC - Dummy,No,Deluxe,16-02-2010,Active
Z Dummy Depot,I2528,TN01N8628,Ashok Leyland,BS-3,MTC - Dummy,No,Ordinary,15-12-2009,Active
Z Dummy Depot,I2430,TN01N8461,Ashok Leyland,BS-3,MTC - Dummy,No,Ordinary,13-11-2009,Active
Z Dummy Depot,I2362,TN01N8399,Ashok Leyland,BS-3,MTC - Dummy,No,Ordinary,20-10-2009,Active
Z Dummy Depot,I3045,TN01N9225,Ashok Leyland,BS-3,MTC - Dummy,No,Deluxe,30-03-2010,Active
Z Dummy Depot,I0539,TN01N4608,Ashok Leyland,BS-3,MTC - Dummy,No,Ordinary,03-08-2007,Active
Z Dummy Depot,I2564,TN01N9158,Ashok Leyland,BS-3,MTC - Dummy,No,Ordinary,22-03-2010,Active
Z Dummy Depot,I2724,TN01N8723,Ashok Leyland,BS-3,MTC - Dummy,No,Ordinary,03-02-2010,Active
Z Dummy Depot,I1194,TN01N5620,Ashok Leyland,BS-3,MTC - Dummy,No,Ordinary,03-01-2008,Active
Z Dummy Depot,I2996,TN01N9516,Ashok Leyland,BS-3,MTC - Dummy,No,Ordinary,19-04-2010,Active
Z Dummy Depot,I2416,TN01N9103,Ashok Leyland,BS-3,MTC - Dummy,No,Ordinary,17-03-2010,Active
Z Dummy Depot,I2770,TN01N8961,Ashok Leyland,BS-3,MTC - Dummy,No,Deluxe,12-03-2010,Active
Z Dummy Depot,I2360,TN01N8502,Ashok Leyland,BS-3,MTC - Dummy,No,Ordinary,13-11-2009,Active
Tambaram Depot,Z4444,TN01TA8521,Ashok Leyland,BS-3,MTC - Dummy,No,Deluxe,25-03-2026,Active
Tambaram Depot,Z6666,TN01TA7896,Ashok Leyland,BS-3,MTC - Dummy,No,Deluxe,25-03-2026,Active
Tambaram Depot,Z8888,TN01TA5841,Ashok Leyland,BS-3,MTC - Dummy,No,Deluxe,25-03-2026,Active
Tambaram Depot,Z9999,TN01TA5417,Ashok Leyland,BS-3,MTC - Dummy,No,Deluxe,25-03-2026,Active
Tambaram Depot,J888,TN01TA1278,Ashok Leyland,BS-3,MTC - Dummy,No,Deluxe,25-03-2026,Active
Tambaram Depot,Z3235,TN01TA6417,Ashok Leyland,BS-3,MTC - Dummy,No,Deluxe,26-03-2026,Active
Tambaram Depot,Z2514,TN01TA9415,Ashok Leyland,BS-6,MTC - Dummy,No,Deluxe,26-03-2026,Active
Tambaram Depot,AT5645,AV01DU0078,Ashok Leyland,BS-6,MTC - Dummy,No,Deluxe,27-01-2020,Active
Tambaram Depot,AT5646,AV01DU0079,Ashok Leyland,BS-6,MTC - Dummy,No,Deluxe,27-01-2020,Active
Tambaram Depot,AT5647,AV01DU0080,Ashok Leyland,BS-6,MTC - Dummy,No,Deluxe,27-01-2020,Active
Tambaram Depot,AT5638,AV01DU0071,Ashok Leyland,BS-6,MTC - Dummy,No,Deluxe,27-01-2020,Active
Tambaram Depot,AT5635,AV01DU0068,Ashok Leyland,BS-6,MTC - Dummy,No,Deluxe,27-01-2020,Active
Tambaram Depot,AT5634,AV01DU0067,Ashok Leyland,BS-6,MTC - Dummy,No,Deluxe,27-01-2020,Active
Tambaram Depot,AT5633,AV01DU0066,Ashok Leyland,BS-6,MTC - Dummy,No,Ordinary,27-01-2020,Active
Tambaram Depot,AT5632,AV01DU0065,Ashok Leyland,BS-6,MTC - Dummy,No,Ordinary,27-01-2020,Active
Tambaram Depot,AT5631,AV01DU0064,Ashok Leyland,BS-6,MTC - Dummy,No,Ordinary,27-01-2020,Active
Tambaram Depot,AT5630,AV01DU0063,Ashok Leyland,BS-6,MTC - Dummy,No,Ordinary,27-01-2020,Active
Tambaram Depot,AT5627,AV01DU0060,Ashok Leyland,BS-6,MTC - Dummy,No,Ordinary,27-01-2020,Active
Tambaram Depot,AT5625,AV01DU0058,Ashok Leyland,BS-6,MTC - Dummy,No,Ordinary,27-01-2020,Active
Tambaram Depot,AT5626,AV01DU0059,Ashok Leyland,BS-6,MTC - Dummy,No,Ordinary,27-01-2020,Active
Tambaram Depot,AT5629,AV01DU0062,Ashok Leyland,BS-6,MTC - Dummy,No,Ordinary,27-01-2020,Active
Tambaram Depot,AT5628,AV01DU0061,Ashok Leyland,BS-6,MTC - Dummy,No,Ordinary,27-01-2020,Active
Tambaram Depot,AT5637,AV01DU0070,Ashok Leyland,BS-6,MTC - Dummy,No,Ordinary,27-01-2020,Active
Tambaram Depot,AT5641,AV01DU0074,Ashok Leyland,BS-4,MTC - Dummy,No,Small Bus(Express),27-01-2020,Active
Tambaram Depot,Z1111,TN01TA1234,Ashok Leyland,BS-3,MTC - Dummy,No,Ordinary,25-03-2026,Active
Tambaram Depot,Z3333,TN01TA9631,Ashok Leyland,BS-3,MTC - Dummy,No,Ordinary,25-03-2026,Active
Tambaram Depot,Z5555,TN01TA7413,Ashok Leyland,BS-3,MTC - Dummy,No,Ordinary,25-03-2026,Active
Tambaram Depot,Z777,TN01TA8541,Ashok Leyland,BS-3,MTC - Dummy,No,Ordinary,25-03-2026,Active
Tambaram Depot,Z1011,TN01TA5217,Ashok Leyland,BS-3,MTC - Dummy,No,Ordinary,25-03-2026,Active
Tambaram Depot,A101,TN01TA9614,Ashok Leyland,BS-3,MTC - Dummy,No,Ordinary,25-03-2026,Active
Madhavaram Depot,AM2041,AM01DU0079,Ashok Leyland,BS-6,MTC - Dummy,No,Deluxe,,Active
Madhavaram Depot,AM2042,AM01DU0080,Ashok Leyland,BS-6,MTC - Dummy,No,Deluxe,27-01-2020,Active
Madhavaram Depot,AM2043,AM01DU0081,Ashok Leyland,BS-6,MTC - Dummy,No,Deluxe,27-01-2020,Active
Madhavaram Depot,AM2044,AM01DU0082,Ashok Leyland,BS-6,MTC - Dummy,No,Deluxe,27-01-2020,Active
Madhavaram Depot,MD2246,AM01DD0084,Ashok Leyland,BS-6,MTC - Dummy,No,Deluxe,27-01-2020,Active
Perambur Depot,MD2248,AM01DD0086,Ashok Leyland,BS-6,MTC - Dummy,No,Ordinary,27-01-2020,Active
Perambur Depot,MD2249,AM01DD0087,Ashok Leyland,BS-6,MTC - Dummy,No,Ordinary,27-01-2020,Active
Perambur Depot,MD2250,AM01DD0088,Ashok Leyland,BS-6,MTC - Dummy,No,Ordinary,27-01-2020,Active
Madhavaram Depot,MD2240,AM01DD0078,Ashok Leyland,BS-6,MTC - Dummy,No,Deluxe,27-01-2020,Active
Perambur Depot,Z0540,TN01AN9829,Ashok Leyland,BS-4,MTC - Dummy,No,Ordinary,,Active
Perambur Depot,Z0541,TN01AN9830,Ashok Leyland,BS-4,MTC - Dummy,No,Ordinary,,Active
Madhavaram Depot,MD2238,AM01DD0076,Ashok Leyland,BS-6,MTC - Dummy,No,Deluxe,27-01-2020,Active
Perambur Depot,Z0542,TN01AN9831,Ashok Leyland,BS-4,MTC - Dummy,No,Ordinary,,Active
Perambur Depot,MD2237,AM01DD0075,Ashok Leyland,BS-6,MTC - Dummy,No,Ordinary,27-01-2020,Active
Perambur Depot,Z0543,TN01AN9832,Ashok Leyland,BS-4,MTC - Dummy,No,Ordinary,,Active
Perambur Depot,Z0544,TN01AN9833,Ashok Leyland,BS-4,MTC - Dummy,No,Ordinary,,Active
Madhavaram Depot,MD2236,AM01DD0074,Ashok Leyland,BS-6,MTC - Dummy,No,Deluxe,27-01-2020,Active
Perambur Depot,Z0545,TN01AN9834,Ashok Leyland,BS-4,MTC - Dummy,No,Ordinary,,Active
Madhavaram Depot,MD2234,AM01DD0072,Ashok Leyland,BS-6,MTC - Dummy,No,Ordinary,27-01-2020,Active
Perambur Depot,Z0546,TN01AN9835,Ashok Leyland,BS-4,MTC - Dummy,No,Ordinary,,Active
Perambur Depot,MD2233,AM01DD0071,Ashok Leyland,BS-6,MTC - Dummy,No,Ordinary,27-01-2020,Active
Madhavaram Depot,MD2232,AM01DD0070,Ashok Leyland,BS-6,MTC - Dummy,No,Ordinary,27-01-2020,Active
Madhavaram Depot,MD2231,AM01DD0069,Ashok Leyland,BS-6,MTC - Dummy,No,Ordinary,27-01-2020,Active
Madhavaram Depot,MD2230,AM01DD0068,Ashok Leyland,BS-6,MTC - Dummy,No,Ordinary,27-01-2020,Active
Madhavaram Depot,MD2229,AM01DD0067,Ashok Leyland,BS-6,MTC - Dummy,No,Ordinary,27-01-2020,Active
Madhavaram Depot,MD2228,AM01DD0066,Ashok Leyland,BS-6,MTC - Dummy,No,Ordinary,27-01-2020,Active
Madhavaram Depot,MD2227,AM01DD0065,Ashok Leyland,BS-6,MTC - Dummy,No,Ordinary,27-01-2020,Active
Madhavaram Depot,MD2226,AM01DD0064,Ashok Leyland,BS-6,MTC - Dummy,No,Ordinary,27-01-2020,Active
Madhavaram Depot,MD2225,AM01DD0063,Ashok Leyland,BS-6,MTC - Dummy,No,Ordinary,27-01-2020,Active
Madhavaram Depot,MD2224,AM01DD0062,Ashok Leyland,BS-6,MTC - Dummy,No,Ordinary,27-01-2020,Active
Madhavaram Depot,MD2223,AM01DD0061,Ashok Leyland,BS-6,MTC - Dummy,No,Ordinary,27-01-2020,Active
Madhavaram Depot,MD2222,AM01DD0060,Ashok Leyland,BS-6,MTC - Dummy,No,Ordinary,27-01-2020,Active
Madhavaram Depot,MD2221,AM01DD0059,Ashok Leyland,BS-6,MTC - Dummy,No,Ordinary,27-01-2020,Active
Perambur Depot,MD2239,AM01DD0077,Ashok Leyland,BS-6,MTC - Dummy,No,Ordinary,27-01-2020,Active
Madhavaram Depot,MD2247,AM01DD0085,Ashok Leyland,BS-6,MTC - Dummy,No,Deluxe,27-01-2020,Active
Poonamallee Depot,Z5188,PR07DU1850,Ashok Leyland,BS-6,MTC - Dummy,No,Deluxe,27-01-2020,Active
Poonamallee Depot,Z5189,PR07DU1851,Ashok Leyland,BS-6,MTC - Dummy,No,Deluxe,27-01-2020,Active
Poonamallee Depot,Z5190,PR07DU1852,Ashok Leyland,BS-6,MTC - Dummy,No,Deluxe,27-01-2020,Active
Poonamallee Depot,Z5196,PR07DU1858,Ashok Leyland,BS-6,MTC - Dummy,No,Ordinary,27-01-2020,Active
Poonamallee Depot,Z5191,PR07DU1853,Ashok Leyland,BS-6,MTC - Dummy,No,Deluxe,27-01-2020,Active
Poonamallee Depot,Z5193,PR07DU1855,Ashok Leyland,BS-6,MTC - Dummy,No,Ordinary,27-01-2020,Active
Poonamallee Depot,Z5195,PR07DU1857,Ashok Leyland,BS-6,MTC - Dummy,No,Ordinary,27-01-2020,Active
Poonamallee Depot,Z5194,PR07DU1856,Ashok Leyland,BS-6,MTC - Dummy,No,Ordinary,27-01-2020,Active
Poonamallee Depot,Z5197,PR07DU1859,Ashok Leyland,BS-6,MTC - Dummy,No,Ordinary,27-01-2020,Active
Poonamallee Depot,Z5183,BR01DU1446,Ashok Leyland,BS-6,MTC - Dummy,No,Deluxe,27-01-2020,Active
Poonamallee Depot,AM2045,AM01DU0083,Ashok Leyland,BS-6,MTC - Dummy,No,Deluxe,27-01-2020,Active
Ayanavaram Depot,Z2126,CR01DU1239,Tata,BS-6,MTC - Dummy,No,Small Bus(Express),27-01-2020,Active
Ayanavaram Depot,Z5212,AY01DU0055,Ashok Leyland,BS-6,MTC - Dummy,No,Ordinary,27-01-2020,Active
Ayanavaram Depot,Z5209,AY01DU0052,Ashok Leyland,BS-6,MTC - Dummy,No,Deluxe,27-01-2020,Active
Ayanavaram Depot,Z5208,AY01DU0051,Ashok Leyland,BS-6,MTC - Dummy,No,Deluxe,27-01-2020,Active
Ayanavaram Depot,Z5213,AY01DU0056,Ashok Leyland,BS-6,MTC - Dummy,No,Ordinary,27-01-2020,Active
Ayanavaram Depot,Z5216,AY01DU0059,Tata,BS-4,MTC - Dummy,No,Small Bus(Express),27-01-2020,Active
Ayanavaram Depot,ZV8797,TN01ZA5655,Ashok Leyland,BS-6,MTC - Dummy,No,Small Bus(Express),27-01-2020,Active
Ambattur Depot,Z7895,AD12DU9787,Ashok Leyland,BS-4,MTC - Dummy,No,Small Bus(Express),19-03-2025,Active
Ambattur Depot,Z7894,AD12DU9786,Ashok Leyland,BS-4,MTC - Dummy,No,Small Bus(Express),19-03-2025,Active
Ambattur Depot,Z7893,AD12DU9785,Tata,BS-4,MTC - Dummy,No,Small Bus(Express),19-03-2025,Active
Ambattur Depot,Z5481,TN00WE1577,Ashok Leyland,BS-4,MTC - Dummy,No,Small Bus(Express),,Active
Ambattur Depot,Z5479,TN00WE1575,Ashok Leyland,BS-4,MTC - Dummy,No,Small Bus(Express),,Active
Ambattur Depot,Z4764,TN00WE1574,Ashok Leyland,BS-4,MTC - Dummy,No,Small Bus(Express),,Active
Ayanavaram Depot,Z1001,TN01TA8547,Ashok Leyland,BS-3,MTC - Dummy,No,Small Bus(Express),25-03-2026,Active
Vadapalani Depot,ZV5761,TN01ZV2015,Ashok Leyland,BS-6,MTC - Dummy,No,Ordinary,06-05-2019,Active
Vadapalani Depot,ZV5759,TN01ZV2013,Ashok Leyland,BS-6,MTC - Dummy,No,Ordinary,06-05-2019,Active
Vadapalani Depot,ZV5757,TN01ZV2011,Ashok Leyland,BS-6,MTC - Dummy,No,Ordinary,06-05-2019,Active
Vadapalani Depot,ZV5762,TN01ZV2016,Ashok Leyland,BS-6,MTC - Dummy,No,Ordinary,06-05-2019,Active
Vadapalani Depot,ZV5758,TN01ZV2012,Ashok Leyland,BS-6,MTC - Dummy,No,Ordinary,06-05-2019,Active
Basin Bridge Depot,Z5185,BR01DU1448,Ashok Leyland,BS-6,MTC - Dummy,No,Ordinary,27-01-2020,Active
Basin Bridge Depot,Z5184,BR01DU1447,Ashok Leyland,BS-6,MTC - Dummy,No,Ordinary,27-01-2020,Active
Basin Bridge Depot,Z5186,BR01DU1449,Ashok Leyland,BS-6,MTC - Dummy,No,Ordinary,27-01-2020,Active
Basin Bridge Depot,Z5187,BR01DU1450,Ashok Leyland,BS-6,MTC - Dummy,No,Ordinary,27-01-2020,Active
Tondiarpet-2 Depot,Z2131,TN00JZ1321,Ashok Leyland,BS-3,MTC - Dummy,No,Express,25-09-2025,Active
Padiyanallur Depot,PL0002,TN01AN9456,Ashok Leyland,BS-4,MTC - Dummy,No,Ordinary,03-01-2019,Active
Padiyanallur Depot,Z0061,ZZ01PL0001,Ashok Leyland,BS-6,MTC - Dummy,No,Deluxe,03-01-2019,Active
Kundrathur Depot,Z6721,TN01TA1564,Ashok Leyland,BS-3,MTC - Dummy,No,Deluxe,26-03-2026,Active
Kundrathur Depot,Z2222,TN01TA1687,Ashok Leyland,BS-3,MTC - Dummy,No,Deluxe,25-03-2026,Active
Chrompet -I Depot,ZJ0010,TN01BU5236,Ashok Leyland,BS-4,MTC - Dummy,No,Small Bus(Express),25-05-2026,Active
Anna Nagar Depot,AM2024,AM01DU0062,Ashok Leyland,BS-6,MTC - Dummy,No,Ordinary,06-07-2026,Active
Anna Nagar Depot,AM2025,AM01DU0063,Ashok Leyland,BS-6,MTC - Dummy,No,Ordinary,06-07-2026,Active
Anna Nagar Depot,AM2026,AM01DU0064,Ashok Leyland,BS-6,MTC - Dummy,No,Ordinary,06-07-2026,Active
Anna Nagar Depot,AM2027,AM01DU0065,Ashok Leyland,BS-6,MTC - Dummy,No,Ordinary,06-07-2026,Active
Anna Nagar Depot,AM2028,AM01DU0066,Ashok Leyland,BS-6,MTC - Dummy,No,Ordinary,06-07-2026,Active
Anna Nagar Depot,AM2029,AM01DU0067,Ashok Leyland,BS-6,MTC - Dummy,No,Ordinary,06-07-2026,Active
Anna Nagar Depot,AM2034,AM01DU0072,Ashok Leyland,BS-6,MTC - Dummy,No,Ordinary,06-07-2026,Active
Anna Nagar Depot,Z5215,AY01DU0058,Ashok Leyland,BS-6,MTC - Dummy,No,Small Bus(Express),06-07-2026,Active
Anna Nagar Depot,Z5214,AY01DU0057,Ashok Leyland,BS-6,MTC - Dummy,No,Ordinary,06-07-2026,Active
Ambattur Depot,ZV8790,TN01ZA5648,Ashok Leyland,BS-6,MTC - Dummy,No,Ordinary,06-07-2026,Active
Ambattur Depot,ZV8795,TN01ZA5653,Ashok Leyland,BS-6,MTC - Dummy,No,Ordinary,06-07-2026,Active
Ambattur Depot,ZV8789,TN01ZA5647,Ashok Leyland,BS-6,MTC - Dummy,No,Ordinary,06-07-2026,Active
Ambattur Depot,ZV8794,TN01ZA5652,Ashok Leyland,BS-6,MTC - Dummy,No,Ordinary,06-07-2026,Active
Ambattur Depot,AM2022,AM01DU0060,Ashok Leyland,BS-6,MTC - Dummy,No,Ordinary,06-07-2026,Active
Ambattur Depot,AM2021,AM01DU0059,Ashok Leyland,BS-6,MTC - Dummy,No,Ordinary,06-07-2026,Active
Ambattur Depot,AM2023,AM01DU0061,Ashok Leyland,BS-6,MTC - Dummy,No,Ordinary,06-07-2026,Active
Ambattur Depot,ZV8796,TN01ZA5654,Tata,BS-4,MTC - Dummy,No,Small Bus(Express),06-07-2026,Active
Saidapet Depot,ZV8793,TN01ZA5651,Tata,BS-4,MTC - Dummy,No,Small Bus(Express),06-07-2026,Active
Ambattur Depot,ZV8792,TN01ZA5650,Tata,BS-4,MTC - Dummy,No,Small Bus(Express),06-07-2026,Active
Ambattur Depot,ZV8799,TN01ZA5657,Tata,BS-4,MTC - Dummy,No,Small Bus(Express),06-07-2026,Active
Ambattur Depot,ZV8798,TN01ZA5656,Tata,BS-4,MTC - Dummy,No,Small Bus(Express),06-07-2026,Active
Ambattur Depot,ZV8791,TN01ZA5649,Tata,BS-4,MTC - Dummy,No,Small Bus(Express),06-07-2026,Active
Adyar Depot,ADY003,TN01N2333,Ashok Leyland,BS-4,MTC - Dummy,No,Ordinary,03-04-2012,Active
Adambakkam Depot,Z2123,CR01DU1236,Ashok Leyland,BS-6,MTC - Dummy,No,Small Bus(Express),05-02-2016,Active
Adambakkam Depot,Z2121,CR01DU1234,Tata,BS-4,MTC - Dummy,No,Small Bus(Express),05-02-2016,Active
Central Depot EV,Z3259,TN01ZZ8801,Ashok Leyland,BS-6,MTC - Dummy,No,Deluxe,21-10-2013,Active
Central Depot EV,Z3257,TN01ZZ8799,Ashok Leyland,BS-6,MTC - Dummy,No,Deluxe,21-10-2013,Active
Central Depot EV,Z3258,TN01ZZ8800,Ashok Leyland,BS-6,MTC - Dummy,No,Deluxe,21-10-2013,Active
Poonamallee Depot EV,Z5258,TN01ZZ9804,Ashok Leyland,BS-6,MTC - Dummy,No,Deluxe,21-10-2013,Active
Poonamallee Depot EV,Z5259,TN01ZZ9805,Ashok Leyland,BS-6,MTC - Dummy,No,Deluxe,21-10-2013,Active
Poonamallee Depot EV,Z5260,TN01ZZ9806,Ashok Leyland,BS-6,MTC - Dummy,No,Deluxe,21-10-2013,Active
Perumbakkam Depot EV,ZP5250,TN01ZP9906,Ashok Leyland,BS-6,MTC - Dummy,No,Deluxe,21-10-2013,Active
Perumbakkam Depot EV,ZP5252,TN01ZP9908,Ashok Leyland,BS-6,MTC - Dummy,No,Deluxe,21-10-2013,Active
Perumbakkam Depot EV,ZP5253,TN01ZP9909,Ashok Leyland,BS-6,MTC - Dummy,No,Deluxe,21-10-2013,Active
Perumbakkam Depot EV,ZP5254,TN01ZP9910,Ashok Leyland,BS-6,MTC - Dummy,No,Deluxe,21-10-2013,Active
Perumbakkam Depot EV,ZP5251,TN01ZP9907,Ashok Leyland,BS-6,MTC - Dummy,No,Deluxe,21-10-2013,Active
Vysarpadi Depot EV,ZV5151,TN01ZV0007,Ashok Leyland,BS-6,MTC - Dummy,No,Deluxe,21-10-2013,Active
Vysarpadi Depot EV,ZV5154,TN01ZV0010,Ashok Leyland,BS-6,MTC - Dummy,No,Deluxe,21-10-2013,Active
Vysarpadi Depot EV,ZV5153,TN01ZV0009,Ashok Leyland,BS-6,MTC - Dummy,No,Deluxe,21-10-2013,Active
Poonamallee Depot EV,Z09915,TN02BW9321,Ashok Leyland,BS-4,MTC - Dummy,No,Deluxe(EV),21-10-2013,Active
Poonamallee Depot EV,Z09916,TN02BW9322,Ashok Leyland,BS-4,MTC - Dummy,No,Deluxe(EV),21-10-2013,Active
Tondiarpet-1 Depot EV,ZT5157,TN01ZT0014,Ashok Leyland,BS-6,MTC - Dummy,No,Ordinary,21-10-2013,Active
Perumbakkam Depot EV,ZV5150,TN01ZV0006,Ashok Leyland,BS-6,MTC - Dummy,No,Deluxe,21-10-2013,Active
Tondiarpet-1 Depot EV,ZV5152,TN01ZV0008,Ashok Leyland,BS-6,MTC - Dummy,No,Deluxe(EV),21-10-2013,Active
Tondiarpet-1 Depot EV,Z5256,TN01ZZ9802,Ashok Leyland,BS-6,MTC - Dummy,No,AC(EV),21-10-2013,Active
Tondiarpet-1 Depot EV,Z5257,TN01ZZ9803,Ashok Leyland,BS-6,MTC - Dummy,No,AC(EV),21-10-2013,Active
Perumbakkam Depot EV,Z09914,TN02BW9320,Ashok Leyland,BS-4,MTC - Dummy,No,Deluxe(EV),21-10-2013,Active
Perumbakkam Depot EV,Z09917,TN02BW9323,Ashok Leyland,BS-4,MTC - Dummy,No,Deluxe(EV),21-10-2013,Active
Perumbakkam Depot EV,Z09918,TN02BW9324,Ashok Leyland,BS-4,MTC - Dummy,No,Deluxe(EV),21-10-2013,Active
Perumbakkam Depot EV,Z09919,TN02BW9325,Ashok Leyland,BS-4,MTC - Dummy,No,Deluxe(EV),21-10-2013,Active
Perumbakkam Depot EV,Z09913,TN02BW9319,Ashok Leyland,BS-4,MTC - Dummy,Yes,Deluxe(EV),21-10-2013,Active
Perumbakkam Depot EV,Z09911,TN02BW9317,Ashok Leyland,BS-4,MTC - Dummy,Yes,Deluxe(EV),21-10-2013,Active
Perumbakkam Depot EV,Z09912,TN02BW9318,Ashok Leyland,BS-4,MTC - Dummy,Yes,Deluxe(EV),21-10-2013,Active
Poonamallee Depot EV,Z0911,TN01AN0003,Switch,EV,MTC - Dummy,Yes,Premium AC,21-10-2013,Active
Poonamallee Depot EV,Z0910,TN01AN0002,Switch,EV,MTC - Dummy,Yes,Premium AC,04-09-2012,Active
Poonamallee Depot EV,Z0912,TN01AN0004,Switch,EV,MTC - Dummy,Yes,Premium AC,29-02-2016,Active
Central Depot EV,Z3255,TN01ZZ8797,Ashok Leyland,BS-6,MTC - Dummy,No,Ordinary,13-05-2026,Active
Central Depot EV,Z3256,TN01ZZ8798,Ashok Leyland,BS-6,MTC - Dummy,No,Ordinary,13-05-2026,Active
Perumbakkam Depot EV,K5663,TN01BX2646,Switch,EV,OHM,Yes,Premium AC,02-04-2026,Active
Poonamallee Depot EV,K5662,TN01BX2623,Switch,EV,OHM,Yes,Premium AC,02-04-2026,Active
Poonamallee Depot EV,K5661,TN01BX2607,Switch,EV,OHM,Yes,Premium AC,02-04-2026,Active
Poonamallee Depot EV,K5660,TN01BX2677,Switch,EV,OHM,Yes,Premium AC,02-04-2026,Active
Poonamallee Depot EV,K5659,TN01BX2655,Switch,EV,OHM,Yes,Premium AC,02-04-2026,Active
Perumbakkam Depot EV,K5658,TN01BX0704,Switch,EV,OHM,Yes,Premium AC,11-03-2026,Active
Perumbakkam Depot EV,K5656,TN01BX0713,Switch,EV,OHM,Yes,Premium AC,11-03-2026,Active
Poonamallee Depot EV,K5654,TN01BX0778,Switch,EV,OHM,Yes,Premium AC,10-03-2026,Active
Ambattur Depot,J1083,TN01AN2035,Ashok Leyland,BS-4,MTC,No,Ordinary,01-05-2019,Active
Madhavaram Depot,K0505,TN01AN4731,Ashok Leyland,BS-6,MTC,No,LF Bus (D),02-07-2019,Active
Mandaveli Depot,J0545,TN01AN1283,Tata,BS-4,MTC,No,Ordinary,05-02-2016,Active
K.K. Nagar Depot,J0505,TN01AN1247,Tata,BS-4,MTC,No,Ordinary,05-02-2016,Active
Chrompet -II Depot,K0551,TN01AN4951,Ashok Leyland,BS-6,MTC,No,LF Bus (D),07-02-2016,Active
Chrompet -II Depot,J0486,TN01AN1165,Tata,BS-4,MTC,No,Ordinary,09-10-2015,Active
K.K. Nagar Depot,J1711,TN01AN3387,Tata,BS-4,MTC,No,Deluxe,01-01-2020,Active
K.K. Nagar Depot,J1620,TN01AN3093,Tata,BS-4,MTC,No,Deluxe,24-09-2019,Active
Kilambakkam Depot,L0029,TN01AN6275,Ashok Leyland,BS-6,MTC,No,Ordinary,02-07-2026,Active
Avadi Depot,L0064,TN01AN6426,Ashok Leyland,BS-6,MTC,No,Ordinary,03-07-2026,Active
Kilambakkam Depot,L0015,TN01AN6268,Ashok Leyland,BS-6,MTC,No,Ordinary,02-07-2026,Active
Kilambakkam Depot,L0004,TN01AN6376,Ashok Leyland,BS-6,MTC,No,Ordinary,03-07-2026,Active
Kilambakkam Depot,L0005,TN01AN6237,Ashok Leyland,BS-6,MTC,No,Ordinary,02-07-2026,Active
Kilambakkam Depot,L0011,TN01AN6266,Ashok Leyland,BS-6,MTC,No,Ordinary,02-07-2026,Active
Kilambakkam Depot,L0016,TN01AN6257,Ashok Leyland,BS-6,MTC,No,Ordinary,02-07-2026,Active
Kilambakkam Depot,L0013,TN01AN6234,Ashok Leyland,BS-6,MTC,No,Ordinary,02-07-2026,Active
Kilambakkam Depot,L0021,TN01AN6280,Ashok Leyland,BS-6,MTC,No,Ordinary,02-07-2026,Active
Kilambakkam Depot,L0026,TN01AN6253,Ashok Leyland,BS-6,MTC,No,Ordinary,02-07-2026,Active
Kilambakkam Depot,L0027,TN01AN6259,Ashok Leyland,BS-6,MTC,No,Ordinary,02-07-2026,Active
Kilambakkam Depot,L0030,TN01AN6316,Ashok Leyland,BS-6,MTC,No,Ordinary,02-07-2026,Active
Kilambakkam Depot,L0031,TN01AN6286,Ashok Leyland,BS-6,MTC,No,Ordinary,02-07-2026,Active
Kilambakkam Depot,L0038,TN01AN6312,Ashok Leyland,BS-6,MTC,No,Ordinary,02-07-2026,Active
Iyyapanthangal Depot,J1968,TN01AN3844,Ashok Leyland,BS-4,MTC,No,Deluxe,22-03-2020,Active
Basin Bridge Depot,K1328,TN01AN6071,Ashok Leyland,BS-6,MTC,No,Ladies Only,29-01-2026,Active
Semmenchery Depot,K1327,TN01AN6077,Ashok Leyland,BS-6,MTC,No,Ladies Only,22-01-2026,Active
Madhavaram Depot,K1326,TN01AN6091,Ashok Leyland,BS-6,MTC,No,Ladies Only,23-01-2026,Active
Kannagi Nagar Depot,K1324,TN01AN6055,Ashok Leyland,BS-6,MTC,No,Ladies Only,22-01-2026,Active
Madhavaram Depot,K1323,TN01AN6054,Ashok Leyland,BS-6,MTC,No,Ladies Only,22-01-2026,Active
Ennore Depot,K1320,TN01AN6057,Ashok Leyland,BS-6,MTC,No,Ladies Only,29-01-2026,Active
Semmenchery Depot,K1317,TN01AN6112,Ashok Leyland,BS-6,MTC,No,Ladies Only,23-01-2026,Active
Ennore Depot,K1315,TN01AN6041,Ashok Leyland,BS-6,MTC,No,Ladies Only,29-01-2026,Active
Kannagi Nagar Depot,K1313,TN01AN6036,Ashok Leyland,BS-6,MTC,No,Ladies Only,23-01-2026,Active
Basin Bridge Depot,K1304,TN01AN6034,Ashok Leyland,BS-6,MTC,No,Ladies Only,29-01-2026,Active
Kilambakkam Depot,K1170,TN01AN5641,Ashok Leyland,BS-6,MTC,No,LF Bus (D),12-11-2025,Active
Poonamallee Depot,K1168,TN01AN5688,Ashok Leyland,BS-6,MTC,No,LF Bus (D),12-11-2025,Active
Poonamallee Depot,K1165,TN01AN5659,Ashok Leyland,BS-6,MTC,No,LF Bus (D),12-11-2025,Active
Kilambakkam Depot,K1169,TN01AN5689,Ashok Leyland,BS-6,MTC,No,LF Bus (D),12-11-2025,Active
Kilambakkam Depot,K1171,TN01AN5730,Ashok Leyland,BS-6,MTC,No,LF Bus (D),12-11-2025,Active
Poonamallee Depot,K1164,TN01AN5646,Ashok Leyland,BS-6,MTC,No,LF Bus (D),12-11-2025,Active
Vadapalani Depot,K1176,TN01AN5728,Ashok Leyland,BS-6,MTC,No,LF Bus (D),12-11-2025,Active
Vadapalani Depot,K1175,TN01AN5727,Ashok Leyland,BS-6,MTC,No,LF Bus (D),12-11-2025,Active
Vadapalani Depot,K1174,TN01AN5671,Ashok Leyland,BS-6,MTC,No,LF Bus (D),12-11-2025,Active
Poonamallee Depot,K0791,TN01AN5169,Ashok Leyland,BS-6,MTC,No,LF Bus (D),01-07-2025,Active
Poonamallee Depot,K1331,TN01AN5827,Ashok Leyland,BS-6,MTC,No,LF Bus (D),08-12-2025,Active
Poonamallee Depot,K1336,TN01AN5812,Ashok Leyland,BS-6,MTC,No,LF Bus (D),08-12-2025,Active
Vadapalani Depot,K1349,TN01AN5807,Ashok Leyland,BS-6,MTC,No,LF Bus (D),08-12-2025,Active
Tambaram Depot,K1348,TN01AN5782,Ashok Leyland,BS-6,MTC,No,LF Bus (D),08-12-2025,Active
Saidapet Depot,K1347,TN01AN5746,Ashok Leyland,BS-6,MTC,No,LF Bus (D),08-12-2025,Active
Kilambakkam Depot,K1369,TN01AN5738,Ashok Leyland,BS-6,MTC,No,LF Bus (D),15-12-2025,Active
Kilambakkam Depot,K1359,TN01AN5781,Ashok Leyland,BS-6,MTC,No,LF Bus (D),11-12-2025,Active
Kilambakkam Depot,K1353,TN01AN5735,Ashok Leyland,BS-6,MTC,No,LF Bus (D),08-12-2025,Active
Vadapalani Depot,K0188,TN01AN4483,Ashok Leyland,BS-6,MTC,No,LF Bus (D),19-06-2019,Active
Thiruvanmiyur Depot,K0399,TN01AN4727,Ashok Leyland,BS-6,MTC,No,LF Bus (D),19-06-2019,Active
Vadapalani Depot,K0740,TN01AN5073,Ashok Leyland,BS-6,MTC,No,LF Bus (D),02-07-2019,Active
Poonamallee Depot,K1345,TN01AN5763,Ashok Leyland,BS-6,MTC,No,LF Bus (D),08-12-2025,Active
Poonamallee Depot,K1344,TN01AN5755,Ashok Leyland,BS-6,MTC,No,LF Bus (D),08-12-2025,Active
Poonamallee Depot,K1343,TN01AN5825,Ashok Leyland,BS-6,MTC,No,LF Bus (D),08-12-2025,Active
Poonamallee Depot,K1334,TN01AN5770,Ashok Leyland,BS-6,MTC,No,LF Bus (D),08-12-2025,Active
Poonamallee Depot,K1333,TN01AN5796,Ashok Leyland,BS-6,MTC,No,LF Bus (D),08-12-2025,Active
Poonamallee Depot,K1335,TN01AN5811,Ashok Leyland,BS-6,MTC,No,LF Bus (D),08-12-2025,Active
Poonamallee Depot,K1332,TN01AN5767,Ashok Leyland,BS-6,MTC,No,LF Bus (D),08-12-2025,Active
Poonamallee Depot,K1351,TN01AN5828,Ashok Leyland,BS-6,MTC,No,LF Bus (D),08-12-2025,Active
Kilambakkam Depot,K1172,TN01AN5631,Ashok Leyland,BS-4,MTC,No,LF Bus (D),12-11-2025,Active
Saidapet Depot,K1133,TN01AN5627,Ashok Leyland,BS-6,MTC,No,LF Bus (D),12-11-2025,Active
Vysarpadi Depot EV,K5049,TN01BV3731,Switch,EV,OHM,No,Deluxe(EV),10-06-2025,Active
Vysarpadi Depot EV,K5097,TN01BV3546,Switch,EV,OHM,No,Deluxe(EV),10-06-2025,Active
Tondiarpet-1 Depot EV,K5342,TN01BX1281,Switch,EV,OHM,No,Deluxe(EV),17-03-2026,Active
Tondiarpet-1 Depot EV,K5393,TN01BX1291,Switch,EV,OHM,No,Deluxe(EV),17-03-2026,Active
Tondiarpet-1 Depot EV,K5643,TN01BX1217,Switch,EV,OHM,No,Deluxe(EV),17-03-2026,Active
Chrompet -II Depot,K1277,TN01AN5925,Ashok Leyland,BS-6,MTC,No,Ordinary,02-01-2026,Active
Z Dummy Depot,J0166,TN01AN0481,Ashok Leyland,BS-4,MTC,No,Ordinary,04-09-2012,Active
Avadi Depot,J1802,TN01AN3664,Ashok Leyland,BS-4,MTC,No,Deluxe,02-03-2020,Active
Perambur Depot,K1217,TN01AN5713,Ashok Leyland,BS-6,MTC,No,Ordinary,24-11-2025,Active
Perambur Depot,K1218,TN01AN5675,Ashok Leyland,BS-6,MTC,No,Ordinary,24-11-2025,Active
Perambur Depot,K1220,TN01AN5668,Ashok Leyland,BS-6,MTC,No,Ordinary,24-11-2025,Active
Adambakkam Depot,K1232,TN01AN5634,Ashok Leyland,BS-4,MTC,No,Ordinary,24-12-2025,Active
Adambakkam Depot,K1233,TN01AN5635,Ashok Leyland,BS-4,MTC,No,Ordinary,24-12-2025,Active
Ayanavaram Depot,K1214,TN01AN5636,Ashok Leyland,BS-4,MTC,No,Ordinary,24-12-2025,Active
Perambur Depot,K1266,TN01AN5835,Ashok Leyland,BS-6,MTC,No,Ordinary,24-12-2025,Active
Perambur Depot,K1213,TN01AN5658,Ashok Leyland,BS-6,MTC,No,Ordinary,24-11-2025,Active
Poonamallee Depot,K1346,TN01AN5774,Ashok Leyland,BS-6,MTC,No,LF Bus (D),08-12-2025,Active
K.K. Nagar Depot,K1189,TN01AN5632,Ashok Leyland,BS-4,MTC,No,LF Bus (D),14-04-2016,Active
Kilambakkam Depot,K1342,TN01AN5758,Ashok Leyland,BS-6,MTC,No,LF Bus (D),08-12-2025,Active
Kilambakkam Depot,K1341,TN01AN5817,Ashok Leyland,BS-6,MTC,No,LF Bus (D),08-12-2025,Active
Adyar Depot,K1350,TN01AN5764,Ashok Leyland,BS-6,MTC,No,LF Bus (D),08-12-2025,Active
Adyar Depot,K1337,TN01AN5799,Ashok Leyland,BS-6,MTC,No,LF Bus (D),08-12-2025,Active
Adyar Depot,K1338,TN01AN5731,Ashok Leyland,BS-6,MTC,No,LF Bus (D),08-12-2025,Active
Anna Nagar Depot,K1339,TN01AN5789,Ashok Leyland,BS-6,MTC,No,LF Bus (D),08-12-2025,Active
Anna Nagar Depot,K1340,TN01AN5733,Ashok Leyland,BS-6,MTC,No,LF Bus (D),08-12-2025,Active
Anna Nagar Depot,K1352,TN01AN5821,Ashok Leyland,BS-6,MTC,No,LF Bus (D),08-12-2025,Active
K.K. Nagar Depot,K1193,TN01AN5681,Ashok Leyland,BS-6,MTC,No,LF Bus (D),01-12-2025,Active
K.K. Nagar Depot,K1501,TN01AN6204,Ashok Leyland,BS-6,MTC,No,LF Bus (D),03-03-2026,Active
K.K. Nagar Depot,J0720,TN01AN1578,Tata,BS-4,MTC,No,Ordinary,17-05-2016,Active
Tondiarpet-1 Depot EV,K5619,TN01BW9814,Switch,EV,OHM,Yes,AC(EV),24-02-2026,Active
Perumbakkam Depot EV,K5441,TN01BV5326,Switch,EV,OHM,Yes,AC(EV),04-09-2025,Active
Perumbakkam Depot EV,K5450,TN01BV5387,Switch,EV,OHM,Yes,AC(EV),04-09-2025,Active
Perumbakkam Depot EV,K5404,TN01BV5357,Switch,EV,OHM,Yes,AC(EV),04-09-2025,Active
Vysarpadi Depot EV,K5006,TN01BV4324,Switch,EV,OHM,No,Deluxe(EV),10-06-2025,Active
Vysarpadi Depot EV,K5109,TN01BV3750,Switch,EV,OHM,No,Deluxe(EV),10-06-2025,Active
Perumbakkam Depot EV,K5172,TN01BV9149,Switch,EV,OHM,No,Deluxe(EV),04-09-2025,Active
Vysarpadi Depot EV,K5115,TN01BV4399,Switch,EV,OHM,No,Deluxe(EV),10-06-2025,Active
Vysarpadi Depot EV,K5032,TN01BV3755,Switch,EV,OHM,No,Deluxe(EV),10-06-2025,Active
Poonamallee Depot EV,K5233,TN01BW4375,Switch,EV,OHM,No,Deluxe(EV),04-09-2025,Active
Perumbakkam Depot EV,K5169,TN01BV9193,Switch,EV,OHM,No,Deluxe(EV),04-09-2025,Active
Perumbakkam Depot EV,K5160,TN01BV9137,Switch,EV,OHM,No,Deluxe(EV),04-09-2025,Active
Vysarpadi Depot EV,K5126,TN01BV6293,Switch,EV,OHM,No,Deluxe(EV),14-07-2025,Active
Tondiarpet-1 Depot EV,K5672,TN01BX5996,Switch,EV,OHM,No,Deluxe(EV),26-05-2026,Active
Tondiarpet-1 Depot EV,K5671,TN01BX5997,Switch,EV,OHM,No,Deluxe(EV),26-05-2026,Active
Tondiarpet-1 Depot EV,K5670,TN01BX5905,Switch,EV,OHM,No,Deluxe(EV),26-05-2026,Active
Tondiarpet-1 Depot EV,K5669,TN01BX5902,Switch,EV,OHM,No,Deluxe(EV),26-05-2026,Active
Tondiarpet-1 Depot EV,K5668,TN01BX5931,Switch,EV,OHM,No,Deluxe(EV),26-05-2026,Active
Tondiarpet-1 Depot EV,K5667,TN01BX5974,Switch,EV,OHM,No,Deluxe(EV),26-05-2026,Active
Tondiarpet-1 Depot EV,K5666,TN01BX5918,Switch,EV,OHM,No,Deluxe(EV),26-05-2026,Active
Tondiarpet-1 Depot EV,K5665,TN01BX5913,Switch,EV,OHM,No,Deluxe(EV),26-05-2026,Active
Tondiarpet-1 Depot EV,K5645,TN01BX1246,Switch,EV,OHM,No,Deluxe(EV),17-03-2026,Active
Tondiarpet-1 Depot EV,K5644,TN01BX1215,Switch,EV,OHM,No,Deluxe(EV),17-03-2026,Active
Tondiarpet-1 Depot EV,K5642,TN01BX1288,Switch,EV,OHM,No,Deluxe(EV),17-03-2026,Active
Tondiarpet-1 Depot EV,K5641,TN01BX1244,Switch,EV,OHM,No,Deluxe(EV),17-03-2026,Active
Tondiarpet-1 Depot EV,K5640,TN01BX1257,Switch,EV,OHM,No,Deluxe(EV),17-03-2026,Active
Tondiarpet-1 Depot EV,K5639,TN01BX1279,Switch,EV,OHM,No,Deluxe(EV),17-03-2026,Active
Tondiarpet-1 Depot EV,K5400,TN01BX1272,Switch,EV,OHM,No,Deluxe(EV),17-03-2026,Active
Tondiarpet-1 Depot EV,K5380,TN01BX1253,Switch,EV,OHM,No,Deluxe(EV),17-03-2026,Active
Tondiarpet-1 Depot EV,K5375,TN01BX1285,Switch,EV,OHM,No,Deluxe(EV),17-03-2026,Active
Tondiarpet-1 Depot EV,K5374,TN01BX1267,Switch,EV,OHM,No,Deluxe(EV),17-03-2026,Active
Tondiarpet-1 Depot EV,K5373,TN01BX1280,Switch,EV,OHM,No,Deluxe(EV),17-03-2026,Active
Tondiarpet-1 Depot EV,K5372,TN01BX1266,Switch,EV,OHM,No,Deluxe(EV),17-03-2026,Active
Tondiarpet-1 Depot EV,K5371,TN01BX1218,Switch,EV,OHM,No,Deluxe(EV),17-03-2026,Active
Tondiarpet-1 Depot EV,K5370,TN01BX1247,Switch,EV,OHM,No,Deluxe(EV),17-03-2026,Active
Tondiarpet-1 Depot EV,K5369,TN01BX1282,Switch,EV,OHM,No,Deluxe(EV),17-03-2026,Active
Tondiarpet-1 Depot EV,K5368,TN01BX1211,Switch,EV,OHM,No,Deluxe(EV),17-03-2026,Active
Tondiarpet-1 Depot EV,K5367,TN01BX1207,Switch,EV,OHM,No,Deluxe(EV),17-03-2026,Active
Tondiarpet-1 Depot EV,K5366,TN01BX1296,Switch,EV,OHM,No,Deluxe(EV),17-03-2026,Active
Tondiarpet-1 Depot EV,K5365,TN01BX1240,Switch,EV,OHM,No,Deluxe(EV),17-03-2026,Active
Ayanavaram Depot,J0388,TN01AN0812,Ashok Leyland,BS-4,MTC,No,Ordinary,16-06-2014,Active
Tondiarpet-1 Depot EV,K5364,TN01BX1283,Switch,EV,OHM,No,Deluxe(EV),17-03-2026,Active
Tondiarpet-1 Depot EV,K5363,TN01BX1269,Switch,EV,OHM,No,Deluxe(EV),17-03-2026,Active
Tondiarpet-1 Depot EV,K5362,TN01BX1202,Switch,EV,OHM,No,Deluxe(EV),17-03-2026,Active
Tondiarpet-1 Depot EV,K5361,TN01BX1264,Switch,EV,OHM,No,Deluxe(EV),17-03-2026,Active
Tondiarpet-1 Depot EV,K5360,TN01BX1242,Switch,EV,OHM,No,Deluxe(EV),17-03-2026,Active
Tondiarpet-1 Depot EV,K5359,TN01BX1239,Switch,EV,OHM,No,Deluxe(EV),17-03-2026,Active
Tondiarpet-1 Depot EV,K5358,TN01BX1255,Switch,EV,OHM,No,Deluxe(EV),17-03-2026,Active
Tondiarpet-1 Depot EV,K5357,TN01BX1219,Switch,EV,OHM,No,Deluxe(EV),17-03-2026,Active
Tondiarpet-1 Depot EV,K5356,TN01BX1210,Switch,EV,OHM,No,Deluxe(EV),17-03-2026,Active
Tondiarpet-1 Depot EV,K5355,TN01BX1238,Switch,EV,OHM,No,Deluxe(EV),17-03-2026,Active
Tondiarpet-1 Depot EV,K5354,TN01BX1263,Switch,EV,OHM,No,Deluxe(EV),17-03-2026,Active
Tondiarpet-1 Depot EV,K5353,TN01BX1201,Switch,EV,OHM,No,Deluxe(EV),17-03-2026,Active
Tondiarpet-1 Depot EV,K5352,TN01BX1237,Switch,EV,OHM,No,Deluxe(EV),17-03-2026,Active
Tondiarpet-1 Depot EV,K5351,TN01BX1236,Switch,EV,OHM,No,Deluxe(EV),17-03-2026,Active
Tondiarpet-1 Depot EV,K5350,TN01BX1293,Switch,EV,OHM,No,Deluxe(EV),17-03-2026,Active
Tondiarpet-1 Depot EV,K5349,TN01BX1271,Switch,EV,OHM,No,Deluxe(EV),17-03-2026,Active
Tondiarpet-1 Depot EV,K5348,TN01BX1287,Switch,EV,OHM,No,Deluxe(EV),17-03-2026,Active
Tondiarpet-1 Depot EV,K5347,TN01BX1220,Switch,EV,OHM,No,Deluxe(EV),17-03-2026,Active
Tondiarpet-1 Depot EV,K5346,TN01BX1252,Switch,EV,OHM,No,Deluxe(EV),17-03-2026,Active
Tondiarpet-1 Depot EV,K5345,TN01BX1229,Switch,EV,OHM,No,Deluxe(EV),17-03-2026,Active
Tondiarpet-1 Depot EV,K5344,TN01BX1204,Switch,EV,OHM,No,Deluxe(EV),17-03-2026,Active
Tondiarpet-1 Depot EV,K5343,TN01BX1254,Switch,EV,OHM,No,Deluxe(EV),17-03-2026,Active
Tondiarpet-1 Depot EV,K5638,TN01BW9941,Switch,EV,OHM,No,Deluxe(EV),24-02-2026,Active
Tondiarpet-1 Depot EV,K5637,TN01BW9897,Switch,EV,OHM,No,Deluxe(EV),24-02-2026,Active
Tondiarpet-1 Depot EV,K5636,TN01BW9884,Switch,EV,OHM,No,Deluxe(EV),24-02-2026,Active
Tondiarpet-1 Depot EV,K5399,TN01BW9973,Switch,EV,OHM,No,Deluxe(EV),24-02-2026,Active
Tondiarpet-1 Depot EV,K5398,TN01BW9831,Switch,EV,OHM,No,Deluxe(EV),24-02-2026,Active
Tondiarpet-1 Depot EV,K5397,TN01BW9895,Switch,EV,OHM,No,Deluxe(EV),24-02-2026,Active
Tondiarpet-1 Depot EV,K5396,TN01BW9956,Switch,EV,OHM,No,Deluxe(EV),24-02-2026,Active
Tondiarpet-1 Depot EV,K5395,TN01BW9906,Switch,EV,OHM,No,Deluxe(EV),24-02-2026,Active
Tondiarpet-1 Depot EV,K5394,TN01BW9972,Switch,EV,OHM,No,Deluxe(EV),24-02-2026,Active
Tondiarpet-1 Depot EV,K5392,TN01BW9846,Switch,EV,OHM,No,Deluxe(EV),24-02-2026,Active
Tondiarpet-1 Depot EV,K5391,TN01BW9961,Switch,EV,OHM,No,Deluxe(EV),24-02-2026,Active
Tondiarpet-1 Depot EV,K5390,TN01BW9842,Switch,EV,OHM,No,Deluxe(EV),24-02-2026,Active
Tondiarpet-1 Depot EV,K5389,TN01BW9994,Switch,EV,OHM,No,Deluxe(EV),24-02-2026,Active
Tondiarpet-1 Depot EV,K5388,TN01BW9924,Switch,EV,OHM,No,Deluxe(EV),24-02-2026,Active
Tondiarpet-1 Depot EV,K5387,TN01BW9905,Switch,EV,OHM,No,Deluxe(EV),24-02-2026,Active
Tondiarpet-1 Depot EV,K5386,TN01BW9825,Switch,EV,OHM,No,Deluxe(EV),24-02-2026,Active
Tondiarpet-1 Depot EV,K5385,TN01BW9802,Switch,EV,OHM,No,Deluxe(EV),24-02-2026,Active
Tondiarpet-1 Depot EV,K5384,TN01BW9954,Switch,EV,OHM,No,Deluxe(EV),24-02-2026,Active
Tondiarpet-1 Depot EV,K5383,TN01BW9891,Switch,EV,OHM,No,Deluxe(EV),24-02-2026,Active
Tondiarpet-1 Depot EV,K5382,TN01BW9840,Switch,EV,OHM,No,Deluxe(EV),24-02-2026,Active
Tondiarpet-1 Depot EV,K5381,TN01BW9947,Switch,EV,OHM,No,Deluxe(EV),24-02-2026,Active
Tondiarpet-1 Depot EV,K5379,TN01BW9903,Switch,EV,OHM,No,Deluxe(EV),24-02-2026,Active
Tondiarpet-1 Depot EV,K5378,TN01BW9959,Switch,EV,OHM,No,Deluxe(EV),24-02-2026,Active
Tondiarpet-1 Depot EV,K5377,TN01BW9910,Switch,EV,OHM,No,Deluxe(EV),24-02-2026,Active
Tondiarpet-1 Depot EV,K5376,TN01BW9938,Switch,EV,OHM,No,Deluxe(EV),24-02-2026,Active
Vysarpadi Depot EV,K5341,TN01BW9378,Switch,EV,OHM,No,Deluxe(EV),24-02-2026,Active
Vysarpadi Depot EV,K5340,TN01BW9363,Switch,EV,OHM,No,Deluxe(EV),24-02-2026,Active
Vysarpadi Depot EV,K5339,TN01BW9307,Switch,EV,OHM,No,Deluxe(EV),24-02-2026,Active
Vysarpadi Depot EV,K5338,TN01BW9319,Switch,EV,OHM,No,Deluxe(EV),24-02-2026,Active
Vysarpadi Depot EV,K5337,TN01BW9388,Switch,EV,OHM,No,Deluxe(EV),24-02-2026,Active
Vysarpadi Depot EV,K5336,TN01BW9397,Switch,EV,OHM,No,Deluxe(EV),24-02-2026,Active
Vysarpadi Depot EV,K5335,TN01BW9387,Switch,EV,OHM,No,Deluxe(EV),24-02-2026,Active
Vysarpadi Depot EV,K5334,TN01BW9285,Switch,EV,OHM,No,Deluxe(EV),24-02-2026,Active
Vysarpadi Depot EV,K5333,TN01BW9316,Switch,EV,OHM,No,Deluxe(EV),24-02-2026,Active
Vysarpadi Depot EV,K5332,TN01BW9396,Switch,EV,OHM,No,Deluxe(EV),24-02-2026,Active
Poonamallee Depot EV,K5294,TN01BW5319,Switch,EV,OHM,No,Deluxe(EV),04-09-2025,Active
Poonamallee Depot EV,K5293,TN01BW5487,Switch,EV,OHM,No,Deluxe(EV),04-09-2025,Active
Poonamallee Depot EV,K5292,TN01BW5373,Switch,EV,OHM,No,Deluxe(EV),04-09-2025,Active
Poonamallee Depot EV,K5291,TN01BW5423,Switch,EV,OHM,No,Deluxe(EV),04-09-2025,Active
Poonamallee Depot EV,K5290,TN01BW5424,Switch,EV,OHM,No,Deluxe(EV),04-09-2025,Active
Poonamallee Depot EV,K5289,TN01BW5393,Switch,EV,OHM,No,Deluxe(EV),04-09-2025,Active
Poonamallee Depot EV,K5288,TN01BW5432,Switch,EV,OHM,No,Deluxe(EV),04-09-2025,Active
Poonamallee Depot EV,K5287,TN01BW5473,Switch,EV,OHM,No,Deluxe(EV),04-09-2025,Active
Poonamallee Depot EV,K5286,TN01BW5421,Switch,EV,OHM,No,Deluxe(EV),04-09-2025,Active
Poonamallee Depot EV,K5285,TN01BW5321,Switch,EV,OHM,No,Deluxe(EV),04-09-2025,Active
Poonamallee Depot EV,K5284,TN01BW5340,Switch,EV,OHM,No,Deluxe(EV),04-09-2025,Active
Poonamallee Depot EV,K5283,TN01BW5418,Switch,EV,OHM,No,Deluxe(EV),04-09-2025,Active
Poonamallee Depot EV,K5282,TN01BW5427,Switch,EV,OHM,No,Deluxe(EV),04-09-2025,Active
Poonamallee Depot EV,K5281,TN01BW5358,Switch,EV,OHM,No,Deluxe(EV),04-09-2025,Active
Poonamallee Depot EV,K5280,TN01BW5323,Switch,EV,OHM,No,Deluxe(EV),04-09-2025,Active
Poonamallee Depot EV,K5279,TN01BW5338,Switch,EV,OHM,No,Deluxe(EV),04-09-2025,Active
Poonamallee Depot EV,K5278,TN01BW5409,Switch,EV,OHM,No,Deluxe(EV),04-09-2025,Active
Poonamallee Depot EV,K5277,TN01BW5470,Switch,EV,OHM,No,Deluxe(EV),04-09-2025,Active
Poonamallee Depot EV,K5276,TN01BW5325,Switch,EV,OHM,No,Deluxe(EV),04-09-2025,Active
Poonamallee Depot EV,K5275,TN01BW5477,Switch,EV,OHM,No,Deluxe(EV),04-09-2025,Active
Poonamallee Depot EV,K5274,TN01BW5315,Switch,EV,OHM,No,Deluxe(EV),04-09-2025,Active
Poonamallee Depot EV,K5273,TN01BW5395,Switch,EV,OHM,No,Deluxe(EV),04-09-2025,Active
Poonamallee Depot EV,K5272,TN01BW5369,Switch,EV,OHM,No,Deluxe(EV),04-09-2025,Active
Poonamallee Depot EV,K5271,TN01BW5366,Switch,EV,OHM,No,Deluxe(EV),04-09-2025,Active
Poonamallee Depot EV,K5270,TN01BW5387,Switch,EV,OHM,No,Deluxe(EV),04-09-2025,Active
Poonamallee Depot EV,K5269,TN01BW5370,Switch,EV,OHM,No,Deluxe(EV),04-09-2025,Active
Poonamallee Depot EV,K5268,TN01BW5396,Switch,EV,OHM,No,Deluxe(EV),04-09-2025,Active
Poonamallee Depot EV,K5267,TN01BW5361,Switch,EV,OHM,No,Deluxe(EV),04-09-2025,Active
Poonamallee Depot EV,K5266,TN01BW5368,Switch,EV,OHM,No,Deluxe(EV),04-09-2025,Active
Poonamallee Depot EV,K5265,TN01BW5347,Switch,EV,OHM,No,Deluxe(EV),04-09-2025,Active
Poonamallee Depot EV,K5264,TN01BW5398,Switch,EV,OHM,No,Deluxe(EV),04-09-2025,Active
Poonamallee Depot EV,K5263,TN01BW5386,Switch,EV,OHM,No,Deluxe(EV),04-09-2025,Active
Poonamallee Depot EV,K5262,TN01BW5497,Switch,EV,OHM,No,Deluxe(EV),04-09-2025,Active
Poonamallee Depot EV,K5261,TN01BW5392,Switch,EV,OHM,No,Deluxe(EV),04-09-2025,Active
Poonamallee Depot EV,K5260,TN01BW5451,Switch,EV,OHM,No,Deluxe(EV),04-09-2025,Active
Poonamallee Depot EV,K5259,TN01BW5350,Switch,EV,OHM,No,Deluxe(EV),04-09-2025,Active
Poonamallee Depot EV,K5258,TN01BW5384,Switch,EV,OHM,No,Deluxe(EV),04-09-2025,Active
Poonamallee Depot EV,K5257,TN01BW5468,Switch,EV,OHM,No,Deluxe(EV),04-09-2025,Active
Poonamallee Depot EV,K5256,TN01BW5332,Switch,EV,OHM,No,Deluxe(EV),04-09-2025,Active
Poonamallee Depot EV,K5255,TN01BW5351,Switch,EV,OHM,No,Deluxe(EV),04-09-2025,Active
Poonamallee Depot EV,K5254,TN01BW5397,Switch,EV,OHM,No,Deluxe(EV),04-09-2025,Active
Poonamallee Depot EV,K5253,TN01BW5376,Switch,EV,OHM,No,Deluxe(EV),04-09-2025,Active
Poonamallee Depot EV,K5252,TN01BW5389,Switch,EV,OHM,No,Deluxe(EV),04-09-2025,Active
Poonamallee Depot EV,K5251,TN01BW5391,Switch,EV,OHM,No,Deluxe(EV),04-09-2025,Active
Poonamallee Depot EV,K5250,TN01BW5342,Switch,EV,OHM,No,Deluxe(EV),04-09-2025,Active
Poonamallee Depot EV,K5249,TN01BW5349,Switch,EV,OHM,No,Deluxe(EV),04-09-2025,Active
Poonamallee Depot EV,K5248,TN01BW4430,Switch,EV,OHM,No,Deluxe(EV),04-09-2025,Active
Poonamallee Depot EV,K5247,TN01BW4306,Switch,EV,OHM,No,Deluxe(EV),04-09-2025,Active
Poonamallee Depot EV,K5246,TN01BW4321,Switch,EV,OHM,No,Deluxe(EV),04-09-2025,Active
Poonamallee Depot EV,K5245,TN01BW4312,Switch,EV,OHM,No,Deluxe(EV),04-09-2025,Active
Poonamallee Depot EV,K5244,TN01BW4303,Switch,EV,OHM,No,Deluxe(EV),04-09-2025,Active
Poonamallee Depot EV,K5243,TN01BW4314,Switch,EV,OHM,No,Deluxe(EV),04-09-2025,Active
Poonamallee Depot EV,K5242,TN01BW4347,Switch,EV,OHM,No,Deluxe(EV),04-09-2025,Active
Poonamallee Depot EV,K5241,TN01BW4340,Switch,EV,OHM,No,Deluxe(EV),04-09-2025,Active
Poonamallee Depot EV,K5240,TN01BW4339,Switch,EV,OHM,No,Deluxe(EV),04-09-2025,Active
Poonamallee Depot EV,K5239,TN01BW4367,Switch,EV,OHM,No,Deluxe(EV),04-09-2025,Active
Poonamallee Depot EV,K5238,TN01BW4370,Switch,EV,OHM,No,Deluxe(EV),04-09-2025,Active
Poonamallee Depot EV,K5237,TN01BW4361,Switch,EV,OHM,No,Deluxe(EV),04-09-2025,Active
Poonamallee Depot EV,K5236,TN01BW4362,Switch,EV,OHM,No,Deluxe(EV),04-09-2025,Active
Poonamallee Depot EV,K5235,TN01BW4384,Switch,EV,OHM,No,Deluxe(EV),04-09-2025,Active
Poonamallee Depot EV,K5234,TN01BW4349,Switch,EV,OHM,No,Deluxe(EV),04-09-2025,Active
Poonamallee Depot EV,K5232,TN01BW4332,Switch,EV,OHM,No,Deluxe(EV),04-09-2025,Active
Poonamallee Depot EV,K5231,TN01BW4379,Switch,EV,OHM,No,Deluxe(EV),04-09-2025,Active
Poonamallee Depot EV,K5230,TN01BW4313,Switch,EV,OHM,No,Deluxe(EV),04-09-2025,Active
Poonamallee Depot EV,K5229,TN01BW4308,Switch,EV,OHM,No,Deluxe(EV),04-09-2025,Active
Poonamallee Depot EV,K5228,TN01BW4348,Switch,EV,OHM,No,Deluxe(EV),04-09-2025,Active
Poonamallee Depot EV,K5227,TN01BW4338,Switch,EV,OHM,No,Deluxe(EV),04-09-2025,Active
Poonamallee Depot EV,K5226,TN01BW4381,Switch,EV,OHM,No,Deluxe(EV),04-09-2025,Active
Poonamallee Depot EV,K5225,TN01BW4388,Switch,EV,OHM,No,Deluxe(EV),04-09-2025,Active
Poonamallee Depot EV,K5224,TN01BW4374,Switch,EV,OHM,No,Deluxe(EV),04-09-2025,Active
Poonamallee Depot EV,K5223,TN01BW4330,Switch,EV,OHM,No,Deluxe(EV),04-09-2025,Active
Poonamallee Depot EV,K5222,TN01BW4360,Switch,EV,OHM,No,Deluxe(EV),04-09-2025,Active
Poonamallee Depot EV,K5221,TN01BW4358,Switch,EV,OHM,No,Deluxe(EV),04-09-2025,Active
Poonamallee Depot EV,K5220,TN01BW4342,Switch,EV,OHM,No,Deluxe(EV),04-09-2025,Active
Poonamallee Depot EV,K5219,TN01BW4393,Switch,EV,OHM,No,Deluxe(EV),04-09-2025,Active
Poonamallee Depot EV,K5218,TN01BW4368,Switch,EV,OHM,No,Deluxe(EV),04-09-2025,Active
Poonamallee Depot EV,K5217,TN01BW4351,Switch,EV,OHM,No,Deluxe(EV),04-09-2025,Active
Poonamallee Depot EV,K5216,TN01BW4380,Switch,EV,OHM,No,Deluxe(EV),04-09-2025,Active
Poonamallee Depot EV,K5215,TN01BW4369,Switch,EV,OHM,No,Deluxe(EV),04-09-2025,Active
Poonamallee Depot EV,K5214,TN01BW4396,Switch,EV,OHM,No,Deluxe(EV),04-09-2025,Active
Poonamallee Depot EV,K5213,TN01BW4326,Switch,EV,OHM,No,Deluxe(EV),04-09-2025,Active
Poonamallee Depot EV,K5212,TN01BW4315,Switch,EV,OHM,No,Deluxe(EV),04-09-2025,Active
Poonamallee Depot EV,K5211,TN01BW4357,Switch,EV,OHM,No,Deluxe(EV),04-09-2025,Active
Vysarpadi Depot EV,K5210,TN01BW0939,Switch,EV,OHM,No,Deluxe(EV),04-09-2025,Active
Vysarpadi Depot EV,K5209,TN01BW0979,Switch,EV,OHM,No,Deluxe(EV),04-09-2025,Active
Vysarpadi Depot EV,K5208,TN01BW0954,Switch,EV,OHM,No,Deluxe(EV),04-09-2025,Active
Vysarpadi Depot EV,K5207,TN01BW0985,Switch,EV,OHM,No,Deluxe(EV),04-09-2025,Active
Vysarpadi Depot EV,K5206,TN01BW0933,Switch,EV,OHM,No,Deluxe(EV),04-09-2025,Active
Vysarpadi Depot EV,K5205,TN01BW0940,Switch,EV,OHM,No,Deluxe(EV),04-09-2025,Active
Vysarpadi Depot EV,K5204,TN01BW0942,Switch,EV,OHM,No,Deluxe(EV),04-09-2025,Active
Vysarpadi Depot EV,K5203,TN01BW0941,Switch,EV,OHM,No,Deluxe(EV),04-09-2025,Active
Vysarpadi Depot EV,K5202,TN01BW0911,Switch,EV,OHM,No,Deluxe(EV),04-09-2025,Active
Vysarpadi Depot EV,K5201,TN01BW0949,Switch,EV,OHM,No,Deluxe(EV),04-09-2025,Active
Perumbakkam Depot EV,K5194,TN01BW0762,Switch,EV,OHM,No,Deluxe(EV),04-09-2025,Active
Perumbakkam Depot EV,K5193,TN01BW0747,Switch,EV,OHM,No,Deluxe(EV),04-09-2025,Active
Perumbakkam Depot EV,K5192,TN01BW0770,Switch,EV,OHM,No,Deluxe(EV),04-09-2025,Active
Perumbakkam Depot EV,K5191,TN01BW0735,Switch,EV,OHM,No,Deluxe(EV),04-09-2025,Active
Perumbakkam Depot EV,K5190,TN01BV9183,Switch,EV,OHM,No,Deluxe(EV),04-09-2025,Active
Perumbakkam Depot EV,K5189,TN01BV9172,Switch,EV,OHM,No,Deluxe(EV),04-09-2025,Active
Perumbakkam Depot EV,K5188,TN01BV9186,Switch,EV,OHM,No,Deluxe(EV),04-09-2025,Active
Perumbakkam Depot EV,K5186,TN01BV9189,Switch,EV,OHM,No,Deluxe(EV),04-09-2025,Active
Perumbakkam Depot EV,K5185,TN01BV9130,Switch,EV,OHM,No,Deluxe(EV),04-09-2025,Active
Perumbakkam Depot EV,K5184,TN01BV9150,Switch,EV,OHM,No,Deluxe(EV),04-09-2025,Active
Perumbakkam Depot EV,K5183,TN01BV9146,Switch,EV,OHM,No,Deluxe(EV),04-09-2025,Active
Perumbakkam Depot EV,K5182,TN01BV9151,Switch,EV,OHM,No,Deluxe(EV),04-09-2025,Active
Perumbakkam Depot EV,K5181,TN01BV9194,Switch,EV,OHM,No,Deluxe(EV),04-09-2025,Active
Perumbakkam Depot EV,K5180,TN01BV9142,Switch,EV,OHM,No,Deluxe(EV),04-09-2025,Active
Perumbakkam Depot EV,K5179,TN01BV9102,Switch,EV,OHM,No,Deluxe(EV),04-09-2025,Active
Perumbakkam Depot EV,K5178,TN01BV9129,Switch,EV,OHM,No,Deluxe(EV),04-09-2025,Active
Perumbakkam Depot EV,K5177,TN01BV9182,Switch,EV,OHM,No,Deluxe(EV),04-09-2025,Active
Perumbakkam Depot EV,K5176,TN01BV9139,Switch,EV,OHM,No,Deluxe(EV),04-09-2025,Active
Perumbakkam Depot EV,K5175,TN01BV9145,Switch,EV,OHM,No,Deluxe(EV),04-09-2025,Active
Perumbakkam Depot EV,K5174,TN01BV9104,Switch,EV,OHM,No,Deluxe(EV),04-09-2025,Active
Perumbakkam Depot EV,K5173,TN01BV9148,Switch,EV,OHM,No,Deluxe(EV),04-09-2025,Active
Perumbakkam Depot EV,K5171,TN01BV9120,Switch,EV,OHM,No,Deluxe(EV),04-09-2025,Active
Perumbakkam Depot EV,K5170,TN01BV9176,Switch,EV,OHM,No,Deluxe(EV),04-09-2025,Active
Perumbakkam Depot EV,K5168,TN01BV9157,Switch,EV,OHM,No,Deluxe(EV),04-09-2025,Active
Perumbakkam Depot EV,K5167,TN01BV9160,Switch,EV,OHM,No,Deluxe(EV),04-09-2025,Active
Perumbakkam Depot EV,K5166,TN01BV9109,Switch,EV,OHM,No,Deluxe(EV),04-09-2025,Active
Perumbakkam Depot EV,K5165,TN01BV9117,Switch,EV,OHM,No,Deluxe(EV),04-09-2025,Active
Perumbakkam Depot EV,K5164,TN01BV9162,Switch,EV,OHM,No,Deluxe(EV),04-09-2025,Active
Perumbakkam Depot EV,K5163,TN01BV9165,Switch,EV,OHM,No,Deluxe(EV),04-09-2025,Active
Perumbakkam Depot EV,K5162,TN01BV9180,Switch,EV,OHM,No,Deluxe(EV),04-09-2025,Active
Perumbakkam Depot EV,K5161,TN01BV9138,Switch,EV,OHM,No,Deluxe(EV),04-09-2025,Active
Perumbakkam Depot EV,K5159,TN01BV9118,Switch,EV,OHM,No,Deluxe(EV),04-09-2025,Active
Perumbakkam Depot EV,K5158,TN01BV9122,Switch,EV,OHM,No,Deluxe(EV),04-09-2025,Active
Perumbakkam Depot EV,K5157,TN01BV9155,Switch,EV,OHM,No,Deluxe(EV),04-09-2025,Active
Perumbakkam Depot EV,K5156,TN01BV9110,Switch,EV,OHM,No,Deluxe(EV),04-09-2025,Active
Perumbakkam Depot EV,K5155,TN01BV9113,Switch,EV,OHM,No,Deluxe(EV),04-09-2025,Active
Perumbakkam Depot EV,K5154,TN01BV9153,Switch,EV,OHM,No,Deluxe(EV),04-09-2025,Active
Perumbakkam Depot EV,K5153,TN01BV9133,Switch,EV,OHM,No,Deluxe(EV),04-09-2025,Active
Perumbakkam Depot EV,K5152,TN01BV9184,Switch,EV,OHM,No,Deluxe(EV),04-09-2025,Active
Perumbakkam Depot EV,K5151,TN01BV9114,Switch,EV,OHM,No,Deluxe(EV),04-09-2025,Active
Perumbakkam Depot EV,K5150,TN01BV9144,Switch,EV,OHM,No,Deluxe(EV),04-09-2025,Active
Perumbakkam Depot EV,K5149,TN01BV9198,Switch,EV,OHM,No,Deluxe(EV),04-09-2025,Active
Perumbakkam Depot EV,K5148,TN01BV9140,Switch,EV,OHM,No,Deluxe(EV),04-09-2025,Active
Iyyapanthangal Depot,L0044,TN01AN6401,Ashok Leyland,BS-6,MTC,No,Ordinary,03-07-2026,Active
Perumbakkam Depot EV,K5147,TN01BV9127,Switch,EV,OHM,No,Deluxe(EV),04-09-2025,Active
Iyyapanthangal Depot,L0045,TN01AN6363,Ashok Leyland,BS-6,MTC,No,Ordinary,03-07-2026,Active
Iyyapanthangal Depot,L0092,TN01AN6338,Ashok Leyland,BS-6,MTC,No,Ordinary,03-07-2026,Active
Basin Bridge Depot,L0033,TN01AN6430,Ashok Leyland,BS-6,MTC,No,Ordinary,03-07-2026,Active
Basin Bridge Depot,L0023,TN01AN6415,Ashok Leyland,BS-6,MTC,No,Ordinary,03-07-2026,Active
Basin Bridge Depot,L0037,TN01AN6411,Ashok Leyland,BS-6,MTC,No,Ordinary,03-07-2026,Active
Basin Bridge Depot,L0036,TN01AN6358,Ashok Leyland,BS-6,MTC,No,Ordinary,03-07-2026,Active
Basin Bridge Depot,L0040,TN01AN6340,Ashok Leyland,BS-6,MTC,No,Ordinary,03-07-2026,Active
Avadi Depot,L0066,TN01AN6390,Ashok Leyland,BS-6,MTC,No,Ordinary,03-07-2026,Active
Avadi Depot,L0065,TN01AN6357,Ashok Leyland,BS-6,MTC,No,Ordinary,03-07-2026,Active
Avadi Depot,L0060,TN01AN6531,Ashok Leyland,BS-6,MTC,No,Ordinary,03-07-2026,Active
Perumbakkam Depot EV,K5146,TN01BV9168,Switch,EV,OHM,No,Deluxe(EV),04-09-2025,Active
Perumbakkam Depot EV,K5145,TN01BV9163,Switch,EV,OHM,No,Deluxe(EV),04-09-2025,Active
Perumbakkam Depot EV,K5144,TN01BV9101,Switch,EV,OHM,No,Deluxe(EV),04-09-2025,Active
Perumbakkam Depot EV,K5143,TN01BV9126,Switch,EV,OHM,No,Deluxe(EV),04-09-2025,Active
Perumbakkam Depot EV,K5142,TN01BV9167,Switch,EV,OHM,No,Deluxe(EV),04-09-2025,Active
Perumbakkam Depot EV,K5141,TN01BV9115,Switch,EV,OHM,No,Deluxe(EV),04-09-2025,Active
Perumbakkam Depot EV,K5140,TN01BV7543,Switch,EV,OHM,No,Deluxe(EV),04-09-2025,Active
Perumbakkam Depot EV,K5138,TN01BV7551,Switch,EV,OHM,No,Deluxe(EV),04-09-2025,Active
Perumbakkam Depot EV,K5137,TN01BV7569,Switch,EV,OHM,No,Deluxe(EV),04-09-2025,Active
Perumbakkam Depot EV,K5136,TN01BV7592,Switch,EV,OHM,No,Deluxe(EV),04-09-2025,Active
Perumbakkam Depot EV,K5135,TN01BV7545,Switch,EV,OHM,No,Deluxe(EV),04-09-2025,Active
Perumbakkam Depot EV,K5134,TN01BV7567,Switch,EV,OHM,No,Deluxe(EV),04-09-2025,Active
Perumbakkam Depot EV,K5132,TN01BV7517,Switch,EV,OHM,No,Deluxe(EV),04-09-2025,Active
Perumbakkam Depot EV,K5129,TN01BV7553,Switch,EV,OHM,No,Deluxe(EV),04-09-2025,Active
Perumbakkam Depot EV,K5128,TN01BV7512,Switch,EV,OHM,No,Deluxe(EV),04-09-2025,Active
Vysarpadi Depot EV,K5125,TN01BV6239,Switch,EV,OHM,No,Deluxe(EV),14-07-2025,Active
Vysarpadi Depot EV,K5124,TN01BV6296,Switch,EV,OHM,No,Deluxe(EV),14-07-2025,Active
Vysarpadi Depot EV,K5123,TN01BV6203,Switch,EV,OHM,No,Deluxe(EV),14-07-2025,Active
Vysarpadi Depot EV,K5122,TN01BV6234,Switch,EV,OHM,No,Deluxe(EV),14-07-2025,Active
Vysarpadi Depot EV,K5121,TN01BV6270,Switch,EV,OHM,No,Deluxe(EV),14-07-2025,Active
Vysarpadi Depot EV,K5120,TN01BV3780,Switch,EV,OHM,No,Deluxe(EV),10-06-2025,Active
Vysarpadi Depot EV,K5119,TN01BV3703,Switch,EV,OHM,No,Deluxe(EV),10-06-2025,Active
Vysarpadi Depot EV,K5118,TN01BV3775,Switch,EV,OHM,No,Deluxe(EV),10-06-2025,Active
Vysarpadi Depot EV,K5117,TN01BV3717,Switch,EV,OHM,No,Deluxe(EV),10-06-2025,Active
Vysarpadi Depot EV,K5116,TN01BV4320,Switch,EV,OHM,No,Deluxe(EV),10-06-2025,Active
Vysarpadi Depot EV,K5114,TN01BV4390,Switch,EV,OHM,No,Deluxe(EV),10-06-2025,Active
Vysarpadi Depot EV,K5113,TN01BV3979,Switch,EV,OHM,No,Deluxe(EV),10-06-2025,Active
Vysarpadi Depot EV,K5112,TN01BV4341,Switch,EV,OHM,No,Deluxe(EV),10-06-2025,Active
Vysarpadi Depot EV,K5111,TN01BV3965,Switch,EV,OHM,No,Deluxe(EV),10-06-2025,Active
Vysarpadi Depot EV,K5110,TN01BV3762,Switch,EV,OHM,No,Deluxe(EV),10-06-2025,Active
Vysarpadi Depot EV,K5108,TN01BV3790,Switch,EV,OHM,No,Deluxe(EV),10-06-2025,Active
Vysarpadi Depot EV,K5107,TN01BV3992,Switch,EV,OHM,No,Deluxe(EV),10-06-2025,Active
Vysarpadi Depot EV,K5106,TN01BV3767,Switch,EV,OHM,No,Deluxe(EV),10-06-2025,Active
Vysarpadi Depot EV,K5105,TN01BV3740,Switch,EV,OHM,No,Deluxe(EV),10-06-2025,Active
Vysarpadi Depot EV,K5104,TN01BV4350,Switch,EV,OHM,No,Deluxe(EV),10-06-2025,Active
Vysarpadi Depot EV,K5103,TN01BV4395,Switch,EV,OHM,No,Deluxe(EV),10-06-2025,Active
Vysarpadi Depot EV,K5102,TN01BV4308,Switch,EV,OHM,No,Deluxe(EV),10-06-2025,Active
Vysarpadi Depot EV,K5101,TN01BV4388,Switch,EV,OHM,No,Deluxe(EV),10-06-2025,Active
Vysarpadi Depot EV,K5100,TN01BV3998,Switch,EV,OHM,No,Deluxe(EV),10-06-2025,Active
Vysarpadi Depot EV,K5099,TN01BV3916,Switch,EV,OHM,No,Deluxe(EV),10-06-2025,Active
Vysarpadi Depot EV,K5098,TN01BV3723,Switch,EV,OHM,No,Deluxe(EV),10-06-2025,Active
Vysarpadi Depot EV,K5096,TN01BV3753,Switch,EV,OHM,No,Deluxe(EV),10-06-2025,Active
Vysarpadi Depot EV,K5095,TN01BV4326,Switch,EV,OHM,No,Deluxe(EV),10-06-2025,Active
Vysarpadi Depot EV,K5094,TN01BV4383,Switch,EV,OHM,No,Deluxe(EV),10-06-2025,Active
Vysarpadi Depot EV,K5093,TN01BV4334,Switch,EV,OHM,No,Deluxe(EV),10-06-2025,Active
Vysarpadi Depot EV,K5092,TN01BV3933,Switch,EV,OHM,No,Deluxe(EV),10-06-2025,Active
Vysarpadi Depot EV,K5091,TN01BV3984,Switch,EV,OHM,No,Deluxe(EV),10-06-2025,Active
Vysarpadi Depot EV,K5090,TN01BV3962,Switch,EV,OHM,No,Deluxe(EV),10-06-2025,Active
Vysarpadi Depot EV,K5089,TN01BV4305,Switch,EV,OHM,No,Deluxe(EV),10-06-2025,Active
Vysarpadi Depot EV,K5088,TN01BV3798,Switch,EV,OHM,No,Deluxe(EV),10-06-2025,Active
Vysarpadi Depot EV,K5087,TN01BV3907,Switch,EV,OHM,No,Deluxe(EV),10-06-2025,Active
Vysarpadi Depot EV,K5086,TN01BV3785,Switch,EV,OHM,No,Deluxe(EV),10-06-2025,Active
Vysarpadi Depot EV,K5085,TN01BV3705,Switch,EV,OHM,No,Deluxe(EV),10-06-2025,Active
Vysarpadi Depot EV,K5084,TN01BV3706,Switch,EV,OHM,No,Deluxe(EV),10-06-2025,Active
Vysarpadi Depot EV,K5083,TN01BV3729,Switch,EV,OHM,No,Deluxe(EV),10-06-2025,Active
Vysarpadi Depot EV,K5082,TN01BV4339,Switch,EV,OHM,No,Deluxe(EV),10-06-2025,Active
Vysarpadi Depot EV,K5081,TN01BV3924,Switch,EV,OHM,No,Deluxe(EV),10-06-2025,Active
Vysarpadi Depot EV,K5080,TN01BV3915,Switch,EV,OHM,No,Deluxe(EV),10-06-2025,Active
Vysarpadi Depot EV,K5079,TN01BV3931,Switch,EV,OHM,No,Deluxe(EV),10-06-2025,Active
Vysarpadi Depot EV,K5078,TN01BV3946,Switch,EV,OHM,No,Deluxe(EV),10-06-2025,Active
Vysarpadi Depot EV,K5077,TN01BV3963,Switch,EV,OHM,No,Deluxe(EV),10-06-2025,Active
Vysarpadi Depot EV,K5076,TN01BV3748,Switch,EV,OHM,No,Deluxe(EV),10-06-2025,Active
Vysarpadi Depot EV,K5075,TN01BV3720,Switch,EV,OHM,No,Deluxe(EV),10-06-2025,Active
Vysarpadi Depot EV,K5074,TN01BV3736,Switch,EV,OHM,No,Deluxe(EV),10-06-2025,Active
Vysarpadi Depot EV,K5073,TN01BV3760,Switch,EV,OHM,No,Deluxe(EV),10-06-2025,Active
Vysarpadi Depot EV,K5072,TN01BV4370,Switch,EV,OHM,No,Deluxe(EV),10-06-2025,Active
Vysarpadi Depot EV,K5071,TN01BV4385,Switch,EV,OHM,No,Deluxe(EV),10-06-2025,Active
Vysarpadi Depot EV,K5070,TN01BV4357,Switch,EV,OHM,No,Deluxe(EV),10-06-2025,Active
Vysarpadi Depot EV,K5069,TN01BV3952,Switch,EV,OHM,No,Deluxe(EV),10-06-2025,Active
Vysarpadi Depot EV,K5068,TN01BV3921,Switch,EV,OHM,No,Deluxe(EV),10-06-2025,Active
Vysarpadi Depot EV,K5067,TN01BV3945,Switch,EV,OHM,No,Deluxe(EV),10-06-2025,Active
Vysarpadi Depot EV,K5066,TN01BV3776,Switch,EV,OHM,No,Deluxe(EV),10-06-2025,Active
Vysarpadi Depot EV,K5065,TN01BV3719,Switch,EV,OHM,No,Deluxe(EV),10-06-2025,Active
Vysarpadi Depot EV,K5064,TN01BV3787,Switch,EV,OHM,No,Deluxe(EV),10-06-2025,Active
Vysarpadi Depot EV,K5063,TN01BV3745,Switch,EV,OHM,No,Deluxe(EV),10-06-2025,Active
Vysarpadi Depot EV,K5062,TN01BV3724,Switch,EV,OHM,No,Deluxe(EV),10-06-2025,Active
Vysarpadi Depot EV,K5061,TN01BV3796,Switch,EV,OHM,No,Deluxe(EV),10-06-2025,Active
Vysarpadi Depot EV,K5060,TN01BV4366,Switch,EV,OHM,No,Deluxe(EV),10-06-2025,Active
Vysarpadi Depot EV,K5059,TN01BV4396,Switch,EV,OHM,No,Deluxe(EV),10-06-2025,Active
Vysarpadi Depot EV,K5058,TN01BV3981,Switch,EV,OHM,No,Deluxe(EV),10-06-2025,Active
Vysarpadi Depot EV,K5057,TN01BV3973,Switch,EV,OHM,No,Deluxe(EV),10-06-2025,Active
Vysarpadi Depot EV,K5056,TN01BV3926,Switch,EV,OHM,No,Deluxe(EV),10-06-2025,Active
Vysarpadi Depot EV,K5055,TN01BV3943,Switch,EV,OHM,No,Deluxe(EV),10-06-2025,Active
Vysarpadi Depot EV,K5054,TN01BV3759,Switch,EV,OHM,No,Deluxe(EV),10-06-2025,Active
Vysarpadi Depot EV,K5053,TN01BV3769,Switch,EV,OHM,No,Deluxe(EV),10-06-2025,Active
Vysarpadi Depot EV,K5052,TN01BV3747,Switch,EV,OHM,No,Deluxe(EV),10-06-2025,Active
Vysarpadi Depot EV,K5051,TN01BV3765,Switch,EV,OHM,No,Deluxe(EV),10-06-2025,Active
Vysarpadi Depot EV,K5050,TN01BV3902,Switch,EV,OHM,No,Deluxe(EV),10-06-2025,Active
Vysarpadi Depot EV,K5048,TN01BV4314,Switch,EV,OHM,No,Deluxe(EV),10-06-2025,Active
Vysarpadi Depot EV,K5047,TN01BV4369,Switch,EV,OHM,No,Deluxe(EV),10-06-2025,Active
Vysarpadi Depot EV,K5046,TN01BV3948,Switch,EV,OHM,No,Deluxe(EV),10-06-2025,Active
Vysarpadi Depot EV,K5045,TN01BV4302,Switch,EV,OHM,No,Deluxe(EV),10-06-2025,Active
Vysarpadi Depot EV,K5044,TN01BV3987,Switch,EV,OHM,No,Deluxe(EV),10-06-2025,Active
Vysarpadi Depot EV,K5043,TN01BV3976,Switch,EV,OHM,No,Deluxe(EV),10-06-2025,Active
Vysarpadi Depot EV,K5042,TN01BV3927,Switch,EV,OHM,No,Deluxe(EV),10-06-2025,Active
Vysarpadi Depot EV,K5040,TN01BV3709,Switch,EV,OHM,No,Deluxe(EV),10-06-2025,Active
Vysarpadi Depot EV,K5039,TN01BV3713,Switch,EV,OHM,No,Deluxe(EV),10-06-2025,Active
Vysarpadi Depot EV,K5038,TN01BV3783,Switch,EV,OHM,No,Deluxe(EV),10-06-2025,Active
Vysarpadi Depot EV,K5037,TN01BV3954,Switch,EV,OHM,No,Deluxe(EV),10-06-2025,Active
Vysarpadi Depot EV,K5036,TN01BV4352,Switch,EV,OHM,No,Deluxe(EV),10-06-2025,Active
Vysarpadi Depot EV,K5035,TN01BV3997,Switch,EV,OHM,No,Deluxe(EV),10-06-2025,Active
Vysarpadi Depot EV,K5034,TN01BV3935,Switch,EV,OHM,No,Deluxe(EV),10-06-2025,Active
Vysarpadi Depot EV,K5033,TN01BV3754,Switch,EV,OHM,No,Deluxe(EV),10-06-2025,Active
Vysarpadi Depot EV,K5031,TN01BV3782,Switch,EV,OHM,No,Deluxe(EV),10-06-2025,Active
Vysarpadi Depot EV,K5030,TN01BV3764,Switch,EV,OHM,No,Deluxe(EV),10-06-2025,Active
Vysarpadi Depot EV,K5029,TN01BV3749,Switch,EV,OHM,No,Deluxe(EV),10-06-2025,Active
Vysarpadi Depot EV,K5028,TN01BV3714,Switch,EV,OHM,No,Deluxe(EV),10-06-2025,Active
Vysarpadi Depot EV,K5027,TN01BV4378,Switch,EV,OHM,No,Deluxe(EV),10-06-2025,Active
Vysarpadi Depot EV,K5026,TN01BV4325,Switch,EV,OHM,No,Deluxe(EV),10-06-2025,Active
Vysarpadi Depot EV,K5025,TN01BV3920,Switch,EV,OHM,No,Deluxe(EV),10-06-2025,Active
Vysarpadi Depot EV,K5024,TN01BV3956,Switch,EV,OHM,No,Deluxe(EV),10-06-2025,Active
Vysarpadi Depot EV,K5023,TN01BV4384,Switch,EV,OHM,No,Deluxe(EV),10-06-2025,Active
Vysarpadi Depot EV,K5022,TN01BV3925,Switch,EV,OHM,No,Deluxe(EV),10-06-2025,Active
Vysarpadi Depot EV,K5021,TN01BV3913,Switch,EV,OHM,No,Deluxe(EV),10-06-2025,Active
Vysarpadi Depot EV,K5020,TN01BV3702,Switch,EV,OHM,No,Deluxe(EV),10-06-2025,Active
Vysarpadi Depot EV,K5019,TN01BV3757,Switch,EV,OHM,No,Deluxe(EV),10-06-2025,Active
Vysarpadi Depot EV,K5018,TN01BV3708,Switch,EV,OHM,No,Deluxe(EV),10-06-2025,Active
Vysarpadi Depot EV,K5017,TN01BV3744,Switch,EV,OHM,No,Deluxe(EV),10-06-2025,Active
Vysarpadi Depot EV,K5016,TN01BV4362,Switch,EV,OHM,No,Deluxe(EV),10-06-2025,Active
Vysarpadi Depot EV,K5015,TN01BV4342,Switch,EV,OHM,No,Deluxe(EV),10-06-2025,Active
Vysarpadi Depot EV,K5014,TN01BV3904,Switch,EV,OHM,No,Deluxe(EV),10-06-2025,Active
Vysarpadi Depot EV,K5013,TN01BV3989,Switch,EV,OHM,No,Deluxe(EV),10-06-2025,Active
Vysarpadi Depot EV,K5012,TN01BV3912,Switch,EV,OHM,No,Deluxe(EV),10-06-2025,Active
Vysarpadi Depot EV,K5011,TN01BV3795,Switch,EV,OHM,No,Deluxe(EV),14-07-2025,Active
Vysarpadi Depot EV,K5010,TN01BV3730,Switch,EV,OHM,No,Deluxe(EV),10-06-2025,Active
Vysarpadi Depot EV,K5009,TN01BV3739,Switch,EV,OHM,No,Deluxe(EV),10-06-2025,Active
Vysarpadi Depot EV,K5008,TN01BV3766,Switch,EV,OHM,No,Deluxe(EV),10-06-2025,Active
Vysarpadi Depot EV,K5007,TN01BV3763,Switch,EV,OHM,No,Deluxe(EV),10-06-2025,Active
Vysarpadi Depot EV,K5005,TN01BV3972,Switch,EV,OHM,No,Deluxe(EV),10-06-2025,Active
Vysarpadi Depot EV,K5004,TN01BV4375,Switch,EV,OHM,No,Deluxe(EV),10-06-2025,Active
Vysarpadi Depot EV,K5003,TN01BV3928,Switch,EV,OHM,No,Deluxe(EV),10-06-2025,Active
Vysarpadi Depot EV,K5002,TN01BV3990,Switch,EV,OHM,No,Deluxe(EV),10-06-2025,Active
Vysarpadi Depot EV,K5001,TN01BV3944,Switch,EV,OHM,No,Deluxe(EV),10-06-2025,Active
Tondiarpet-1 Depot EV,K5635,TN01BW9893,Switch,EV,OHM,Yes,AC(EV),24-02-2026,Active
Tondiarpet-1 Depot EV,K5634,TN01BW9850,Switch,EV,OHM,Yes,AC(EV),24-02-2026,Active
Tondiarpet-1 Depot EV,K5633,TN01BW9828,Switch,EV,OHM,Yes,AC(EV),24-02-2026,Active
Tondiarpet-1 Depot EV,K5632,TN01BW9859,Switch,EV,OHM,Yes,AC(EV),24-02-2026,Active
Tondiarpet-1 Depot EV,K5631,TN01BW9834,Switch,EV,OHM,Yes,AC(EV),24-02-2026,Active
Tondiarpet-1 Depot EV,K5630,TN01BW9826,Switch,EV,OHM,Yes,AC(EV),24-02-2026,Active
Tondiarpet-1 Depot EV,K5629,TN01BW9877,Switch,EV,OHM,Yes,AC(EV),24-02-2026,Active
Tondiarpet-1 Depot EV,K5628,TN01BW9821,Switch,EV,OHM,Yes,AC(EV),24-02-2026,Active
Tondiarpet-1 Depot EV,K5627,TN01BW9853,Switch,EV,OHM,Yes,AC(EV),24-02-2026,Active
Tondiarpet-1 Depot EV,K5626,TN01BW9833,Switch,EV,OHM,Yes,AC(EV),24-02-2026,Active
Tondiarpet-1 Depot EV,K5625,TN01BW9875,Switch,EV,OHM,Yes,AC(EV),24-02-2026,Active
Tondiarpet-1 Depot EV,K5624,TN01BW9894,Switch,EV,OHM,Yes,AC(EV),24-02-2026,Active
Tondiarpet-1 Depot EV,K5623,TN01BW9858,Switch,EV,OHM,Yes,AC(EV),24-02-2026,Active
Tondiarpet-1 Depot EV,K5622,TN01BW9856,Switch,EV,OHM,Yes,AC(EV),24-02-2026,Active
Tondiarpet-1 Depot EV,K5621,TN01BW9816,Switch,EV,OHM,Yes,AC(EV),24-02-2026,Active
Tondiarpet-1 Depot EV,K5620,TN01BW9870,Switch,EV,OHM,Yes,AC(EV),24-02-2026,Active
Tondiarpet-1 Depot EV,K5618,TN01BW9815,Switch,EV,OHM,Yes,AC(EV),24-02-2026,Active
Tondiarpet-1 Depot EV,K5617,TN01BW9879,Switch,EV,OHM,Yes,AC(EV),24-02-2026,Active
Tondiarpet-1 Depot EV,K5616,TN01BW9882,Switch,EV,OHM,Yes,AC(EV),24-02-2026,Active
Tondiarpet-1 Depot EV,K5615,TN01BW9857,Switch,EV,OHM,Yes,AC(EV),24-02-2026,Active
Tondiarpet-1 Depot EV,K5614,TN01BW9806,Switch,EV,OHM,Yes,AC(EV),24-02-2026,Active
Tondiarpet-1 Depot EV,K5613,TN01BW9832,Switch,EV,OHM,Yes,AC(EV),24-02-2026,Active
Tondiarpet-1 Depot EV,K5612,TN01BW9823,Switch,EV,OHM,Yes,AC(EV),24-02-2026,Active
Tondiarpet-1 Depot EV,K5611,TN01BW9830,Switch,EV,OHM,Yes,AC(EV),24-02-2026,Active
Tondiarpet-1 Depot EV,K5610,TN01BW9885,Switch,EV,OHM,Yes,AC(EV),24-02-2026,Active
Tondiarpet-1 Depot EV,K5609,TN01BW9892,Switch,EV,OHM,Yes,AC(EV),24-02-2026,Active
Perumbakkam Depot EV,K5608,TN01BW9400,Switch,EV,OHM,Yes,AC(EV),,Active
Perumbakkam Depot EV,K5606,TN01BW9348,Switch,EV,OHM,Yes,AC(EV),,Active
Perumbakkam Depot EV,K5605,TN01BW9231,Switch,EV,OHM,Yes,AC(EV),,Active
Perumbakkam Depot EV,K5602,TN01BW9205,Switch,EV,OHM,Yes,AC(EV),,Active
Perumbakkam Depot EV,K5601,TN01BW9079,Switch,EV,OHM,Yes,AC(EV),,Active
Perumbakkam Depot EV,K5604,TN01BW9064,Switch,EV,OHM,Yes,AC(EV),,Active
Perumbakkam Depot EV,K5603,TN01BW9033,Switch,EV,OHM,Yes,AC(EV),,Active
Central Depot EV,K5569,TN01BW9029,Switch,EV,OHM,Yes,AC(EV),,Active
Central Depot EV,K5575,TN01BW9094,Switch,EV,OHM,Yes,AC(EV),,Active
Central Depot EV,K5576,TN01BW9057,Switch,EV,OHM,Yes,AC(EV),,Active
Central Depot EV,K5572,TN01BW9013,Switch,EV,OHM,Yes,AC(EV),,Active
Central Depot EV,K5573,TN01BW9257,Switch,EV,OHM,Yes,AC(EV),,Active
Central Depot EV,K5574,TN01BW9015,Switch,EV,OHM,Yes,AC(EV),,Active
Central Depot EV,K5570,TN01BW9054,Switch,EV,OHM,Yes,AC(EV),,Active
Central Depot EV,K5571,TN01BW9067,Switch,EV,OHM,Yes,AC(EV),,Active
Central Depot EV,K5564,TN01BW9056,Switch,EV,OHM,Yes,AC(EV),,Active
Central Depot EV,K5561,TN01BW9043,Switch,EV,OHM,Yes,AC(EV),,Active
Central Depot EV,K5567,TN01BW9012,Switch,EV,OHM,Yes,AC(EV),,Active
Central Depot EV,K5566,TN01BW9047,Switch,EV,OHM,Yes,AC(EV),,Active
Central Depot EV,K5565,TN01BW9021,Switch,EV,OHM,Yes,AC(EV),,Active
Central Depot EV,K5563,TN01BW9085,Switch,EV,OHM,Yes,AC(EV),,Active
Central Depot EV,K5568,TN01BW9002,Switch,EV,OHM,Yes,AC(EV),,Active
Central Depot EV,K5562,TN01BW9076,Switch,EV,OHM,Yes,AC(EV),,Active
Central Depot EV,K5560,TN01BW9051,Switch,EV,OHM,Yes,AC(EV),,Active
Perumbakkam Depot EV,K5599,TN01BW9004,Switch,EV,OHM,Yes,AC(EV),,Active
Poonamallee Depot EV,K5591,TN01BW9127,Switch,EV,OHM,Yes,AC(EV),,Active
Central Depot EV,K5587,TN01BW9157,Switch,EV,OHM,Yes,AC(EV),,Active
Central Depot EV,K5579,TN01BW9192,Switch,EV,OHM,Yes,AC(EV),,Active
Poonamallee Depot EV,K5592,TN01BW9081,Switch,EV,OHM,Yes,AC(EV),,Active
Central Depot EV,K5578,TN01BW9059,Switch,EV,OHM,Yes,AC(EV),,Active
Central Depot EV,K5581,TN01BW9082,Switch,EV,OHM,Yes,AC(EV),,Active
Central Depot EV,K5580,TN01BW9019,Switch,EV,OHM,Yes,AC(EV),,Active
Poonamallee Depot EV,K5590,TN01BW9042,Switch,EV,OHM,Yes,AC(EV),,Active
Central Depot EV,K5583,TN01BW9066,Switch,EV,OHM,Yes,AC(EV),,Active
Central Depot EV,K5586,TN01BW9074,Switch,EV,OHM,Yes,AC(EV),,Active
Poonamallee Depot EV,K5589,TN01BW9061,Switch,EV,OHM,Yes,AC(EV),,Active
Central Depot EV,K5577,TN01BW9077,Switch,EV,OHM,Yes,AC(EV),,Active
Poonamallee Depot EV,K5593,TN01BW9022,Switch,EV,OHM,Yes,AC(EV),,Active
Central Depot EV,K5585,TN01BW9024,Switch,EV,OHM,Yes,AC(EV),,Active
Central Depot EV,K5559,TN01BW9084,Switch,EV,OHM,Yes,AC(EV),,Active
Central Depot EV,K5558,TN01BW9027,Switch,EV,OHM,Yes,AC(EV),,Active
Central Depot EV,K5584,TN01BW9048,Switch,EV,OHM,Yes,AC(EV),,Active
Central Depot EV,K5588,TN01BW9078,Switch,EV,OHM,Yes,AC(EV),,Active
Central Depot EV,K5582,TN01BW9280,Switch,EV,OHM,Yes,AC(EV),,Active
Ambattur Depot,L0002,TN01AN6303,Ashok Leyland,BS-4,MTC,No,Ordinary,24-06-2026,Active
Ambattur Depot,L0057,TN01AN6261,Ashok Leyland,BS-4,MTC,No,Ordinary,25-06-2026,Active
Ambattur Depot,L0058,TN01AN6315,Ashok Leyland,BS-4,MTC,No,Ordinary,25-06-2026,Active
Ambattur Depot,L0073,TN01AN6251,Ashok Leyland,BS-4,MTC,No,Ordinary,25-06-2026,Active
Ambattur Depot,L0075,TN01AN6293,Ashok Leyland,BS-4,MTC,No,Ordinary,25-06-2026,Active
Ambattur Depot,L0109,TN01AN6311,Ashok Leyland,BS-4,MTC,No,Ordinary,25-06-2026,Active
Ambattur Depot,L0104,TN01AN6276,Ashok Leyland,BS-4,MTC,No,Ordinary,25-06-2026,Active
Ambattur Depot,L0098,TN01AN6232,Ashok Leyland,BS-4,MTC,No,Ordinary,25-06-2026,Active
Ambattur Depot,L0083,TN01AN6242,Ashok Leyland,BS-4,MTC,No,Ordinary,25-06-2026,Active
Ambattur Depot,L0087,TN01AN6321,Ashok Leyland,BS-4,MTC,No,Ordinary,24-06-2026,Active
Ambattur Depot,L0088,TN01AN6273,Ashok Leyland,BS-4,MTC,No,Ordinary,24-06-2026,Active
Ambattur Depot,L0042,TN01AN6323,Ashok Leyland,BS-4,MTC,No,Ordinary,24-06-2026,Active
Ambattur Depot,L0048,TN01AN6260,Ashok Leyland,BS-4,MTC,No,Ordinary,24-06-2026,Active
Ambattur Depot,L0028,TN01AN6258,Ashok Leyland,BS-4,MTC,No,Ordinary,24-06-2026,Active
Ambattur Depot,L0007,TN01AN6240,Ashok Leyland,BS-4,MTC,No,Ordinary,23-03-2026,Active
Ambattur Depot,L0018,TN01AN6246,Ashok Leyland,BS-4,MTC,No,Ordinary,23-03-2026,Active
Ambattur Depot,L0019,TN01AN6285,Ashok Leyland,BS-4,MTC,No,Ordinary,23-03-2026,Active
Ambattur Depot,L0035,TN01AN6287,Ashok Leyland,BS-4,MTC,No,Ordinary,23-03-2026,Active
Ambattur Depot,L0039,TN01AN6325,Ashok Leyland,BS-4,MTC,No,Ordinary,23-03-2026,Active
Kundrathur Depot,L0010,TN01AN6267,Ashok Leyland,BS-4,MTC,No,Ordinary,01-05-2016,Active
Kundrathur Depot,L0080,TN01AN6294,Ashok Leyland,BS-4,MTC,No,Ordinary,01-05-2016,Active
Kundrathur Depot,L0074,TN01AN6249,Ashok Leyland,BS-4,MTC,No,Ordinary,01-05-2016,Active
Kundrathur Depot,L0055,TN01AN6264,Ashok Leyland,BS-4,MTC,No,Ordinary,01-05-2016,Active
Ambattur Depot,L0107,TN01AN6243,Ashok Leyland,BS-4,MTC,No,Ordinary,25-06-2026,Active
Ambattur Depot,L0067,TN01AN6298,Ashok Leyland,BS-4,MTC,No,Ordinary,25-06-2026,Active
Ambattur Depot,L0085,TN01AN6241,Ashok Leyland,BS-4,MTC,No,Ordinary,25-06-2026,Active
Kundrathur Depot,L0009,TN01AN6252,Ashok Leyland,BS-4,MTC,No,Ordinary,24-06-2026,Active
Ambattur Depot,L0053,TN01AN6324,Ashok Leyland,BS-4,MTC,No,Ordinary,25-06-2026,Active
Ambattur Depot,L0054,TN01AN6248,Ashok Leyland,BS-4,MTC,No,Ordinary,25-06-2026,Active
Ambattur Depot,L0061,TN01AN6307,Ashok Leyland,BS-4,MTC,No,Ordinary,25-06-2026,Active
Ambattur Depot,L0090,TN01AN6283,Ashok Leyland,BS-4,MTC,No,Ordinary,25-06-2026,Active
Ambattur Depot,L0091,TN01AN6318,Ashok Leyland,BS-4,MTC,No,Ordinary,25-06-2026,Active
Ambattur Depot,L0082,TN01AN6231,Ashok Leyland,BS-4,MTC,No,Ordinary,25-06-2026,Active
Ambattur Depot,L0086,TN01AN6269,Ashok Leyland,BS-4,MTC,No,Ordinary,05-02-2016,Active
Ambattur Depot,L0089,TN01AN6274,Ashok Leyland,BS-4,MTC,No,Ordinary,24-06-2026,Active
Ambattur Depot,L0079,TN01AN6238,Ashok Leyland,BS-4,MTC,No,Ordinary,24-06-2026,Active
Ambattur Depot,L0059,TN01AN6270,Ashok Leyland,BS-4,MTC,No,Ordinary,23-03-2026,Active
Ambattur Depot,L0051,TN01AN6271,Ashok Leyland,BS-4,MTC,No,Ordinary,01-05-2016,Active
Ambattur Depot,L0050,TN01AN6247,Ashok Leyland,BS-4,MTC,No,Ordinary,01-05-2016,Active
Ambattur Depot,L0047,TN01AN6329,Ashok Leyland,BS-4,MTC,No,Ordinary,01-05-2016,Active
Kundrathur Depot,L0032,TN01AN6330,Ashok Leyland,BS-4,MTC,No,Ordinary,01-05-2016,Active
Kundrathur Depot,L0025,TN01AN6284,Ashok Leyland,BS-4,MTC,No,Ordinary,01-05-2016,Active
Kundrathur Depot,L0024,TN01AN6256,Ashok Leyland,BS-4,MTC,No,Ordinary,01-05-2016,Active
Kundrathur Depot,L0022,TN01AN6288,Ashok Leyland,BS-4,MTC,No,Ordinary,01-05-2016,Active
Kundrathur Depot,L0020,TN01AN6279,Ashok Leyland,BS-4,MTC,No,Ordinary,01-05-2016,Active
Kundrathur Depot,L0017,TN01AN6292,Ashok Leyland,BS-4,MTC,No,Ordinary,01-05-2016,Active
Kundrathur Depot,L0012,TN01AN6319,Ashok Leyland,BS-4,MTC,No,Ordinary,01-05-2016,Active
Kundrathur Depot,L0008,TN01AN6235,Ashok Leyland,BS-4,MTC,No,Ordinary,01-05-2016,Active
Kundrathur Depot,L0006,TN01AN6300,Ashok Leyland,BS-4,MTC,No,Ordinary,01-05-2016,Active
Kundrathur Depot,L0003,TN01AN6289,Ashok Leyland,BS-4,MTC,No,Ordinary,01-05-2016,Active
Kundrathur Depot,L0077,TN01AN6302,Ashok Leyland,BS-4,MTC,No,Ordinary,01-05-2016,Active
Kundrathur Depot,L0076,TN01AN6262,Ashok Leyland,BS-4,MTC,No,Ordinary,01-05-2016,Active
Kundrathur Depot,L0072,TN01AN6322,Ashok Leyland,BS-4,MTC,No,Ordinary,01-05-2016,Active
Kundrathur Depot,L0071,TN01AN6320,Ashok Leyland,BS-4,MTC,No,Ordinary,01-05-2016,Active
Kundrathur Depot,L0069,TN01AN6297,Ashok Leyland,BS-4,MTC,No,Ordinary,01-05-2016,Active
Kundrathur Depot,L0070,TN01AN6277,Ashok Leyland,BS-4,MTC,No,Ordinary,01-05-2016,Active
Central Depot EV,K5556,TN01BW9045,Switch,EV,OHM,Yes,AC(EV),,Active
Ambattur Depot,J0938,TN01AN1890,Ashok Leyland,BS-4,MTC,No,Ordinary,03-01-2019,Active
Ambattur Depot,J1294,TN01AN2495,Ashok Leyland,BS-4,MTC,No,Ordinary,19-06-2019,Active
Ambattur Depot,L0099,TN01AN6373,Ashok Leyland,BS-6,MTC,No,Ordinary,03-07-2026,Active
Ambattur Depot,L0100,TN01AN6418,Ashok Leyland,BS-6,MTC,No,Ordinary,03-07-2026,Active
Chrompet -II Depot,DZ00052,TN01BU2356,Ashok Leyland,BS-4,MTC - Dummy,No,Small Bus(Express),27-03-2026,Active
Chrompet -II Depot,DX0052,TN01ND1424,Ashok Leyland,BS-4,MTC - Dummy,No,Deluxe,27-03-2026,Active
Central Depot EV,K5555,TN01BW9093,Switch,EV,OHM,Yes,AC(EV),,Active
Central Depot EV,K5557,TN01BW9003,Switch,EV,OHM,Yes,AC(EV),,Active
Central Depot EV,K5554,TN01BW8429,Switch,EV,OHM,Yes,AC(EV),,Active
Central Depot EV,K5553,TN01BW8676,Switch,EV,OHM,Yes,AC(EV),,Active
Central Depot EV,K5552,TN01BW8596,Switch,EV,OHM,Yes,AC(EV),,Active
Central Depot EV,K5551,TN01BW8575,Switch,EV,OHM,Yes,AC(EV),,Active
Central Depot EV,K5550,TN01BW8677,Switch,EV,OHM,Yes,AC(EV),,Active
Central Depot EV,K5549,TN01BW8515,Switch,EV,OHM,Yes,AC(EV),,Active
Central Depot EV,K5548,TN01BW8573,Switch,EV,OHM,Yes,AC(EV),,Active
Central Depot EV,K5547,TN01BW8460,Switch,EV,OHM,Yes,AC(EV),,Active
Central Depot EV,K5546,TN01BW8488,Switch,EV,OHM,Yes,AC(EV),,Active
Central Depot EV,K5545,TN01BW8433,Switch,EV,OHM,Yes,AC(EV),,Active
Central Depot EV,K5544,TN01BW8669,Switch,EV,OHM,Yes,AC(EV),,Active
Central Depot EV,K5543,TN01BW8507,Switch,EV,OHM,Yes,AC(EV),,Active
Central Depot EV,K5542,TN01BW8534,Switch,EV,OHM,Yes,AC(EV),,Active
Central Depot EV,K5541,TN01BW8413,Switch,EV,OHM,Yes,AC(EV),,Active
Central Depot EV,K5540,TN01BW8469,Switch,EV,OHM,Yes,AC(EV),,Active
Central Depot EV,K5539,TN01BW8449,Switch,EV,OHM,Yes,AC(EV),,Active
Central Depot EV,K5538,TN01BW8446,Switch,EV,OHM,Yes,AC(EV),,Active
Central Depot EV,K5537,TN01BW8420,Switch,EV,OHM,Yes,AC(EV),,Active
Central Depot EV,K5536,TN01BW8410,Switch,EV,OHM,Yes,AC(EV),,Active
Central Depot EV,K5535,TN01BW8490,Switch,EV,OHM,Yes,AC(EV),,Active
Central Depot EV,K5534,TN01BW8474,Switch,EV,OHM,Yes,AC(EV),,Active
Central Depot EV,K5533,TN01BW8435,Switch,EV,OHM,Yes,AC(EV),,Active
Central Depot EV,K5532,TN01BW8493,Switch,EV,OHM,Yes,AC(EV),,Active
Central Depot EV,K5531,TN01BW8661,Switch,EV,OHM,Yes,AC(EV),,Active
Central Depot EV,K5530,TN01BW8442,Switch,EV,OHM,Yes,AC(EV),,Active
Central Depot EV,K5529,TN01BW8491,Switch,EV,OHM,Yes,AC(EV),,Active
Central Depot EV,K5528,TN01BW8499,Switch,EV,OHM,Yes,AC(EV),,Active
Central Depot EV,K5527,TN01BW8496,Switch,EV,OHM,Yes,AC(EV),,Active
Central Depot EV,K5526,TN01BW8464,Switch,EV,OHM,Yes,AC(EV),,Active
Central Depot EV,K5525,TN01BW8625,Switch,EV,OHM,Yes,AC(EV),,Active
Central Depot EV,K5524,TN01BW8482,Switch,EV,OHM,Yes,AC(EV),,Active
Central Depot EV,K5523,TN01BW8444,Switch,EV,OHM,Yes,AC(EV),,Active
Central Depot EV,K5522,TN01BW8445,Switch,EV,OHM,Yes,AC(EV),,Active
Central Depot EV,K5521,TN01BW8411,Switch,EV,OHM,Yes,AC(EV),,Active
Central Depot EV,K5520,TN01BW8610,Switch,EV,OHM,Yes,AC(EV),,Active
Central Depot EV,K5519,TN01BW8536,Switch,EV,OHM,Yes,AC(EV),,Active
Z Dummy Depot,JZ0632,TestTN01AN6234,Tata,BS-4,MTC - Dummy,No,Small Bus,24-02-2025,Inactive
Ambattur Depot,L0063,TN01AN6381,Ashok Leyland,BS-6,MTC,No,Ordinary,06-07-2026,Active
Central Depot EV,K5518,TN01BW8538,Switch,EV,OHM,Yes,AC(EV),,Active
Central Depot EV,K5517,TN01BW8475,Switch,EV,OHM,Yes,AC(EV),,Active
Central Depot EV,K5516,TN01BW8620,Switch,EV,OHM,Yes,AC(EV),,Active
Central Depot EV,K5515,TN01BW8447,Switch,EV,OHM,Yes,AC(EV),,Active
Central Depot EV,K5514,TN01BW8554,Switch,EV,OHM,Yes,AC(EV),,Active
Central Depot EV,K5513,TN01BW8431,Switch,EV,OHM,Yes,AC(EV),,Active
Central Depot EV,K5512,TN01BW8443,Switch,EV,OHM,Yes,AC(EV),,Active
Central Depot EV,K5511,TN01BW8583,Switch,EV,OHM,Yes,AC(EV),,Active
Central Depot EV,K5510,TN01BW8498,Switch,EV,OHM,Yes,AC(EV),,Active
Central Depot EV,K5509,TN01BW8584,Switch,EV,OHM,Yes,AC(EV),,Active
Central Depot EV,K5508,TN01BW8672,Switch,EV,OHM,Yes,AC(EV),,Active
Central Depot EV,K5507,TN01BW8451,Switch,EV,OHM,Yes,AC(EV),,Active
Central Depot EV,K5506,TN01BW8481,Switch,EV,OHM,Yes,AC(EV),,Active
Central Depot EV,K5505,TN01BW8535,Switch,EV,OHM,Yes,AC(EV),,Active
Poonamallee Depot EV,K5504,TN01BW2795,Switch,EV,OHM,Yes,AC(EV),,Active
Poonamallee Depot EV,K5502,TN01BW2776,Switch,EV,OHM,Yes,AC(EV),,Active
Poonamallee Depot EV,K5500,TN01BW2731,Switch,EV,OHM,Yes,AC(EV),,Active
Poonamallee Depot EV,K5497,TN01BW2781,Switch,EV,OHM,Yes,AC(EV),,Active
Poonamallee Depot EV,K5494,TN01BW2793,Switch,EV,OHM,Yes,AC(EV),,Active
Poonamallee Depot EV,K5491,TN01BW2623,Switch,EV,OHM,Yes,AC(EV),,Active
Poonamallee Depot EV,K5490,TN01BW2605,Switch,EV,OHM,Yes,AC(EV),,Active
Poonamallee Depot EV,K5484,TN01BW2677,Switch,EV,OHM,Yes,AC(EV),,Active
Poonamallee Depot EV,K5482,TN01BW2656,Switch,EV,OHM,Yes,AC(EV),,Active
Poonamallee Depot EV,K5476,TN01BW2675,Switch,EV,OHM,Yes,AC(EV),,Active
Poonamallee Depot EV,K5468,TN01BW2621,Switch,EV,OHM,Yes,AC(EV),,Active
Poonamallee Depot EV,K5462,TN01BW2603,Switch,EV,OHM,Yes,AC(EV),,Active
Perumbakkam Depot EV,K5456,TN01BV7585,Switch,EV,OHM,Yes,AC(EV),,Active
Perumbakkam Depot EV,K5455,TN01BV7526,Switch,EV,OHM,Yes,AC(EV),,Active
Perumbakkam Depot EV,K5454,TN01BV7584,Switch,EV,OHM,Yes,AC(EV),,Active
Perumbakkam Depot EV,K5452,TN01BV7549,Switch,EV,OHM,Yes,AC(EV),04-09-2025,Active
Perumbakkam Depot EV,K5451,TN01BV7521,Switch,EV,OHM,Yes,AC(EV),04-09-2025,Active
Perumbakkam Depot EV,K5449,TN01BV5364,Switch,EV,OHM,Yes,AC(EV),04-09-2025,Active
Perumbakkam Depot EV,K5448,TN01BV5338,Switch,EV,OHM,Yes,AC(EV),04-09-2025,Active
Perumbakkam Depot EV,K5447,TN01BV5384,Switch,EV,OHM,Yes,AC(EV),,Active
Perumbakkam Depot EV,K5446,TN01BV5305,Switch,EV,OHM,Yes,AC(EV),,Active
Perumbakkam Depot EV,K5445,TN01BV5310,Switch,EV,OHM,Yes,AC(EV),,Active
Perumbakkam Depot EV,K5443,TN01BV5337,Switch,EV,OHM,Yes,AC(EV),,Active
Perumbakkam Depot EV,K5442,TN01BV5317,Switch,EV,OHM,Yes,AC(EV),,Active
Perumbakkam Depot EV,K5440,TN01BV5385,Switch,EV,OHM,Yes,AC(EV),04-09-2025,Active
Perumbakkam Depot EV,K5439,TN01BV5394,Switch,EV,OHM,Yes,AC(EV),04-09-2025,Active
Perumbakkam Depot EV,K5438,TN01BV5323,Switch,EV,OHM,Yes,AC(EV),04-09-2025,Active
Perumbakkam Depot EV,K5437,TN01BV5380,Switch,EV,OHM,Yes,AC(EV),04-09-2025,Active
Perumbakkam Depot EV,K5436,TN01BV5346,Switch,EV,OHM,Yes,AC(EV),04-09-2025,Active
Perumbakkam Depot EV,K5435,TN01BV5308,Switch,EV,OHM,Yes,AC(EV),04-09-2025,Active
Perumbakkam Depot EV,K5434,TN01BV5396,Switch,EV,OHM,Yes,AC(EV),04-09-2025,Active
Perumbakkam Depot EV,K5433,TN01BV5349,Switch,EV,OHM,Yes,AC(EV),04-09-2025,Active
Perumbakkam Depot EV,K5432,TN01BV5306,Switch,EV,OHM,Yes,AC(EV),04-09-2025,Active
Perumbakkam Depot EV,K5431,TN01BV5382,Switch,EV,OHM,Yes,AC(EV),04-09-2025,Active
Perumbakkam Depot EV,K5430,TN01BV5329,Switch,EV,OHM,Yes,AC(EV),04-09-2025,Active
Perumbakkam Depot EV,K5429,TN01BV5367,Switch,EV,OHM,Yes,AC(EV),04-09-2025,Active
Perumbakkam Depot EV,K5428,TN01BV5393,Switch,EV,OHM,Yes,AC(EV),04-09-2025,Active
Perumbakkam Depot EV,K5427,TN01BV5332,Switch,EV,OHM,Yes,AC(EV),04-09-2025,Active
Perumbakkam Depot EV,K5426,TN01BV5389,Switch,EV,OHM,Yes,AC(EV),04-09-2025,Active
Perumbakkam Depot EV,K5425,TN01BV5320,Switch,EV,OHM,Yes,AC(EV),04-09-2025,Active
Perumbakkam Depot EV,K5424,TN01BV5361,Switch,EV,OHM,Yes,AC(EV),04-09-2025,Active
Perumbakkam Depot EV,K5423,TN01BV5379,Switch,EV,OHM,Yes,AC(EV),04-09-2025,Active
Perumbakkam Depot EV,K5422,TN01BV5377,Switch,EV,OHM,Yes,AC(EV),04-09-2025,Active
Perumbakkam Depot EV,K5421,TN01BV5344,Switch,EV,OHM,Yes,AC(EV),04-09-2025,Active
Perumbakkam Depot EV,K5420,TN01BV5314,Switch,EV,OHM,Yes,AC(EV),04-09-2025,Active
Perumbakkam Depot EV,K5419,TN01BV5391,Switch,EV,OHM,Yes,AC(EV),04-09-2025,Active
Perumbakkam Depot EV,K5418,TN01BV5316,Switch,EV,OHM,Yes,AC(EV),04-09-2025,Active
Perumbakkam Depot EV,K5417,TN01BV5374,Switch,EV,OHM,Yes,AC(EV),04-09-2025,Active
Perumbakkam Depot EV,K5416,TN01BV5339,Switch,EV,OHM,Yes,AC(EV),04-09-2025,Active
Perumbakkam Depot EV,K5415,TN01BV5351,Switch,EV,OHM,Yes,AC(EV),04-09-2025,Active
Perumbakkam Depot EV,K5414,TN01BV5304,Switch,EV,OHM,Yes,AC(EV),04-09-2025,Active
Perumbakkam Depot EV,K5413,TN01BV5365,Switch,EV,OHM,Yes,AC(EV),04-09-2025,Active
Perumbakkam Depot EV,K5412,TN01BV5368,Switch,EV,OHM,Yes,AC(EV),04-09-2025,Active
Perumbakkam Depot EV,K5411,TN01BV5301,Switch,EV,OHM,Yes,AC(EV),04-09-2025,Active
Perumbakkam Depot EV,K5410,TN01BV5325,Switch,EV,OHM,Yes,AC(EV),04-09-2025,Active
Perumbakkam Depot EV,K5409,TN01BV5386,Switch,EV,OHM,Yes,AC(EV),04-09-2025,Active
Perumbakkam Depot EV,K5408,TN01BV5373,Switch,EV,OHM,Yes,AC(EV),04-09-2025,Active
Perumbakkam Depot EV,K5407,TN01BV5341,Switch,EV,OHM,Yes,AC(EV),04-09-2025,Active
Perumbakkam Depot EV,K5406,TN01BV5322,Switch,EV,OHM,Yes,AC(EV),04-09-2025,Active
Perumbakkam Depot EV,K5405,TN01BV5378,Switch,EV,OHM,Yes,AC(EV),04-09-2025,Active
Perumbakkam Depot EV,K5403,TN01BV5348,Switch,EV,OHM,Yes,AC(EV),04-09-2025,Active
Perumbakkam Depot EV,K5402,TN01BV5383,Switch,EV,OHM,Yes,AC(EV),04-09-2025,Active
Perumbakkam Depot EV,K5401,TN01BV5303,Switch,EV,OHM,Yes,AC(EV),11-07-2019,Active
Ambattur Depot,J0801,TN01AN1573,Ashok Leyland,BS-4,MTC,No,Ordinary,16-05-2016,Active
Ambattur Depot,K1533,TN01AN6157,Ashok Leyland,BS-6,MTC,No,Ordinary,26-03-2026,Active
Ambattur Depot,K1543,TN01AN6189,Ashok Leyland,BS-6,MTC,No,Ordinary,23-03-2026,Active
Ambattur Depot,K1542,TN01AN6186,Ashok Leyland,BS-6,MTC,No,Ordinary,26-03-2026,Active
Ambattur Depot,K1541,TN01AN6140,Ashok Leyland,BS-6,MTC,No,Ordinary,24-03-2026,Active
Ambattur Depot,K1540,TN01AN6156,Ashok Leyland,BS-6,MTC,No,Ordinary,24-03-2026,Active
Ambattur Depot,K1539,TN01AN6210,Ashok Leyland,BS-6,MTC,No,Ordinary,26-03-2026,Active
Ambattur Depot,K1538,TN01AN6167,Ashok Leyland,BS-6,MTC,No,Ordinary,24-03-2026,Active
Ambattur Depot,K1537,TN01AN6172,Ashok Leyland,BS-6,MTC,No,Ordinary,23-03-2026,Active
Ambattur Depot,K1536,TN01AN6147,Ashok Leyland,BS-6,MTC,No,Ordinary,24-03-2026,Active
Ambattur Depot,K1534,TN01AN6201,Ashok Leyland,BS-6,MTC,No,Ordinary,24-03-2026,Active
Ambattur Depot,K1531,TN01AN6197,Ashok Leyland,BS-6,MTC,No,Ordinary,26-03-2026,Active
Ambattur Depot,K1530,TN01AN6141,Ashok Leyland,BS-6,MTC,No,Ordinary,30-03-2026,Active
Ambattur Depot,K1528,TN01AN6205,Ashok Leyland,BS-6,MTC,No,Ordinary,23-03-2026,Active
Ambattur Depot,K1525,TN01AN6305,Ashok Leyland,BS-6,MTC,No,Ordinary,30-03-2026,Active
Ambattur Depot,K1523,TN01AN6180,Ashok Leyland,BS-6,MTC,No,Ordinary,26-03-2026,Active
Ambattur Depot,K1522,TN01AN6206,Ashok Leyland,BS-6,MTC,No,Ordinary,24-03-2026,Active
Ambattur Depot,K1521,TN01AN6170,Ashok Leyland,BS-6,MTC,No,Ordinary,30-03-2026,Active
Ambattur Depot,K1524,TN01AN6175,Ashok Leyland,BS-6,MTC,No,Ordinary,26-03-2026,Active
Ambattur Depot,K1526,TN01AN6153,Ashok Leyland,BS-6,MTC,No,Ordinary,24-03-2026,Active
Ambattur Depot,K1529,TN01AN6221,Ashok Leyland,BS-6,MTC,No,Ordinary,24-03-2026,Active
Ambattur Depot,K1518,TN01AN6163,Ashok Leyland,BS-6,MTC,No,Ordinary,26-03-2026,Active
Ambattur Depot,K1519,TN01AN6134,Ashok Leyland,BS-6,MTC,No,Ordinary,23-03-2026,Active
Ambattur Depot,K1511,TN01AN6159,Ashok Leyland,BS-6,MTC,No,Ordinary,23-03-2026,Active
Ambattur Depot,K1513,TN01AN6229,Ashok Leyland,BS-6,MTC,No,Ordinary,26-03-2026,Active
Ambattur Depot,K1512,TN01AN6166,Ashok Leyland,BS-6,MTC,No,Ordinary,23-03-2026,Active
Ambattur Depot,K1514,TN01AN6148,Ashok Leyland,BS-6,MTC,No,Ordinary,26-03-2026,Active
Ambattur Depot,K1515,TN01AN6169,Ashok Leyland,BS-6,MTC,No,Ordinary,23-03-2026,Active
Ambattur Depot,K1516,TN01AN6219,Ashok Leyland,BS-6,MTC,No,Ordinary,23-03-2026,Active
Ambattur Depot,K1517,TN01AN6222,Ashok Leyland,BS-6,MTC,No,Ordinary,23-03-2026,Active
Ambattur Depot,K1520,TN01AN6224,Ashok Leyland,BS-6,MTC,No,Ordinary,23-03-2026,Active
Ambattur Depot,K0342,TN01AN5064,Ashok Leyland,BS-6,MTC,No,Ordinary,11-07-2019,Active
Adyar Depot,J0911,TN01AN1882,Ashok Leyland,BS-4,MTC,No,Ordinary,03-01-2019,Active
Thiruvanmiyur Depot,J2071,TN01AN3848,Ashok Leyland,BS-4,MTC,No,Ordinary,22-03-2020,Active
K.K. Nagar Depot,J0480,TN01AN1195,Tata,BS-4,MTC,No,Ordinary,09-10-2015,Active
Kannagi Nagar Depot,J1095,TN01AN2217,Ashok Leyland,BS-4,MTC,No,Deluxe,06-05-2019,Active
Basin Bridge Depot,J0859,TN01AN1606,Ashok Leyland,BS-4,MTC,No,Deluxe,07-09-2016,Active
Madhavaram Depot,J0775,TN01AN1514,Ashok Leyland,BS-4,MTC,No,Ordinary,01-05-2016,Active
Madhavaram Depot,J0776,TN01AN1526,Ashok Leyland,BS-4,MTC,No,Ordinary,01-05-2016,Active
Madhavaram Depot,J0789,TN01AN1516,Ashok Leyland,BS-4,MTC,No,Ordinary,01-05-2016,Active
Tambaram Depot,K1222,TN01AN5752,Ashok Leyland,BS-6,MTC,No,Ordinary,01-12-2025,Active
Tambaram Depot,K1230,TN01AN5785,Ashok Leyland,BS-6,MTC,No,Ordinary,01-12-2025,Active
Tambaram Depot,K1237,TN01AN5749,Ashok Leyland,BS-6,MTC,No,Ordinary,01-12-2025,Active
Tambaram Depot,K1240,TN01AN5790,Ashok Leyland,BS-6,MTC,No,Ordinary,01-12-2025,Active
Tondiarpet-2 Depot,K0321,TN01AN4872,Ashok Leyland,BS-6,MTC,No,Ordinary,05-02-2016,Active
Adyar Depot,K1247,TN01AN5800,Ashok Leyland,BS-6,MTC,No,Ordinary,01-12-2025,Active
Basin Bridge Depot,J0909,TN01AN1692,Ashok Leyland,BS-4,MTC,No,Deluxe,20-09-2016,Active
Basin Bridge Depot,J0901,TN01AN1704,Ashok Leyland,BS-4,MTC,No,Deluxe,20-09-2016,Active
Basin Bridge Depot,J0863,TN01AN1681,Ashok Leyland,BS-4,MTC,No,Deluxe,07-09-2016,Active
Kilambakkam Depot,J0862,TN01AN1609,Ashok Leyland,BS-4,MTC,No,Deluxe,07-09-2016,Active
Kilambakkam Depot,J0861,TN01AN1625,Ashok Leyland,BS-4,MTC,No,Deluxe,07-09-2016,Active
Basin Bridge Depot,J0860,TN01AN1686,Ashok Leyland,BS-4,MTC,No,Deluxe,07-09-2016,Active
Tondiarpet-2 Depot,J0905,TN01AN1703,Ashok Leyland,BS-4,MTC,No,Ordinary,20-09-2016,Active
Vadapalani Depot,J0904,TN01AN1721,Ashok Leyland,BS-4,MTC,No,Ordinary,04-10-2016,Active
Vadapalani Depot,J0903,TN01AN1719,Ashok Leyland,BS-4,MTC,No,Ordinary,04-10-2016,Active
Madhavaram Depot,J0897,TN01AN1593,Ashok Leyland,BS-4,MTC,No,Ordinary,07-09-2016,Active
Tondiarpet-2 Depot,J0894,TN01AN1650,Ashok Leyland,BS-4,MTC,No,Ordinary,07-09-2016,Active
Ayanavaram Depot,J0889,TN01AN1661,Ashok Leyland,BS-4,MTC,No,Ordinary,07-09-2016,Active
Anna Nagar Depot,J0881,TN01AN1604,Ashok Leyland,BS-4,MTC,No,Ordinary,07-09-2016,Active
Anna Nagar Depot,J0880,TN01AN1643,Ashok Leyland,BS-4,MTC,No,Ordinary,07-09-2016,Active
Padiyanallur Depot,J0876,TN01AN1670,Ashok Leyland,BS-4,MTC,No,Ordinary,07-09-2016,Active
Tambaram Depot,J0857,TN01AN1675,Ashok Leyland,BS-4,MTC,No,Ordinary,07-09-2016,Active
Vadapalani Depot,J0855,TN01AN1621,Ashok Leyland,BS-4,MTC,No,Ordinary,07-09-2016,Active
Madhavaram Depot,J0845,TN01AN1633,Ashok Leyland,BS-4,MTC,No,Ordinary,07-09-2016,Active
Madhavaram Depot,J0823,TN01AN1579,Ashok Leyland,BS-4,MTC,No,Ordinary,16-05-2016,Active
Saidapet Depot,J0822,TN01AN1580,Ashok Leyland,BS-4,MTC,No,Ordinary,16-05-2016,Active
Anna Nagar Depot,J0781,TN01AN1521,Ashok Leyland,BS-4,MTC,No,Ordinary,01-05-2016,Active
Poonamallee Depot,J0759,TN01AN1720,Tata,BS-4,MTC,No,Ordinary,04-10-2016,Active
Poonamallee Depot,J0753,TN01AN1702,Tata,BS-4,MTC,No,Ordinary,20-09-2016,Active
Poonamallee Depot,J0752,TN01AN1706,Tata,BS-4,MTC,No,Ordinary,20-09-2016,Active
Poonamallee Depot,J0745,TN01AN1701,Tata,BS-4,MTC,No,Ordinary,20-09-2016,Active
Poonamallee Depot,J0744,TN01AN1712,Tata,BS-4,MTC,No,Ordinary,20-09-2016,Active
K.K. Nagar Depot,J0743,TN01AN1665,Tata,BS-4,MTC,No,Ordinary,07-09-2016,Active
Poonamallee Depot,J0741,TN01AN1667,Tata,BS-4,MTC,No,Ordinary,07-09-2016,Active
Poonamallee Depot,J0740,TN01AN1599,Tata,BS-4,MTC,No,Ordinary,07-09-2016,Active
K.K. Nagar Depot,J0739,TN01AN1624,Tata,BS-4,MTC,No,Ordinary,07-09-2016,Active
Poonamallee Depot,J0738,TN01AN1627,Tata,BS-4,MTC,No,Ordinary,07-09-2016,Active
Poonamallee Depot,J0737,TN01AN1622,Tata,BS-4,MTC,No,Ordinary,07-09-2016,Active
Poonamallee Depot,J0736,TN01AN1668,Tata,BS-4,MTC,No,Ordinary,07-09-2016,Active
Poonamallee Depot,J0726,TN01AN1589,Tata,BS-4,MTC,No,Ordinary,07-09-2016,Active
Poonamallee Depot,J0725,TN01AN1631,Tata,BS-4,MTC,No,Ordinary,07-09-2016,Active
Poonamallee Depot,J0719,TN01AN1560,Tata,BS-4,MTC,No,Ordinary,16-05-2016,Active
K.K. Nagar Depot,J0590,TN01AN1470,Tata,BS-4,MTC,No,Ordinary,11-04-2016,Active
T.Nagar Depot,J0578,TN01AN1434,Tata,BS-4,MTC,No,Ordinary,31-03-2016,Active
Mandaveli Depot,J0565,TN01AN1453,Tata,BS-4,MTC,No,Ordinary,31-03-2016,Active
K.K. Nagar Depot,J0558,TN01AN1373,Tata,BS-4,MTC,No,Ordinary,29-02-2016,Active
K.K. Nagar Depot,J0551,TN01AN1319,Tata,BS-4,MTC,No,Ordinary,07-02-2016,Active
Poonamallee Depot,J0548,TN01AN1302,Tata,BS-4,MTC,No,Ordinary,05-02-2016,Active
T.Nagar Depot,J0531,TN01AN1305,Tata,BS-4,MTC,No,Ordinary,05-02-2016,Active
Mandaveli Depot,J0510,TN01AN1272,Tata,BS-4,MTC,No,Ordinary,05-02-2016,Active
Tambaram Depot,J0235,TN01AN0614,Ashok Leyland,BS-4,MTC,No,Ordinary,14-06-2013,Active
Tambaram Depot,J0234,TN01AN0573,Ashok Leyland,BS-4,MTC,No,Ordinary,21-11-2012,Active
Madhavaram Depot,J0233,TN01AN0561,Ashok Leyland,BS-4,MTC,No,Ordinary,21-11-2012,Active
Tambaram Depot,J0230,TN01AN0582,Ashok Leyland,BS-4,MTC,No,Ordinary,21-11-2012,Active
Tambaram Depot,J0219,TN01AN0578,Ashok Leyland,BS-4,MTC,No,Ordinary,21-11-2012,Active
Vadapalani Depot,J2111,TN01AN4007,Ashok Leyland,BS-4,MTC,No,Deluxe,22-03-2020,Active
Vadapalani Depot,J2047,TN01AN3915,Ashok Leyland,BS-4,MTC,No,Deluxe,22-03-2020,Active
Thiruvanmiyur Depot,J0607,TN01AN1226,Tata,BS-4,MTC,No,Small Bus(Express),05-02-2016,Active
Tambaram Depot,J1205,TN01AN2050,Ashok Leyland,BS-4,MTC,No,Deluxe,01-05-2019,Active
Padiyanallur Depot,J1268,TN01AN2408,Ashok Leyland,BS-4,MTC,No,Deluxe,20-05-2019,Active
Padiyanallur Depot,J1919,TN01AN3828,Ashok Leyland,BS-4,MTC,No,Deluxe,15-03-2020,Active
Padiyanallur Depot,J0982,TN01AN2005,Ashok Leyland,BS-4,MTC,No,Deluxe,13-03-2019,Active
Padiyanallur Depot,J1838,TN01AN3558,Ashok Leyland,BS-4,MTC,No,Deluxe,13-02-2020,Active
Padiyanallur Depot,J1010,TN01AN2211,Ashok Leyland,BS-4,MTC,No,Deluxe,02-05-2019,Active
Padiyanallur Depot,J1267,TN01AN2336,Ashok Leyland,BS-4,MTC,No,Deluxe,20-05-2019,Active
Madhavaram Depot,J2021,TN01AN3904,Ashok Leyland,BS-4,MTC,No,Deluxe,22-03-2020,Active
Madhavaram Depot,J1090,TN01AN2229,Ashok Leyland,BS-4,MTC,No,Deluxe,02-05-2019,Active
Kilambakkam Depot,K1373,TN01AN5810,Ashok Leyland,BS-6,MTC,No,LF Bus (D),17-12-2025,Active
Kilambakkam Depot,K1405,TN01AN5888,Ashok Leyland,BS-6,MTC,No,LF Bus (D),02-01-2026,Active
Kilambakkam Depot,K1404,TN01AN5906,Ashok Leyland,BS-6,MTC,No,LF Bus (D),02-01-2026,Active
Kilambakkam Depot,K1414,TN01AN5923,Ashok Leyland,BS-6,MTC,No,LF Bus (D),02-01-2026,Active
Kilambakkam Depot,K1417,TN01AN5872,Ashok Leyland,BS-6,MTC,No,LF Bus (D),02-01-2026,Active
Kilambakkam Depot,K1378,TN01AN5905,Ashok Leyland,BS-6,MTC,No,LF Bus (D),18-12-2025,Active
Kilambakkam Depot,K1415,TN01AN5883,Ashok Leyland,BS-6,MTC,No,LF Bus (D),02-01-2026,Active
Kilambakkam Depot,K1413,TN01AN5899,Ashok Leyland,BS-6,MTC,No,LF Bus (D),02-01-2026,Active
Kilambakkam Depot,K1384,TN01AN5897,Ashok Leyland,BS-6,MTC,No,LF Bus (D),02-01-2026,Active
Kilambakkam Depot,K1398,TN01AN5886,Ashok Leyland,BS-6,MTC,No,LF Bus (D),02-01-2026,Active
Kilambakkam Depot,K1390,TN01AN5844,Ashok Leyland,BS-6,MTC,No,LF Bus (D),02-01-2026,Active
Kilambakkam Depot,K1399,TN01AN5866,Ashok Leyland,BS-6,MTC,No,LF Bus (D),02-01-2026,Active
Kilambakkam Depot,K1389,TN01AN5860,Ashok Leyland,BS-6,MTC,No,LF Bus (D),02-01-2026,Active
Kilambakkam Depot,K1447,TN01AN5943,Ashok Leyland,BS-6,MTC,No,LF Bus (D),16-01-2026,Active
Kilambakkam Depot,K0397,TN01AN4552,Ashok Leyland,BS-6,MTC,No,LF Bus (D),06-02-2008,Active
Kilambakkam Depot,K0362,TN01AN4568,Ashok Leyland,BS-6,MTC,No,LF Bus (D),29-02-2016,Active
Kilambakkam Depot,K0671,TN01AN4928,Ashok Leyland,BS-6,MTC,No,LF Bus (D),06-02-2008,Active
Kilambakkam Depot,K0679,TN01AN4898,Ashok Leyland,BS-6,MTC,No,LF Bus (D),06-02-2008,Active
Kilambakkam Depot,K0368,TN01AN4536,Ashok Leyland,BS-6,MTC,No,LF Bus (D),06-02-2008,Active
Kilambakkam Depot,K0391,TN01AN4558,Ashok Leyland,BS-6,MTC,No,LF Bus (D),05-02-2016,Active
Kilambakkam Depot,K0365,TN01AN4595,Ashok Leyland,BS-6,MTC,No,LF Bus (D),06-02-2008,Active
Kilambakkam Depot,K0372,TN01AN4588,Ashok Leyland,BS-6,MTC,No,LF Bus (D),06-02-2008,Active
Kannagi Nagar Depot,J1275,TN01AN2524,Ashok Leyland,BS-4,MTC,No,Deluxe,19-06-2019,Active
Adyar Depot,K0610,TN01AN5024,Ashok Leyland,BS-6,MTC,No,LF Bus (D),21-10-2013,Active
Kannagi Nagar Depot,J1344,TN01AN2662,Ashok Leyland,BS-4,MTC,No,Deluxe,25-06-2019,Active
Anna Nagar East Depot,K0339,TN01AN4857,Ashok Leyland,BS-6,MTC,No,Ordinary,,Active
K.K. Nagar Depot,J0439,TN01AN0849,Tata,BS-4,MTC,No,Ordinary,16-06-2014,Active
Mandaveli Depot,J1616,TN01AN3084,Tata,BS-4,MTC,No,Deluxe,24-09-2019,Active
Mandaveli Depot,J0529,TN01AN1280,Tata,BS-4,MTC,No,Ordinary,05-02-2016,Active
Anna Nagar East Depot,J1160,TN01AN2210,Ashok Leyland,BS-4,MTC,No,Deluxe,02-05-2019,Active
Kannagi Nagar Depot,J0842,TN01AN1647,Ashok Leyland,BS-4,MTC,No,Ordinary,07-09-2016,Active
Kilambakkam Depot,K0540,TN01AN4893,Ashok Leyland,BS-6,MTC,No,LF Bus (D),15-12-2025,Active
K.K. Nagar Depot,K1190,TN01AN5639,Ashok Leyland,BS-6,MTC,No,LF Bus (D),21-11-2025,Active
K.K. Nagar Depot,J0722,TN01AN1620,Tata,BS-4,MTC,No,Ordinary,07-09-2016,Active
K.K. Nagar Depot,J0715,TN01AN1506,Tata,BS-4,MTC,No,Ordinary,01-05-2016,Active
K.K. Nagar Depot,J0758,TN01AN1711,Tata,BS-4,MTC,No,Ordinary,20-09-2016,Active
K.K. Nagar Depot,J0588,TN01AN1467,Tata,BS-4,MTC,No,Ordinary,06-04-2016,Active
K.K. Nagar Depot,J0599,TN01AN1496,Tata,BS-4,MTC,No,Ordinary,17-04-2016,Active
K.K. Nagar Depot,K0143,TN01AN4181,Ashok Leyland,BS-6,MTC,No,LF Bus (D),29-02-2016,Active
K.K. Nagar Depot,K0469,TN01AN4477,Ashok Leyland,BS-6,MTC,No,LF Bus (D),29-02-2016,Active
K.K. Nagar Depot,K0466,TN01AN4485,Ashok Leyland,BS-6,MTC,No,LF Bus (D),29-02-2016,Active
K.K. Nagar Depot,K0468,TN01AN4435,Ashok Leyland,BS-6,MTC,No,LF Bus (D),29-02-2016,Active
K.K. Nagar Depot,K0470,TN01AN4496,Ashok Leyland,BS-6,MTC,No,LF Bus (D),29-02-2016,Active
K.K. Nagar Depot,K0486,TN01AN4720,Ashok Leyland,BS-6,MTC,No,LF Bus (D),19-06-2019,Active
K.K. Nagar Depot,K0412,TN01AN4651,Ashok Leyland,BS-6,MTC,No,LF Bus (D),19-06-2019,Active
K.K. Nagar Depot,K0410,TN01AN4647,Ashok Leyland,BS-6,MTC,No,LF Bus (D),07-09-2016,Active
K.K. Nagar Depot,K0513,TN01AN4770,Ashok Leyland,BS-6,MTC,No,LF Bus (D),05-04-2011,Active
K.K. Nagar Depot,K0512,TN01AN4774,Ashok Leyland,BS-6,MTC,No,LF Bus (D),05-04-2011,Active
K.K. Nagar Depot,K0515,TN01AN4782,Ashok Leyland,BS-6,MTC,No,LF Bus (D),05-04-2011,Active
K.K. Nagar Depot,K0517,TN01AN4870,Ashok Leyland,BS-6,MTC,No,LF Bus (D),20-10-2019,Active
K.K. Nagar Depot,K0520,TN01AN4918,Ashok Leyland,BS-6,MTC,No,LF Bus (D),20-10-2019,Active
K.K. Nagar Depot,K0701,TN01AN4834,Ashok Leyland,BS-6,MTC,No,LF Bus (D),20-10-2019,Active
K.K. Nagar Depot,K0703,TN01AN4889,Ashok Leyland,BS-6,MTC,No,LF Bus (D),15-12-2025,Active
K.K. Nagar Depot,K0541,TN01AN4989,Ashok Leyland,BS-6,MTC,No,LF Bus (D),15-12-2025,Active
K.K. Nagar Depot,K0542,TN01AN5006,Ashok Leyland,BS-6,MTC,No,LF Bus (D),15-12-2025,Active
K.K. Nagar Depot,K0539,TN01AN4998,Ashok Leyland,BS-6,MTC,No,LF Bus (D),15-12-2025,Active
K.K. Nagar Depot,K0544,TN01AN4943,Ashok Leyland,BS-6,MTC,No,LF Bus (D),15-12-2025,Active
K.K. Nagar Depot,K0545,TN01AN4932,Ashok Leyland,BS-6,MTC,No,LF Bus (D),15-12-2025,Active
K.K. Nagar Depot,K0543,TN01AN4956,Ashok Leyland,BS-6,MTC,No,LF Bus (D),15-12-2025,Active
K.K. Nagar Depot,K0820,TN01AN5247,Ashok Leyland,BS-6,MTC,No,LF Bus (D),18-07-2025,Active
K.K. Nagar Depot,K0821,TN01AN5271,Ashok Leyland,BS-6,MTC,No,LF Bus (D),18-07-2025,Active
K.K. Nagar Depot,K0550,TN01AN5007,Ashok Leyland,BS-6,MTC,No,LF Bus (D),07-02-2016,Active
K.K. Nagar Depot,K1137,TN01AN5571,Ashok Leyland,BS-6,MTC,No,LF Bus (D),12-11-2025,Active
K.K. Nagar Depot,K1138,TN01AN5595,Ashok Leyland,BS-6,MTC,No,LF Bus (D),12-11-2025,Active
K.K. Nagar Depot,K1136,TN01AN5559,Ashok Leyland,BS-6,MTC,No,LF Bus (D),12-11-2025,Active
K.K. Nagar Depot,K1163,TN01AN5637,Ashok Leyland,BS-6,MTC,No,LF Bus (D),12-11-2025,Active
K.K. Nagar Depot,K1177,TN01AN5684,Ashok Leyland,BS-6,MTC,No,LF Bus (D),17-11-2025,Active
K.K. Nagar Depot,K1186,TN01AN5653,Ashok Leyland,BS-6,MTC,No,LF Bus (D),17-11-2025,Active
K.K. Nagar Depot,K1187,TN01AN5652,Ashok Leyland,BS-6,MTC,No,LF Bus (D),17-11-2025,Active
K.K. Nagar Depot,K1183,TN01AN5672,Ashok Leyland,BS-6,MTC,No,LF Bus (D),17-11-2025,Active
K.K. Nagar Depot,K1184,TN01AN5715,Ashok Leyland,BS-6,MTC,No,LF Bus (D),17-11-2025,Active
K.K. Nagar Depot,K1179,TN01AN5703,Ashok Leyland,BS-6,MTC,No,LF Bus (D),17-11-2025,Active
K.K. Nagar Depot,K1178,TN01AN5711,Ashok Leyland,BS-6,MTC,No,LF Bus (D),17-11-2025,Active
K.K. Nagar Depot,K1180,TN01AN5702,Ashok Leyland,BS-6,MTC,No,LF Bus (D),17-11-2025,Active
K.K. Nagar Depot,K1181,TN01AN5729,Ashok Leyland,BS-6,MTC,No,LF Bus (D),17-11-2025,Active
K.K. Nagar Depot,K1182,TN01AN5707,Ashok Leyland,BS-6,MTC,No,LF Bus (D),17-11-2025,Active
K.K. Nagar Depot,K1185,TN01AN5694,Ashok Leyland,BS-6,MTC,No,LF Bus (D),17-11-2025,Active
K.K. Nagar Depot,K1188,TN01AN5638,Ashok Leyland,BS-6,MTC,No,LF Bus (D),17-11-2025,Active
K.K. Nagar Depot,K1192,TN01AN5650,Ashok Leyland,BS-6,MTC,No,LF Bus (D),21-11-2025,Active
K.K. Nagar Depot,K1191,TN01AN5664,Ashok Leyland,BS-6,MTC,No,LF Bus (D),21-11-2025,Active
K.K. Nagar Depot,K1194,TN01AN5701,Ashok Leyland,BS-6,MTC,No,LF Bus (D),01-12-2025,Active
K.K. Nagar Depot,K1502,TN01AN6177,Ashok Leyland,BS-6,MTC,No,LF Bus (D),03-03-2026,Active
K.K. Nagar Depot,K1195,TN01AN5649,Ashok Leyland,BS-6,MTC,No,LF Bus (D),01-12-2025,Active
K.K. Nagar Depot,K1197,TN01AN5654,Ashok Leyland,BS-6,MTC,No,LF Bus (D),01-12-2025,Active
K.K. Nagar Depot,K1480,TN01AN6217,Ashok Leyland,BS-6,MTC,No,LF Bus (D),03-03-2026,Active
K.K. Nagar Depot,K1470,TN01AN6198,Ashok Leyland,BS-6,MTC,No,LF Bus (D),02-03-2026,Active
K.K. Nagar Depot,K1196,TN01AN5685,Ashok Leyland,BS-6,MTC,No,LF Bus (D),01-12-2025,Active
K.K. Nagar Depot,K1471,TN01AN6216,Ashok Leyland,BS-6,MTC,No,LF Bus (D),02-03-2026,Active
K.K. Nagar Depot,K1198,TN01AN5761,Ashok Leyland,BS-6,MTC,No,LF Bus (D),01-12-2025,Active
K.K. Nagar Depot,K1199,TN01AN5775,Ashok Leyland,BS-6,MTC,No,LF Bus (D),01-12-2025,Active
K.K. Nagar Depot,K1200,TN01AN5823,Ashok Leyland,BS-6,MTC,No,LF Bus (D),01-12-2025,Active
K.K. Nagar Depot,K1201,TN01AN5744,Ashok Leyland,BS-6,MTC,No,LF Bus (D),02-12-2025,Active
K.K. Nagar Depot,K1202,TN01AN5815,Ashok Leyland,BS-6,MTC,No,LF Bus (D),04-12-2025,Active
K.K. Nagar Depot,K1203,TN01AN5819,Ashok Leyland,BS-6,MTC,No,LF Bus (D),04-12-2025,Active
K.K. Nagar Depot,K1463,TN01AN6118,Ashok Leyland,BS-6,MTC,No,LF Bus (D),27-01-2026,Active
K.K. Nagar Depot,K1462,TN01AN6076,Ashok Leyland,BS-6,MTC,No,LF Bus (D),27-01-2026,Active
K.K. Nagar Depot,K1445,TN01AN6053,Ashok Leyland,BS-6,MTC,No,LF Bus (D),24-01-2026,Active
K.K. Nagar Depot,K1443,TN01AN6120,Ashok Leyland,BS-6,MTC,No,LF Bus (D),27-01-2026,Active
K.K. Nagar Depot,K1420,TN01AN6150,Ashok Leyland,BS-6,MTC,No,LF Bus (D),07-02-2026,Active
K.K. Nagar Depot,K1421,TN01AN6162,Ashok Leyland,BS-6,MTC,No,LF Bus (D),07-02-2026,Active
K.K. Nagar Depot,J0596,TN01AN1487,Tata,BS-4,MTC,No,Ordinary,14-04-2016,Active
K.K. Nagar Depot,K0662,TN01AN4793,Ashok Leyland,BS-6,MTC,No,LF Bus (D),15-12-2025,Active
K.K. Nagar Depot,K0665,TN01AN4754,Ashok Leyland,BS-6,MTC,No,LF Bus (D),05-04-2011,Active
K.K. Nagar Depot,J0566,TN01AN1432,Tata,BS-4,MTC,No,Ordinary,31-03-2016,Active
Vadapalani Depot,J0396,TN01AN0897,Ashok Leyland,BS-4,MTC,No,Ordinary,16-06-2014,Active
Vadapalani Depot,J0241,TN01AN0623,Ashok Leyland,BS-4,MTC,No,Ordinary,14-06-2013,Active
Ennore Depot,J0833,TN01AN1674,Ashok Leyland,BS-4,MTC,No,Ordinary,07-09-2016,Active
Ennore Depot,J0851,TN01AN1684,Ashok Leyland,BS-4,MTC,No,Ordinary,07-09-2016,Active
Ennore Depot,J1963,TN01AN3874,Ashok Leyland,BS-4,MTC,No,Deluxe,22-03-2020,Active
Ennore Depot,J1360,TN01AN2649,Ashok Leyland,BS-4,MTC,No,Deluxe,27-06-2019,Active
Ennore Depot,J0852,TN01AN1688,Ashok Leyland,BS-4,MTC,No,Ordinary,07-09-2016,Active
Ennore Depot,J2019,TN01AN3927,Ashok Leyland,BS-4,MTC,No,Deluxe,22-03-2020,Active
Chrompet -II Depot,K0159,TN01AN4200,Ashok Leyland,BS-6,MTC,No,LF Bus (D),19-06-2019,Active
Chrompet -II Depot,K0195,TN01AN4341,Ashok Leyland,BS-6,MTC,No,LF Bus (D),05-04-2011,Active
Chrompet -II Depot,K0473,TN01AN4516,Ashok Leyland,BS-6,MTC,No,LF Bus (D),29-02-2016,Active
Chrompet -II Depot,K0471,TN01AN4488,Ashok Leyland,BS-6,MTC,No,LF Bus (D),29-02-2016,Active
Chrompet -II Depot,K0467,TN01AN4515,Ashok Leyland,BS-6,MTC,No,LF Bus (D),29-02-2016,Active
Chrompet -II Depot,K0474,TN01AN4462,Ashok Leyland,BS-6,MTC,No,LF Bus (D),29-02-2016,Active
Chrompet -II Depot,K0472,TN01AN4473,Ashok Leyland,BS-6,MTC,No,LF Bus (D),29-02-2016,Active
Chrompet -II Depot,K0514,TN01AN4775,Ashok Leyland,BS-6,MTC,No,LF Bus (D),05-04-2011,Active
Chrompet -II Depot,K0521,TN01AN4883,Ashok Leyland,BS-6,MTC,No,LF Bus (D),02-07-2019,Active
Chrompet -II Depot,K0518,TN01AN4836,Ashok Leyland,BS-6,MTC,No,LF Bus (D),02-07-2019,Active
Chrompet -II Depot,K0720,TN01AN4946,Ashok Leyland,BS-6,MTC,No,LF Bus (D),02-07-2019,Active
Chrompet -II Depot,K1475,TN01AN6213,Ashok Leyland,BS-6,MTC,No,LF Bus (D),03-03-2026,Active
Chrompet -II Depot,K1507,TN01AN6184,Ashok Leyland,BS-6,MTC,No,LF Bus (D),03-03-2026,Active
Chrompet -II Depot,K1506,TN01AN6192,Ashok Leyland,BS-6,MTC,No,LF Bus (D),03-03-2026,Active
Chrompet -II Depot,K1493,TN01AN6226,Ashok Leyland,BS-6,MTC,No,LF Bus (D),10-02-2026,Active
Chrompet -II Depot,K1500,TN01AN6152,Ashok Leyland,BS-6,MTC,No,LF Bus (D),10-02-2026,Active
Chrompet -II Depot,K1459,TN01AN6102,Ashok Leyland,BS-6,MTC,No,LF Bus (D),27-01-2026,Active
Chrompet -II Depot,K1248,TN01AN5737,Ashok Leyland,BS-6,MTC,No,Ordinary,01-12-2025,Active
Chrompet -II Depot,K1243,TN01AN5751,Ashok Leyland,BS-6,MTC,No,Ordinary,01-12-2025,Active
Chrompet -II Depot,J0499,TN01AN1156,Tata,BS-4,MTC,No,Ordinary,09-10-2015,Active
Chrompet -II Depot,K1456,TN01AN6090,Ashok Leyland,BS-6,MTC,No,LF Bus (D),24-01-2026,Active
Chrompet -II Depot,K1411,TN01AN5864,Ashok Leyland,BS-6,MTC,No,LF Bus (D),02-01-2026,Active
Chrompet -II Depot,K0647,TN01AN4791,Ashok Leyland,BS-6,MTC,No,LF Bus (D),06-02-2008,Active
Chrompet -II Depot,K0646,TN01AN4780,Ashok Leyland,BS-6,MTC,No,LF Bus (D),06-02-2008,Active
Chrompet -II Depot,K0645,TN01AN4829,Ashok Leyland,BS-6,MTC,No,LF Bus (D),15-12-2025,Active
Chrompet -I Depot,J0866,TN01AN1653,Ashok Leyland,BS-4,MTC,No,Ordinary,07-09-2016,Active
Chrompet -I Depot,K0123,TN01AN4142,Ashok Leyland,BS-6,MTC,No,Ordinary,13-05-2019,Active
Chrompet -I Depot,K1241,TN01AN5809,Ashok Leyland,BS-6,MTC,No,Ordinary,01-12-2025,Active
Chrompet -I Depot,K1246,TN01AN5830,Ashok Leyland,BS-6,MTC,No,Ordinary,01-12-2025,Active
Chrompet -I Depot,K1239,TN01AN5740,Ashok Leyland,BS-6,MTC,No,Ordinary,01-12-2025,Active
Chrompet -I Depot,J1107,TN01AN2259,Ashok Leyland,BS-4,MTC,No,Deluxe,08-05-2019,Active
Chrompet -I Depot,J1029,TN01AN2863,Ashok Leyland,BS-4,MTC,No,Deluxe,11-07-2019,Active
Basin Bridge Depot,J0825,TN01AN1577,Ashok Leyland,BS-4,MTC,No,Ordinary,16-05-2016,Active
Ayanavaram Depot,J0386,TN01AN0811,Ashok Leyland,BS-4,MTC,No,Ordinary,12-06-2014,Active
Ayanavaram Depot,J0387,TN01AN0821,Ashok Leyland,BS-4,MTC,No,Ordinary,16-06-2014,Active
Avadi Depot,J1669,TN01AN3245,Ashok Leyland,BS-4,MTC,No,Deluxe,20-10-2019,Active
Anna Nagar Depot,J0886,TN01AN1586,Ashok Leyland,BS-4,MTC,No,Ordinary,07-09-2016,Active
Anna Nagar Depot,J0885,TN01AN1641,Ashok Leyland,BS-4,MTC,No,Ordinary,07-09-2016,Active
Anna Nagar Depot,J0779,TN01AN1527,Ashok Leyland,BS-4,MTC,No,Ordinary,01-05-2016,Active
Anna Nagar Depot,K0254,TN01AN4439,Ashok Leyland,BS-6,MTC,No,Ordinary,07-01-2008,Active
Anna Nagar Depot,J0785,TN01AN1517,Ashok Leyland,BS-4,MTC,No,Ordinary,01-05-2016,Active
Anna Nagar Depot,J0884,TN01AN1616,Ashok Leyland,BS-4,MTC,No,Ordinary,07-09-2016,Active
Anna Nagar Depot,K0134,TN01AN4190,Ashok Leyland,BS-6,MTC,No,LF Bus (D),19-06-2019,Active
Anna Nagar Depot,K0135,TN01AN4197,Ashok Leyland,BS-6,MTC,No,LF Bus (D),19-06-2019,Active
Anna Nagar Depot,K0141,TN01AN4140,Ashok Leyland,BS-6,MTC,No,LF Bus (D),19-06-2019,Active
Anna Nagar Depot,K0150,TN01AN4147,Ashok Leyland,BS-6,MTC,No,LF Bus (D),19-06-2019,Active
Anna Nagar Depot,K0156,TN01AN4226,Ashok Leyland,BS-6,MTC,No,LF Bus (D),19-06-2019,Active
Anna Nagar Depot,K0157,TN01AN4195,Ashok Leyland,BS-6,MTC,No,LF Bus (D),19-06-2019,Active
Anna Nagar Depot,K0162,TN01AN4150,Ashok Leyland,BS-6,MTC,No,LF Bus (D),19-06-2019,Active
Anna Nagar Depot,K0164,TN01AN4153,Ashok Leyland,BS-6,MTC,No,LF Bus (D),19-06-2019,Active
Anna Nagar Depot,K0173,TN01AN4152,Ashok Leyland,BS-6,MTC,No,LF Bus (D),19-06-2019,Active
Anna Nagar Depot,K0172,TN01AN4217,Ashok Leyland,BS-6,MTC,No,LF Bus (D),19-06-2019,Active
Anna Nagar Depot,K0178,TN01AN4243,Ashok Leyland,BS-6,MTC,No,LF Bus (D),19-06-2019,Active
Anna Nagar Depot,K0186,TN01AN4448,Ashok Leyland,BS-6,MTC,No,LF Bus (D),19-06-2019,Active
Anna Nagar Depot,K0189,TN01AN4257,Ashok Leyland,BS-6,MTC,No,LF Bus (D),19-06-2019,Active
Anna Nagar Depot,K0191,TN01AN4268,Ashok Leyland,BS-6,MTC,No,LF Bus (D),19-06-2019,Active
Anna Nagar Depot,K0194,TN01AN4264,Ashok Leyland,BS-6,MTC,No,LF Bus (D),19-06-2019,Active
Anna Nagar Depot,K0211,TN01AN4480,Ashok Leyland,BS-6,MTC,No,LF Bus (D),23-06-2019,Active
Anna Nagar Depot,K0212,TN01AN4469,Ashok Leyland,BS-6,MTC,No,LF Bus (D),23-06-2019,Active
Anna Nagar Depot,K0213,TN01AN4453,Ashok Leyland,BS-6,MTC,No,LF Bus (D),23-06-2019,Active
Anna Nagar Depot,K0214,TN01AN4484,Ashok Leyland,BS-6,MTC,No,LF Bus (D),23-06-2019,Active
Anna Nagar Depot,K0215,TN01AN4522,Ashok Leyland,BS-6,MTC,No,LF Bus (D),23-06-2019,Active
Anna Nagar Depot,K0216,TN01AN4519,Ashok Leyland,BS-6,MTC,No,LF Bus (D),02-07-2019,Active
Anna Nagar Depot,K0219,TN01AN4491,Ashok Leyland,BS-6,MTC,No,LF Bus (D),02-07-2019,Active
Anna Nagar Depot,K0220,TN01AN4478,Ashok Leyland,BS-6,MTC,No,LF Bus (D),02-07-2019,Active
Anna Nagar Depot,K0217,TN01AN4527,Ashok Leyland,BS-6,MTC,No,LF Bus (D),02-07-2019,Active
Anna Nagar Depot,K0361,TN01AN4610,Ashok Leyland,BS-6,MTC,No,LF Bus (D),06-02-2008,Active
Anna Nagar Depot,K0360,TN01AN4599,Ashok Leyland,BS-6,MTC,No,LF Bus (D),06-02-2008,Active
Anna Nagar Depot,K0359,TN01AN4442,Ashok Leyland,BS-6,MTC,No,LF Bus (D),06-02-2008,Active
Anna Nagar Depot,K0353,TN01AN4489,Ashok Leyland,BS-6,MTC,No,LF Bus (D),06-02-2008,Active
Anna Nagar Depot,K0351,TN01AN4492,Ashok Leyland,BS-6,MTC,No,LF Bus (D),06-02-2008,Active
Anna Nagar Depot,K0352,TN01AN4551,Ashok Leyland,BS-6,MTC,No,LF Bus (D),06-02-2008,Active
Anna Nagar Depot,K0367,TN01AN4557,Ashok Leyland,BS-6,MTC,No,LF Bus (D),25-06-2019,Active
Anna Nagar Depot,K0375,TN01AN4612,Ashok Leyland,BS-6,MTC,No,LF Bus (D),29-02-2016,Active
Anna Nagar Depot,K0378,TN01AN4537,Ashok Leyland,BS-6,MTC,No,LF Bus (D),29-02-2016,Active
Anna Nagar Depot,K0435,TN01AN4686,Ashok Leyland,BS-6,MTC,No,LF Bus (D),07-09-2016,Active
Anna Nagar Depot,K0431,TN01AN4766,Ashok Leyland,BS-6,MTC,No,LF Bus (D),07-09-2016,Active
Anna Nagar Depot,K0432,TN01AN4811,Ashok Leyland,BS-6,MTC,No,LF Bus (D),07-09-2016,Active
Anna Nagar Depot,K0433,TN01AN4788,Ashok Leyland,BS-6,MTC,No,LF Bus (D),07-09-2016,Active
Anna Nagar Depot,K0434,TN01AN4631,Ashok Leyland,BS-6,MTC,No,LF Bus (D),07-09-2016,Active
Anna Nagar Depot,K0691,TN01AN4838,Ashok Leyland,BS-6,MTC,No,LF Bus (D),20-10-2019,Active
Anna Nagar Depot,K0709,TN01AN4984,Ashok Leyland,BS-6,MTC,No,LF Bus (D),15-12-2025,Active
Anna Nagar Depot,K0710,TN01AN4947,Ashok Leyland,BS-6,MTC,No,LF Bus (D),15-12-2025,Active
Anna Nagar Depot,K0708,TN01AN5015,Ashok Leyland,BS-6,MTC,No,LF Bus (D),15-12-2025,Active
Anna Nagar Depot,K0813,TN01AN5234,Ashok Leyland,BS-6,MTC,No,LF Bus (D),04-07-2025,Active
Anna Nagar Depot,K0814,TN01AN5276,Ashok Leyland,BS-6,MTC,No,LF Bus (D),04-07-2025,Active
Anna Nagar Depot,K0826,TN01AN5468,Ashok Leyland,BS-6,MTC,No,LF Bus (D),13-08-2025,Active
Anna Nagar Depot,K0553,TN01AN4937,Ashok Leyland,BS-6,MTC,No,LF Bus (D),07-02-2016,Active
Anna Nagar Depot,K0839,TN01AN5535,Ashok Leyland,BS-6,MTC,No,LF Bus (D),22-08-2025,Active
Anna Nagar Depot,K0853,TN01AN5626,Ashok Leyland,BS-6,MTC,No,LF Bus (D),02-09-2025,Active
Anna Nagar Depot,K0604,TN01AN5130,Ashok Leyland,BS-6,MTC,No,LF Bus (D),21-10-2013,Active
Anna Nagar Depot,K0605,TN01AN4964,Ashok Leyland,BS-6,MTC,No,LF Bus (D),21-10-2013,Active
Anna Nagar Depot,K0606,TN01AN4966,Ashok Leyland,BS-6,MTC,No,LF Bus (D),21-10-2013,Active
Anna Nagar Depot,K0607,TN01AN5074,Ashok Leyland,BS-6,MTC,No,LF Bus (D),21-10-2013,Active
Anna Nagar Depot,K0618,TN01AN5001,Ashok Leyland,BS-6,MTC,No,LF Bus (D),21-10-2013,Active
Anna Nagar Depot,K1124,TN01AN5585,Ashok Leyland,BS-6,MTC,No,LF Bus (D),12-11-2025,Active
Anna Nagar Depot,K1125,TN01AN5622,Ashok Leyland,BS-6,MTC,No,LF Bus (D),12-11-2025,Active
Anna Nagar Depot,K1126,TN01AN5551,Ashok Leyland,BS-6,MTC,No,LF Bus (D),12-11-2025,Active
Anna Nagar Depot,K1127,TN01AN5573,Ashok Leyland,BS-6,MTC,No,LF Bus (D),12-11-2025,Active
Anna Nagar Depot,K1128,TN01AN5531,Ashok Leyland,BS-6,MTC,No,LF Bus (D),12-11-2025,Active
Anna Nagar Depot,K1505,TN01AN6188,Ashok Leyland,BS-6,MTC,No,LF Bus (D),06-03-2026,Active
Anna Nagar Depot,K1509,TN01AN6161,Ashok Leyland,BS-6,MTC,No,LF Bus (D),06-03-2026,Active
Anna Nagar Depot,K1482,TN01AN6195,Ashok Leyland,BS-6,MTC,No,LF Bus (D),06-03-2026,Active
Anna Nagar Depot,K1362,TN01AN5798,Ashok Leyland,BS-6,MTC,No,LF Bus (D),11-12-2025,Active
Anna Nagar Depot,K1364,TN01AN5771,Ashok Leyland,BS-6,MTC,No,LF Bus (D),15-12-2025,Active
Anna Nagar Depot,K1412,TN01AN5898,Ashok Leyland,BS-6,MTC,No,LF Bus (D),02-01-2026,Active
Anna Nagar Depot,K1376,TN01AN5852,Ashok Leyland,BS-6,MTC,No,LF Bus (D),18-12-2025,Active
Anna Nagar Depot,K1395,TN01AN5847,Ashok Leyland,BS-6,MTC,No,LF Bus (D),02-01-2026,Active
Anna Nagar Depot,K1466,TN01AN6171,Ashok Leyland,BS-6,MTC,No,LF Bus (D),23-03-2026,Active
Anna Nagar Depot,K0617,TN01AN5100,Ashok Leyland,BS-6,MTC,No,LF Bus (D),21-10-2013,Active
Anna Nagar Depot,K1396,TN01AN5891,Ashok Leyland,BS-6,MTC,No,LF Bus (D),02-01-2026,Active
Anna Nagar Depot,K0631,TN01AN4662,Ashok Leyland,BS-6,MTC,No,LF Bus (D),07-09-2016,Active
Anna Nagar Depot,K0200,TN01AN4363,Ashok Leyland,BS-6,MTC,No,LF Bus (D),05-04-2011,Active
Anna Nagar Depot,K0702,TN01AN4885,Ashok Leyland,BS-6,MTC,No,LF Bus (D),20-10-2019,Active
Adyar Depot,K1245,TN01AN5794,Ashok Leyland,BS-6,MTC,No,Ordinary,01-12-2025,Active
Adyar Depot,K0131,TN01AN4177,Ashok Leyland,BS-6,MTC,No,LF Bus (D),19-06-2019,Active
Adyar Depot,K0138,TN01AN4230,Ashok Leyland,BS-6,MTC,No,LF Bus (D),19-06-2019,Active
Adyar Depot,K0139,TN01AN4174,Ashok Leyland,BS-6,MTC,No,LF Bus (D),19-06-2019,Active
Adyar Depot,K0140,TN01AN4183,Ashok Leyland,BS-6,MTC,No,LF Bus (D),19-06-2019,Active
Adyar Depot,K0142,TN01AN4188,Ashok Leyland,BS-6,MTC,No,LF Bus (D),19-06-2019,Active
Adyar Depot,K0144,TN01AN4203,Ashok Leyland,BS-6,MTC,No,LF Bus (D),19-06-2019,Active
Adyar Depot,K0146,TN01AN4176,Ashok Leyland,BS-6,MTC,No,LF Bus (D),19-06-2019,Active
Adyar Depot,K0148,TN01AN4209,Ashok Leyland,BS-6,MTC,No,LF Bus (D),19-06-2019,Active
Adyar Depot,K0151,TN01AN4206,Ashok Leyland,BS-6,MTC,No,LF Bus (D),19-06-2019,Active
Adyar Depot,K0152,TN01AN4221,Ashok Leyland,BS-6,MTC,No,LF Bus (D),19-06-2019,Active
Adyar Depot,K0160,TN01AN4145,Ashok Leyland,BS-6,MTC,No,LF Bus (D),19-06-2019,Active
Adyar Depot,K0167,TN01AN4186,Ashok Leyland,BS-6,MTC,No,LF Bus (D),15-12-2025,Active
Adyar Depot,K0165,TN01AN4214,Ashok Leyland,BS-6,MTC,No,LF Bus (D),19-06-2019,Active
Adyar Depot,K0169,TN01AN4173,Ashok Leyland,BS-6,MTC,No,LF Bus (D),19-06-2019,Active
Adyar Depot,K0379,TN01AN4569,Ashok Leyland,BS-6,MTC,No,LF Bus (D),19-06-2019,Active
Adyar Depot,K0386,TN01AN4532,Ashok Leyland,BS-6,MTC,No,LF Bus (D),23-06-2019,Active
Adyar Depot,K0385,TN01AN4541,Ashok Leyland,BS-6,MTC,No,LF Bus (D),29-02-2016,Active
Adyar Depot,K0380,TN01AN4548,Ashok Leyland,BS-6,MTC,No,LF Bus (D),29-02-2016,Active
Adyar Depot,K0381,TN01AN4613,Ashok Leyland,BS-6,MTC,No,LF Bus (D),29-02-2016,Active
Adyar Depot,K0382,TN01AN4582,Ashok Leyland,BS-6,MTC,No,LF Bus (D),29-02-2016,Active
Adyar Depot,K0383,TN01AN4627,Ashok Leyland,BS-6,MTC,No,LF Bus (D),29-02-2016,Active
Adyar Depot,K0384,TN01AN4629,Ashok Leyland,BS-6,MTC,No,LF Bus (D),29-02-2016,Active
Adyar Depot,K0366,TN01AN4633,Ashok Leyland,BS-6,MTC,No,LF Bus (D),06-02-2008,Active
Adyar Depot,K0364,TN01AN4669,Ashok Leyland,BS-6,MTC,No,LF Bus (D),06-02-2008,Active
Adyar Depot,K0400,TN01AN4690,Ashok Leyland,BS-6,MTC,No,LF Bus (D),19-06-2019,Active
Adyar Depot,K0403,TN01AN4678,Ashok Leyland,BS-6,MTC,No,LF Bus (D),19-06-2019,Active
Adyar Depot,K0404,TN01AN4672,Ashok Leyland,BS-6,MTC,No,LF Bus (D),19-06-2019,Active
Adyar Depot,K0414,TN01AN4709,Ashok Leyland,BS-6,MTC,No,LF Bus (D),07-09-2016,Active
Adyar Depot,K0420,TN01AN4717,Ashok Leyland,BS-6,MTC,No,LF Bus (D),07-09-2016,Active
Adyar Depot,K0421,TN01AN4642,Ashok Leyland,BS-6,MTC,No,LF Bus (D),07-09-2016,Active
Adyar Depot,K0415,TN01AN4666,Ashok Leyland,BS-6,MTC,No,LF Bus (D),07-09-2016,Active
Adyar Depot,K0422,TN01AN4664,Ashok Leyland,BS-6,MTC,No,LF Bus (D),07-09-2016,Active
Adyar Depot,K0419,TN01AN4641,Ashok Leyland,BS-6,MTC,No,LF Bus (D),07-09-2016,Active
Adyar Depot,K0418,TN01AN4668,Ashok Leyland,BS-6,MTC,No,LF Bus (D),07-09-2016,Active
Adyar Depot,K0425,TN01AN4660,Ashok Leyland,BS-6,MTC,No,LF Bus (D),07-09-2016,Active
Adyar Depot,K0423,TN01AN4699,Ashok Leyland,BS-6,MTC,No,LF Bus (D),07-09-2016,Active
Adyar Depot,K0653,TN01AN4756,Ashok Leyland,BS-6,MTC,No,LF Bus (D),02-07-2019,Active
Adyar Depot,K0651,TN01AN4827,Ashok Leyland,BS-6,MTC,No,LF Bus (D),02-07-2019,Active
Adyar Depot,K0652,TN01AN4808,Ashok Leyland,BS-6,MTC,No,LF Bus (D),02-07-2019,Active
Adyar Depot,K0363,TN01AN4719,Ashok Leyland,BS-6,MTC,No,LF Bus (D),06-02-2008,Active
Adyar Depot,K0661,TN01AN4746,Ashok Leyland,BS-6,MTC,No,LF Bus (D),05-04-2011,Active
Adyar Depot,K0659,TN01AN4822,Ashok Leyland,BS-6,MTC,No,LF Bus (D),05-04-2011,Active
Adyar Depot,K0675,TN01AN4845,Ashok Leyland,BS-6,MTC,No,LF Bus (D),05-04-2011,Active
Adyar Depot,K0673,TN01AN4892,Ashok Leyland,BS-6,MTC,No,LF Bus (D),20-10-2019,Active
Adyar Depot,K0690,TN01AN4911,Ashok Leyland,BS-6,MTC,No,LF Bus (D),20-10-2019,Active
Adyar Depot,K0699,TN01AN4837,Ashok Leyland,BS-6,MTC,No,LF Bus (D),20-10-2019,Active
Adyar Depot,K0697,TN01AN4896,Ashok Leyland,BS-6,MTC,No,LF Bus (D),20-10-2019,Active
Adyar Depot,K0698,TN01AN4861,Ashok Leyland,BS-6,MTC,No,LF Bus (D),20-10-2019,Active
Adyar Depot,K0707,TN01AN5004,Ashok Leyland,BS-6,MTC,No,LF Bus (D),15-12-2025,Active
Adyar Depot,K0705,TN01AN5009,Ashok Leyland,BS-6,MTC,No,LF Bus (D),15-12-2025,Active
Adyar Depot,K0803,TN01AN5286,Ashok Leyland,BS-6,MTC,No,LF Bus (D),03-07-2025,Active
Adyar Depot,K0804,TN01AN5240,Ashok Leyland,BS-6,MTC,No,LF Bus (D),03-07-2025,Active
Adyar Depot,K0706,TN01AN5028,Ashok Leyland,BS-6,MTC,No,LF Bus (D),15-12-2025,Active
Adyar Depot,K0704,TN01AN4995,Ashok Leyland,BS-6,MTC,No,LF Bus (D),15-12-2025,Active
Adyar Depot,K0805,TN01AN5265,Ashok Leyland,BS-6,MTC,No,LF Bus (D),03-07-2025,Active
Adyar Depot,K0714,TN01AN5026,Ashok Leyland,BS-6,MTC,No,LF Bus (D),07-02-2016,Active
Adyar Depot,K0715,TN01AN4986,Ashok Leyland,BS-6,MTC,No,LF Bus (D),07-02-2016,Active
Adyar Depot,K0716,TN01AN4980,Ashok Leyland,BS-6,MTC,No,LF Bus (D),07-02-2016,Active
Adyar Depot,K0717,TN01AN4950,Ashok Leyland,BS-6,MTC,No,LF Bus (D),07-02-2016,Active
Adyar Depot,K0718,TN01AN4983,Ashok Leyland,BS-6,MTC,No,LF Bus (D),07-02-2016,Active
Adyar Depot,K0593,TN01AN4988,Ashok Leyland,BS-6,MTC,No,LF Bus (D),21-10-2013,Active
Adyar Depot,K0602,TN01AN5090,Ashok Leyland,BS-6,MTC,No,LF Bus (D),21-10-2013,Active
Adyar Depot,K0603,TN01AN5017,Ashok Leyland,BS-6,MTC,No,LF Bus (D),21-10-2013,Active
Adyar Depot,K0841,TN01AN5540,Ashok Leyland,BS-6,MTC,No,LF Bus (D),02-09-2025,Active
Adyar Depot,K0840,TN01AN5589,Ashok Leyland,BS-6,MTC,No,LF Bus (D),02-09-2025,Active
Adyar Depot,K0611,TN01AN4974,Ashok Leyland,BS-6,MTC,No,LF Bus (D),21-10-2013,Active
Adyar Depot,K0729,TN01AN5095,Ashok Leyland,BS-6,MTC,No,LF Bus (D),02-07-2019,Active
Adyar Depot,K1139,TN01AN5536,Ashok Leyland,BS-6,MTC,No,LF Bus (D),12-11-2025,Active
Adyar Depot,K0730,TN01AN5034,Ashok Leyland,BS-6,MTC,No,LF Bus (D),02-07-2019,Active
Adyar Depot,K0731,TN01AN5041,Ashok Leyland,BS-6,MTC,No,LF Bus (D),02-07-2019,Active
Adyar Depot,K1134,TN01AN5605,Ashok Leyland,BS-6,MTC,No,LF Bus (D),12-11-2025,Active
Adyar Depot,K1135,TN01AN5578,Ashok Leyland,BS-6,MTC,No,LF Bus (D),12-11-2025,Active
Adyar Depot,K1141,TN01AN5616,Ashok Leyland,BS-6,MTC,No,LF Bus (D),12-11-2025,Active
Adyar Depot,K1144,TN01AN5537,Ashok Leyland,BS-6,MTC,No,LF Bus (D),12-11-2025,Active
Adyar Depot,K1143,TN01AN5574,Ashok Leyland,BS-6,MTC,No,LF Bus (D),12-11-2025,Active
Adyar Depot,K1142,TN01AN5563,Ashok Leyland,BS-6,MTC,No,LF Bus (D),12-11-2025,Active
Adyar Depot,K1153,TN01AN5709,Ashok Leyland,BS-6,MTC,No,LF Bus (D),12-11-2025,Active
Adyar Depot,K1494,TN01AN6178,Ashok Leyland,BS-6,MTC,No,LF Bus (D),03-03-2026,Active
Adyar Depot,K1499,TN01AN6187,Ashok Leyland,BS-6,MTC,No,LF Bus (D),03-03-2026,Active
Adyar Depot,K1508,TN01AN6207,Ashok Leyland,BS-6,MTC,No,LF Bus (D),03-03-2026,Active
Adyar Depot,K1478,TN01AN6223,Ashok Leyland,BS-6,MTC,No,LF Bus (D),03-03-2026,Active
Adyar Depot,K1356,TN01AN5756,Ashok Leyland,BS-6,MTC,No,LF Bus (D),11-12-2025,Active
Adyar Depot,K1366,TN01AN5826,Ashok Leyland,BS-6,MTC,No,LF Bus (D),15-12-2025,Active
Adyar Depot,K1374,TN01AN5832,Ashok Leyland,BS-6,MTC,No,LF Bus (D),18-12-2025,Active
Adyar Depot,K1397,TN01AN5873,Ashok Leyland,BS-6,MTC,No,LF Bus (D),02-01-2026,Active
Adyar Depot,K1497,TN01AN6250,Ashok Leyland,BS-6,MTC,No,LF Bus (D),30-03-2026,Active
Adyar Depot,K0197,TN01AN4413,Ashok Leyland,BS-6,MTC,No,LF Bus (D),21-10-2013,Active
Adyar Depot,K0196,TN01AN4384,Ashok Leyland,BS-6,MTC,No,LF Bus (D),21-10-2013,Active
Adyar Depot,K0198,TN01AN4385,Ashok Leyland,BS-6,MTC,No,LF Bus (D),05-04-2011,Active
Adyar Depot,K0199,TN01AN4338,Ashok Leyland,BS-6,MTC,No,LF Bus (D),05-04-2011,Active
Adyar Depot,K0394,TN01AN4533,Ashok Leyland,BS-6,MTC,No,LF Bus (D),23-06-2019,Active
Adyar Depot,K0700,TN01AN4930,Ashok Leyland,BS-6,MTC,No,LF Bus (D),20-10-2019,Active
Adyar Depot,K1385,TN01AN5907,Ashok Leyland,BS-6,MTC,No,LF Bus (D),23-12-2025,Active
Adambakkam Depot,J0500,TN01AN1263,Tata,BS-4,MTC,No,Ordinary,05-02-2016,Active
Adambakkam Depot,J0563,TN01AN1436,Tata,BS-4,MTC,No,Ordinary,31-03-2016,Active
Adyar Depot,K0424,TN01AN4658,Ashok Leyland,BS-6,MTC,No,LF Bus (D),15-12-2025,Active
Adambakkam Depot,J1615,TN01AN3100,Tata,BS-4,MTC,No,Deluxe,24-09-2019,Active
Chrompet -II Depot,J1190,TN01AN2307,Ashok Leyland,BS-4,MTC,No,Deluxe,13-05-2019,Active
Chrompet -II Depot,J1147,TN01AN2207,Ashok Leyland,BS-4,MTC,No,Deluxe,01-05-2019,Active
Avadi Depot,JZ003,TZ04TZ0003,Ashok Leyland,BS-4,MTC,Yes,Deluxe,,Inactive
Chrompet -II Depot,J1354,TN01AN2700,Ashok Leyland,BS-4,MTC,No,Deluxe,25-06-2019,Active
K.K. Nagar Depot,J0556,TN01AN1377,Tata,BS-4,MTC,No,Ordinary,29-02-2016,Active
Chrompet -I Depot,J1132,TN01AN2085,Ashok Leyland,BS-4,MTC,No,Deluxe,22-04-2019,Active
Mandaveli Depot,J0527,TN01AN1209,Tata,BS-4,MTC,No,Ordinary,05-02-2016,Active
Mandaveli Depot,J0511,TN01AN1274,Tata,BS-4,MTC,No,Ordinary,05-02-2016,Active
Semmenchery Depot,K0280,TN01AN4757,Ashok Leyland,BS-6,MTC,No,Ordinary,08-03-2020,Active
T.Nagar Depot,J0484,TN01AN1148,Tata,BS-4,MTC,No,Ordinary,09-10-2015,Active
Madhavaram Depot,J1032,TN01AN2021,Ashok Leyland,BS-4,MTC,No,Deluxe,07-04-2019,Active
Semmenchery Depot,K0278,TN01AN4752,Ashok Leyland,BS-6,MTC,No,Ordinary,08-03-2020,Active
Z Dummy Depot,J0300,TN01AN0734,Tata,BS-4,MTC,No,Ordinary,27-12-2013,Active
Z Dummy Depot,J0139,TN01AN0238,Ashok Leyland,BS-4,MTC,No,Ordinary,17-06-2012,Active
Z Dummy Depot,J0104,TN01AN0164,Ashok Leyland,BS-4,MTC,No,Ordinary,17-06-2012,Active
Z Dummy Depot,J0432,TN01AN0834,Tata,BS-4,MTC,No,Ordinary,16-06-2014,Active
Z Dummy Depot,J0423,TN01AN0832,Tata,BS-4,MTC,No,Ordinary,16-06-2014,Active
Z Dummy Depot,J0413,TN01AN0900,Tata,BS-4,MTC,No,Ordinary,16-06-2014,Active
Z Dummy Depot,J0410,TN01AN0847,Tata,BS-4,MTC,No,Ordinary,16-06-2014,Active
Z Dummy Depot,J0408,TN01AN0839,Tata,BS-4,MTC,No,Ordinary,16-06-2014,Active
Z Dummy Depot,J0401,TN01AN0886,Tata,BS-4,MTC,No,Ordinary,16-06-2014,Active
Z Dummy Depot,J0381,TN01AN0858,Tata,BS-4,MTC,No,Ordinary,16-06-2014,Active
Z Dummy Depot,J0377,TN01AN0869,Tata,BS-4,MTC,No,Ordinary,16-06-2014,Active
Z Dummy Depot,J0376,TN01AN0878,Tata,BS-4,MTC,No,Ordinary,16-06-2014,Active
Z Dummy Depot,J0374,TN01AN0813,Tata,BS-4,MTC,No,Ordinary,16-06-2014,Active
Z Dummy Depot,J0373,TN01AN0842,Tata,BS-4,MTC,No,Ordinary,16-06-2014,Active
Z Dummy Depot,J0372,TN01AN0835,Tata,BS-4,MTC,No,Ordinary,16-06-2014,Active
Z Dummy Depot,J0371,TN01AN0825,Tata,BS-4,MTC,No,Ordinary,16-06-2014,Active
Z Dummy Depot,J0360,TN01AN0769,Tata,BS-4,MTC,No,Ordinary,18-02-2014,Active
Z Dummy Depot,J0357,TN01AN0787,Tata,BS-4,MTC,No,Ordinary,18-02-2014,Active
Z Dummy Depot,J0355,TN01AN0781,Tata,BS-4,MTC,No,Ordinary,18-02-2014,Active
Z Dummy Depot,J0354,TN01AN0799,Tata,BS-4,MTC,No,Ordinary,18-02-2014,Active
Z Dummy Depot,J0353,TN01AN0771,Tata,BS-4,MTC,No,Ordinary,18-02-2014,Active
Z Dummy Depot,J0351,TN01AN0743,Tata,BS-4,MTC,No,Ordinary,18-02-2014,Active
Z Dummy Depot,J0242,TN01AN0634,Ashok Leyland,BS-4,MTC,No,Ordinary,14-06-2013,Active
Z Dummy Depot,J0217,TN01AN0554,Ashok Leyland,BS-4,MTC,No,Ordinary,21-11-2012,Active
Z Dummy Depot,J0208,TN01AN0581,Ashok Leyland,BS-4,MTC,No,Ordinary,21-11-2012,Active
Z Dummy Depot,J0207,TN01AN0536,Ashok Leyland,BS-4,MTC,No,Ordinary,10-09-2012,Active
Z Dummy Depot,J0206,TN01AN0475,Ashok Leyland,BS-4,MTC,No,Ordinary,04-09-2012,Active
Z Dummy Depot,J0205,TN01AN0497,Ashok Leyland,BS-4,MTC,No,Ordinary,04-09-2012,Active
Z Dummy Depot,J0203,TN01AN0511,Ashok Leyland,BS-4,MTC,No,Ordinary,04-09-2012,Active
Z Dummy Depot,J0199,TN01AN0473,Ashok Leyland,BS-4,MTC,No,Ordinary,04-09-2012,Active
Z Dummy Depot,J0198,TN01AN0500,Ashok Leyland,BS-4,MTC,No,Ordinary,04-09-2012,Active
Z Dummy Depot,J0195,TN01AN0515,Ashok Leyland,BS-4,MTC,No,Ordinary,04-09-2012,Active
Z Dummy Depot,J0193,TN01AN0489,Ashok Leyland,BS-4,MTC,No,Ordinary,04-09-2012,Active
Z Dummy Depot,J0192,TN01AN0507,Ashok Leyland,BS-4,MTC,No,Ordinary,04-09-2012,Active
Z Dummy Depot,J0188,TN01AN0491,Ashok Leyland,BS-4,MTC,No,Ordinary,04-09-2012,Active
Z Dummy Depot,J0185,TN01AN0499,Ashok Leyland,BS-4,MTC,No,Ordinary,04-09-2012,Active
Z Dummy Depot,J0182,TN01AN0488,Ashok Leyland,BS-4,MTC,No,Ordinary,04-09-2012,Active
Z Dummy Depot,J0181,TN01AN0506,Ashok Leyland,BS-4,MTC,No,Ordinary,04-09-2012,Active
Z Dummy Depot,J0179,TN01AN0482,Ashok Leyland,BS-4,MTC,No,Ordinary,04-09-2012,Active
Z Dummy Depot,J0178,TN01AN0513,Ashok Leyland,BS-4,MTC,No,Ordinary,04-09-2012,Active
Z Dummy Depot,J0177,TN01AN0478,Ashok Leyland,BS-4,MTC,No,Ordinary,04-09-2012,Active
Z Dummy Depot,J0176,TN01AN0502,Ashok Leyland,BS-4,MTC,No,Ordinary,04-09-2012,Active
Z Dummy Depot,J0174,TN01AN0495,Ashok Leyland,BS-4,MTC,No,Ordinary,04-09-2012,Active
Z Dummy Depot,J0172,TN01AN0479,Ashok Leyland,BS-4,MTC,No,Ordinary,04-09-2012,Active
Z Dummy Depot,J0170,TN01AN0474,Ashok Leyland,BS-4,MTC,No,Ordinary,04-09-2012,Active
Z Dummy Depot,J0158,TN01AN0198,Ashok Leyland,BS-4,MTC,No,Ordinary,17-06-2012,Active
Z Dummy Depot,J0157,TN01AN0228,Ashok Leyland,BS-4,MTC,No,Ordinary,17-06-2012,Active
Z Dummy Depot,J0150,TN01AN0191,Ashok Leyland,BS-4,MTC,No,Ordinary,17-06-2012,Active
Z Dummy Depot,J0147,TN01AN0185,Ashok Leyland,BS-4,MTC,No,Ordinary,17-06-2012,Active
Z Dummy Depot,J0145,TN01AN0221,Ashok Leyland,BS-4,MTC,No,Ordinary,17-06-2012,Active
Z Dummy Depot,J0137,TN01AN0230,Ashok Leyland,BS-4,MTC,No,Ordinary,17-06-2012,Active
Z Dummy Depot,J0129,TN01AN0194,Ashok Leyland,BS-4,MTC,No,Ordinary,17-06-2012,Active
Z Dummy Depot,J0128,TN01AN0235,Ashok Leyland,BS-4,MTC,No,Ordinary,17-06-2012,Active
Z Dummy Depot,J0123,TN01AN0216,Ashok Leyland,BS-4,MTC,No,Ordinary,17-06-2012,Active
Z Dummy Depot,J0122,TN01AN0205,Ashok Leyland,BS-4,MTC,No,Ordinary,17-06-2012,Active
Z Dummy Depot,J0118,TN01AN0173,Ashok Leyland,BS-4,MTC,No,Ordinary,17-06-2012,Active
Z Dummy Depot,J0113,TN01AN0204,Ashok Leyland,BS-4,MTC,No,Ordinary,17-06-2012,Active
Z Dummy Depot,J0109,TN01AN0183,Ashok Leyland,BS-4,MTC,No,Ordinary,17-06-2012,Active
Z Dummy Depot,J0103,TN01AN0189,Ashok Leyland,BS-4,MTC,No,Ordinary,17-06-2012,Active
Z Dummy Depot,J0102,TN01AN0193,Ashok Leyland,BS-4,MTC,No,Ordinary,17-06-2012,Active
Z Dummy Depot,J0098,TN01AN0243,Ashok Leyland,BS-4,MTC,No,Ordinary,17-06-2012,Active
Z Dummy Depot,J0089,TN01N9969,Ashok Leyland,BS-4,MTC,No,Ordinary,30-03-2012,Active
Z Dummy Depot,J0088,TN01N9934,Ashok Leyland,BS-4,MTC,No,Ordinary,29-03-2012,Active
Z Dummy Depot,J0084,TN01N9936,Ashok Leyland,BS-4,MTC,No,Ordinary,29-03-2012,Active
Z Dummy Depot,J0079,TN01N9952,Ashok Leyland,BS-4,MTC,No,Ordinary,29-03-2012,Active
Z Dummy Depot,J0077,TN01N9950,Ashok Leyland,BS-4,MTC,No,Ordinary,29-03-2012,Active
Z Dummy Depot,J0074,TN01N9958,Ashok Leyland,BS-4,MTC,No,Ordinary,29-03-2012,Active
Mandaveli Depot,J0525,TN01AN1288,Tata,BS-4,MTC,No,Ordinary,05-02-2016,Active
Madhavaram Depot,J1071,TN01AN2088,Ashok Leyland,BS-4,MTC,No,Deluxe,22-04-2019,Active
Madhavaram Depot,J1004,TN01AN1962,Ashok Leyland,BS-4,MTC,No,Deluxe,03-03-2019,Active
Thiruvanmiyur Depot,K0276,TN01AN4813,Ashok Leyland,BS-6,MTC,No,Ordinary,08-03-2020,Active
K.K. Nagar Depot,J0554,TN01AN1352,Tata,BS-4,MTC,No,Ordinary,29-02-2016,Active
K.K. Nagar Depot,J0568,TN01AN1446,Tata,BS-4,MTC,No,Ordinary,31-03-2016,Active
K.K. Nagar Depot,J0517,TN01AN1207,Tata,BS-4,MTC,No,Ordinary,05-02-2016,Active
Chrompet -II Depot,J1155,TN01AN2064,Ashok Leyland,BS-4,MTC,No,Deluxe,01-05-2019,Active
Chrompet -II Depot,J0806,TN01AN1561,Ashok Leyland,BS-4,MTC,No,Ordinary,16-05-2016,Active
Chrompet -II Depot,J1193,TN01AN2242,Ashok Leyland,BS-4,MTC,No,Deluxe,13-05-2019,Active
Chrompet -II Depot,J1143,TN01AN2054,Ashok Leyland,BS-4,MTC,No,Deluxe,01-05-2019,Active
Thiruvanmiyur Depot,K0300,TN01AN4663,Ashok Leyland,BS-6,MTC,No,Ordinary,,Active
Vadapalani Depot,K0975,TN01AN5357,Ashok Leyland,BS-6,MTC,No,Ordinary,,Active
Vadapalani Depot,K0973,TN01AN5338,Ashok Leyland,BS-6,MTC,No,Ordinary,,Active
Vadapalani Depot,K0985,TN01AN5331,Ashok Leyland,BS-6,MTC,No,Ordinary,,Active
Saidapet Depot,K0281,TN01AN4785,Ashok Leyland,BS-6,MTC,No,Ordinary,08-03-2020,Active
Iyyapanthangal Depot,K0884,TN01AN5311,Ashok Leyland,BS-6,MTC,No,Ordinary,,Active
Poonamallee Depot EV,TDE0002,TN02CH1589,Switch,EV,OHM,No,AC(EV),28-06-2026,Inactive
Chrompet -II Depot,J0772,TN01AN1504,Ashok Leyland,BS-4,MTC,No,Ordinary,01-05-2016,Active
Chrompet -II Depot,J0805,TN01AN1575,Ashok Leyland,BS-4,MTC,No,Ordinary,16-05-2016,Active
Chrompet -II Depot,J0777,TN01AN1509,Ashok Leyland,BS-4,MTC,No,Ordinary,01-05-2016,Active
Chrompet -II Depot,CW003,TN02CD0298,Ashok Leyland,BS-4,MTC - Dummy,No,Ordinary,27-06-2026,Active
Chrompet -II Depot,CW005,TN03CD5462,Ashok Leyland,BS-4,MTC - Dummy,No,Ordinary,27-06-2026,Active
Chrompet -II Depot,CW001,TN09CD5482,Ashok Leyland,BS-4,MTC - Dummy,No,Ordinary,27-06-2026,Active
Iyyapanthangal Depot,K0288,TN01AN4802,Ashok Leyland,BS-6,MTC,No,Ordinary,08-03-2020,Active
Tondiarpet-2 Depot,TD08770,TN09AE8770,Ashok Leyland,BS-6,MTC - Dummy,No,Ordinary,26-06-2026,Active
Kundrathur Depot,KU0001,TN05BV5634,Ashok Leyland,BS-4,MTC - Dummy,No,Ordinary,26-06-2026,Active
Thiruvanmiyur Depot,K0711,TN01AN5025,Ashok Leyland,BS-6,MTC,No,LF Bus (D),15-12-2025,Active
Padiyanallur Depot,J1334,TN01AN2523,Ashok Leyland,BS-4,MTC,No,Deluxe,19-06-2019,Active
Padiyanallur Depot,J0778,TN01AN1507,Ashok Leyland,BS-4,MTC,No,Ordinary,01-05-2016,Active
Adyar Depot,J1777,TN01AN3618,Ashok Leyland,BS-4,MTC,No,Deluxe,06-02-2020,Active
Poonamallee Depot,K0566,TN01AN5018,Ashok Leyland,BS-6,MTC,No,LF Bus (D),21-10-2013,Active
Z Dummy Depot,I2370,TN01N8407,Ashok Leyland,BS-3,MTC,No,Ordinary,30-10-2009,Active
Z Dummy Depot,I2372,TN01N8451,Ashok Leyland,BS-3,MTC,No,Ordinary,13-11-2009,Inactive
Z Dummy Depot,I1280,TN01N5414,Ashok Leyland,BS-3,MTC,No,Ordinary,31-12-2007,Inactive
Z Dummy Depot,I1462,TN01N5778,Ashok Leyland,BS-3,MTC,No,Ordinary,04-02-2008,Inactive
Z Dummy Depot,I1452,TN01N5809,Ashok Leyland,BS-3,MTC - Dummy,No,Ordinary,14-02-2008,Inactive
Z Dummy Depot,I0759,TN01N4930,Ashok Leyland,BS-3,MTC,No,Ordinary,03-10-2007,Inactive
Z Dummy Depot,I2907,TN01N8726,Ashok Leyland,BS-3,MTC,No,Ordinary,04-02-2010,Inactive
Z Dummy Depot,I1454,TN01N5788,Ashok Leyland,BS-3,MTC,No,Ordinary,06-02-2008,Inactive
Z Dummy Depot,I1474,TN01N5839,Ashok Leyland,BS-3,MTC,No,Ordinary,03-03-2008,Inactive
Z Dummy Depot,I1035,TN01N5269,Ashok Leyland,BS-3,MTC,No,Ordinary,28-12-2007,Inactive
Z Dummy Depot,I1951,TN01N7726,Ashok Leyland,BS-3,MTC,No,Ordinary,10-10-2008,Inactive
Z Dummy Depot,I1067,TN01N5137,Ashok Leyland,BS-3,MTC,No,Ordinary,26-12-2007,Inactive
Z Dummy Depot,I1950,TN01N7706,Ashok Leyland,BS-3,MTC,No,Ordinary,07-10-2008,Inactive
Z Dummy Depot,I1451,TN01N5792,Ashok Leyland,BS-3,MTC,No,Ordinary,06-02-2008,Inactive
Z Dummy Depot,I1463,TN01N5774,Ashok Leyland,BS-3,MTC,No,Ordinary,04-02-2008,Inactive
Poonamallee Depot EV,DZ02,TN01H1236,Switch,EV,MTC - Dummy,No,Ordinary,,Active
Z Dummy Depot,I1094,TN01N5150,Ashok Leyland,BS-3,MTC,No,Ordinary,26-12-2007,Inactive
Z Dummy Depot,I2231,TN01N8202,Ashok Leyland,BS-3,MTC,No,Ordinary,05-10-2009,Inactive
Z Dummy Depot,I2345,TN01N8214,Ashok Leyland,BS-3,MTC,No,Ordinary,05-10-2009,Inactive
Z Dummy Depot,I2355,TN01N8370,Ashok Leyland,BS-3,MTC,No,Ordinary,20-10-2009,Inactive
Anna Nagar East Depot,J1392,TN01AN2859,Ashok Leyland,BS-4,MTC,No,Deluxe,11-07-2019,Active
Basin Bridge Depot,J1391,TN01AN2875,Ashok Leyland,BS-4,MTC,No,Deluxe,11-07-2019,Active
Anna Nagar East Depot,K1045,TN01AN5415,Ashok Leyland,BS-6,MTC,No,Ordinary,08-08-2025,Active
Mandaveli Depot,ZZ0003,ZZ00ZZ0003,Ashok Leyland,BS-3,MTC - Dummy,No,Small Bus(Express),11-09-2024,Active
Poonamallee Depot,Z5182,BR01DU1445,Ashok Leyland,BS-6,MTC - Dummy,No,Ordinary,,Active
Poonamallee Depot,Z5181,BR01DU1444,Ashok Leyland,BS-6,MTC - Dummy,No,Ordinary,,Active
Poonamallee Depot,Z5180,BR01DU1443,Ashok Leyland,BS-6,MTC - Dummy,No,Ordinary,,Active
Poonamallee Depot,Z5179,BR01DU1442,Ashok Leyland,BS-6,MTC - Dummy,No,Ordinary,,Active
Poonamallee Depot,ZT5158,TN01ZT0015,Ashok Leyland,BS-6,MTC - Dummy,No,Ordinary,07-04-2026,Active
Poonamallee Depot,ZT5155,TN01ZT0012,Ashok Leyland,BS-6,MTC - Dummy,No,Ordinary,07-04-2026,Active
Poonamallee Depot,ZT5154,TN01ZT0011,Ashok Leyland,BS-6,MTC - Dummy,No,Ordinary,07-04-2026,Active
Poonamallee Depot,PM0078,TN01BE5678,Ashok Leyland,BS-4,MTC - Dummy,No,Ordinary,07-04-2026,Active
Poonamallee Depot,AV0001,TN01EV5454,Ashok Leyland,BS-4,MTC - Dummy,No,Ordinary,07-04-2026,Active
Poonamallee Depot,ZT5156,TN01ZT0013,Ashok Leyland,BS-6,MTC - Dummy,No,Ordinary,,Active
Perumbakkam Depot EV,ZPR02,TN05CK2025,Ashok Leyland,BS-4,MTC - Dummy,No,Deluxe(EV),26-02-2025,Active
Perumbakkam Depot EV,ZPR03,TN05CK2125,Ashok Leyland,BS-4,MTC - Dummy,No,Deluxe(EV),26-02-2025,Active
Perumbakkam Depot EV,ZPR04,TN05CK3025,Ashok Leyland,BS-4,MTC - Dummy,No,Deluxe(EV),26-02-2025,Active
Perumbakkam Depot EV,ZPR05,TN01CK1014,Ashok Leyland,BS-4,MTC - Dummy,No,Deluxe(EV),26-02-2025,Active
Perumbakkam Depot EV,ZPR01,TN01CK1815,Ashok Leyland,BS-4,MTC - Dummy,No,Deluxe(EV),26-02-2025,Active
Chrompet -I Depot,T27526,ZZ01TR0025,Tata,BS-4,MTC - Dummy,No,AC,27-05-2026,Inactive
Basin Bridge Depot,ZZ871,ZZ01TR0011,Ashok Leyland,BS-6,MTC - Dummy,No,Deluxe,,Active
Basin Bridge Depot,ZZ865,ZZ01TR0005,Ashok Leyland,BS-6,MTC - Dummy,No,Deluxe,17-06-2012,Active
Basin Bridge Depot,ZZ863,ZZ01TR0003,Ashok Leyland,BS-6,MTC - Dummy,No,Deluxe,,Active
Basin Bridge Depot,Z15985,AD01DU1962,Ashok Leyland,BS-6,MTC - Dummy,No,Ordinary,18-02-2014,Active
Basin Bridge Depot,Z15984,AD01DU1961,Ashok Leyland,BS-6,MTC - Dummy,No,Ordinary,18-02-2014,Active
Basin Bridge Depot,Z15983,AD01DU1960,Ashok Leyland,BS-6,MTC - Dummy,No,Ordinary,,Active
Madhavaram Depot,Z15978,AD01DU1955,Ashok Leyland,BS-6,MTC - Dummy,No,Ordinary,18-02-2014,Active
Madhavaram Depot,Z15975,AD01DU1952,Ashok Leyland,BS-6,MTC - Dummy,No,Ordinary,18-02-2014,Active
Madhavaram Depot,Z15974,AD01DU1951,Ashok Leyland,BS-6,MTC - Dummy,No,Ordinary,18-02-2014,Active
Tambaram Depot,Z0085,ZZ01TA0015,Ashok Leyland,BS-6,MTC - Dummy,No,Ordinary,,Active
Poonamallee Depot,K1433,TN01AN6035,Ashok Leyland,BS-6,OHM,Yes,LF Bus (D),29-01-2026,Active
Tondiarpet-1 Depot EV,ZZ884,ZZ01TD0004,Ashok Leyland,BS-6,MTC - Dummy,No,AC(EV),24-02-2026,Active
Tondiarpet-1 Depot EV,ZZ883,ZZ01TD0003,Ashok Leyland,BS-6,MTC - Dummy,No,Deluxe(EV),,Active
Tondiarpet-1 Depot EV,ZZ882,ZZ01TD0002,Ashok Leyland,BS-6,MTC - Dummy,No,Deluxe(EV),,Active
Chrompet -I Depot,J1342,TN01AN2601,Ashok Leyland,BS-4,MTC,No,Deluxe,24-06-2019,Active
Chrompet -I Depot,J1959,TN01AN3962,Ashok Leyland,BS-4,MTC,No,Deluxe,22-03-2020,Active
Chrompet -I Depot,J1986,TN01AN3859,Ashok Leyland,BS-4,MTC,No,Deluxe,22-03-2020,Active
Chrompet -I Depot,J1383,TN01AN2910,Ashok Leyland,BS-4,MTC,No,Deluxe,11-07-2019,Active
Chrompet -I Depot,J2058,TN01AN3753,Ashok Leyland,BS-4,MTC,No,Deluxe,09-03-2020,Active
Chrompet -I Depot,J1051,TN01AN2067,Ashok Leyland,BS-4,MTC,No,Deluxe,22-04-2019,Active
Chrompet -I Depot,J1957,TN01AN3956,Ashok Leyland,BS-4,MTC,No,Deluxe,22-03-2020,Active
Chrompet -I Depot,K1076,TN01AN5475,Ashok Leyland,BS-6,MTC,No,Ordinary,11-07-2019,Active
Ambattur Depot,Z0537,TN01AN9826,Ashok Leyland,BS-4,MTC - Dummy,No,Ordinary,,Active
Ambattur Depot,Z0538,TN01AN9827,Ashok Leyland,BS-4,MTC - Dummy,No,Ordinary,,Active
Ambattur Depot,Z0539,TN01AN9828,Ashok Leyland,BS-4,MTC - Dummy,No,Ordinary,,Active
Chrompet -I Depot,J2088,TN01AN3934,Ashok Leyland,BS-4,MTC,No,Deluxe,22-03-2020,Active
Chrompet -I Depot,J1518,TN01AN2907,Ashok Leyland,BS-4,MTC,No,Deluxe,11-07-2019,Active
Chrompet -I Depot,J1787,TN01AN3601,Ashok Leyland,BS-4,MTC,No,Deluxe,09-02-2020,Active
Chrompet -I Depot,J2007,TN01AN3924,Ashok Leyland,BS-4,MTC,No,Deluxe,22-03-2020,Active
Chrompet -I Depot,J1191,TN01AN2313,Ashok Leyland,BS-4,MTC,No,Deluxe,13-05-2019,Active
Chrompet -I Depot,J1774,TN01AN3621,Ashok Leyland,BS-4,MTC,No,Deluxe,06-02-2020,Active
Thiruvanmiyur Depot,K0136,TN01AN4144,Ashok Leyland,BS-6,MTC,No,LF Bus (D),,Active
Thiruvanmiyur Depot,K0696,TN01AN4847,Ashok Leyland,BS-6,MTC,No,LF Bus (D),,Active
Vadapalani Depot,J1862,TN01AN3645,Ashok Leyland,BS-4,MTC,No,Deluxe,02-03-2020,Active
Kannagi Nagar Depot,J1566,TN01AN2985,Ashok Leyland,BS-4,MTC,No,Deluxe,07-08-2019,Active
Ennore Depot,J1407,TN01AN2974,Ashok Leyland,BS-4,MTC,No,Deluxe,18-07-2019,Active
Tambaram Depot,J1779,TN01AN3611,Ashok Leyland,BS-4,MTC,No,Deluxe,06-02-2020,Active
Vadapalani Depot,J1882,TN01AN3625,Ashok Leyland,BS-4,MTC,No,Deluxe,23-02-2020,Active
Perumbakkam Depot EV,Z00101,ZZ01ZZ0006,Ashok Leyland,BS-6,MTC - Dummy,No,Ordinary,,Active
Madhavaram Depot,J1558,TN01AN3126,Ashok Leyland,BS-4,MTC,No,Deluxe,12-08-2019,Active
Semmenchery Depot,J0397,TN01AN0860,Ashok Leyland,BS-4,MTC,No,Ordinary,16-06-2014,Active
Iyyapanthangal Depot,J1782,TN01AN3586,Ashok Leyland,BS-4,MTC,No,Deluxe,06-02-2020,Active
Semmenchery Depot,J0830,TN01AN1662,Ashok Leyland,BS-4,MTC,No,Ordinary,07-09-2016,Active
Kannagi Nagar Depot,J1944,TN01AN3855,Ashok Leyland,BS-4,MTC,No,Deluxe,22-03-2020,Active
Kannagi Nagar Depot,J0837,TN01AN1629,Ashok Leyland,BS-4,MTC,No,Ordinary,07-09-2016,Active
T.Nagar Depot,J1681,TN01AN3304,Tata,BS-4,MTC,No,Deluxe,31-10-2019,Active
Kannagi Nagar Depot,J0794,TN01AN1549,Ashok Leyland,BS-4,MTC,No,Ordinary,16-05-2016,Active
Ennore Depot,K0932,TN01AN5233,Ashok Leyland,BS-6,MTC,No,Ordinary,,Active
Adyar Depot,J1935,TN01AN3648,Ashok Leyland,BS-4,MTC,No,Deluxe,04-03-2020,Active
Thiruvanmiyur Depot,K0613,TN01AN4948,Ashok Leyland,BS-6,MTC,No,LF Bus (D),21-10-2013,Active
Tondiarpet-2 Depot,K0193,TN01AN4277,Ashok Leyland,BS-6,MTC,No,LF Bus (D),19-06-2019,Active
Z Dummy Depot,J0142,TN01AN0220,Ashok Leyland,BS-4,MTC,No,Ordinary,17-06-2012,Active
K.K. Nagar Depot,J0721,TN01AN1685,Tata,BS-4,MTC,No,Ordinary,07-09-2016,Active
Z Dummy Depot,I2245,TN01N8299,Ashok Leyland,BS-3,MTC,No,Ordinary,14-10-2009,Inactive
Z Dummy Depot,J0124,TN01AN0210,Ashok Leyland,BS-4,MTC,No,Ordinary,17-06-2012,Inactive
Z Dummy Depot,J0085,TN01N9945,Ashok Leyland,BS-4,MTC,No,Ordinary,29-03-2012,Inactive
Z Dummy Depot,J0065,TN01N9957,Ashok Leyland,BS-4,MTC,No,Ordinary,29-03-2012,Inactive
Z Dummy Depot,J0010,TN01N9784,Ashok Leyland,BS-4,MTC,No,Ordinary,05-09-2011,Inactive
Z Dummy Depot,I2389,TN01N8620,Ashok Leyland,BS-3,MTC,No,Ordinary,15-12-2009,Inactive
Z Dummy Depot,I2359,TN01N8359,Ashok Leyland,BS-3,MTC,No,Ordinary,19-10-2009,Inactive
Z Dummy Depot,I2354,TN01N8335,Ashok Leyland,BS-3,MTC,No,Ordinary,19-10-2009,Inactive
Z Dummy Depot,I2306,TN01N8256,Ashok Leyland,BS-3,MTC,No,Ordinary,09-10-2009,Inactive
Z Dummy Depot,I2305,TN01N8262,Ashok Leyland,BS-3,MTC,No,Ordinary,09-10-2009,Inactive
Z Dummy Depot,I2301,TN01N8302,Ashok Leyland,BS-3,MTC,No,Ordinary,14-10-2009,Inactive
Z Dummy Depot,I2298,TN01N8277,Ashok Leyland,BS-3,MTC,No,Ordinary,09-10-2009,Inactive
Z Dummy Depot,I2248,TN01N8220,Ashok Leyland,BS-3,MTC,No,Ordinary,05-10-2009,Inactive
Z Dummy Depot,I2243,TN01N8215,Ashok Leyland,BS-3,MTC,No,Ordinary,05-10-2009,Inactive
Z Dummy Depot,I2241,TN01N8212,Ashok Leyland,BS-3,MTC,No,Ordinary,05-10-2009,Inactive
Z Dummy Depot,I2240,TN01N8283,Ashok Leyland,BS-3,MTC,No,Ordinary,09-10-2009,Inactive
Z Dummy Depot,I2239,TN01N8233,Ashok Leyland,BS-3,MTC,No,Ordinary,05-10-2009,Inactive
Z Dummy Depot,I1645,TN01N7287,Ashok Leyland,BS-3,MTC,No,Ordinary,14-08-2008,Inactive
Z Dummy Depot,I1096,TN01N5171,Ashok Leyland,BS-3,MTC,No,Ordinary,26-12-2007,Inactive
Z Dummy Depot,I0955,TN01N5286,Ashok Leyland,BS-3,MTC,No,Ordinary,28-12-2007,Inactive
Z Dummy Depot,I0750,TN01N4881,Ashok Leyland,BS-3,MTC,No,Ordinary,17-09-2007,Inactive
Z Dummy Depot,I0502,TN01N4545,Ashok Leyland,BS-3,MTC,No,Ordinary,06-07-2007,Inactive
Z Dummy Depot,I0451,TN01N4533,Ashok Leyland,BS-3,MTC,No,Ordinary,05-06-2007,Inactive
Z Dummy Depot,J0108,TN01AN0214,Ashok Leyland,BS-4,MTC,No,Ordinary,17-06-2012,Inactive
Z Dummy Depot,J0107,TN01AN0199,Ashok Leyland,BS-4,MTC,No,Ordinary,17-06-2012,Inactive
Z Dummy Depot,J0092,TN01AN0177,Ashok Leyland,BS-4,MTC,No,Ordinary,17-06-2012,Inactive
Perumbakkam Depot EV,ZVY007,TN01QA4546,Ashok Leyland,BS-4,MTC - Dummy,No,Ordinary,,Active
Basin Bridge Depot,Z9883,AD01DU1243,Ashok Leyland,BS-4,MTC - Dummy,No,Ordinary,,Active
Basin Bridge Depot,Z9885,AD01DU1245,Ashok Leyland,BS-4,MTC - Dummy,No,Deluxe,,Active
Basin Bridge Depot,Z9886,AD01DU1246,Ashok Leyland,BS-4,MTC - Dummy,No,Vintage Bus,,Active
Tambaram Depot,AT5648,AV01DU0081,Ashok Leyland,BS-6,MTC - Dummy,No,Small Bus(Express),,Active
Tambaram Depot,AT5636,AV01DU0069,Ashok Leyland,BS-6,MTC - Dummy,No,Ordinary,,Active
Poonamallee Depot,DJ007,TN01BS5658,Ashok Leyland,BS-4,MTC - Dummy,No,Ordinary,27-01-2026,Active
Poonamallee Depot,TR0099,TN01BW7130,Ashok Leyland,BS-6,MTC - Dummy,No,Ordinary,27-04-2026,Active
Basin Bridge Depot,ZVY001,TN01AJ1212,Ashok Leyland,BS-4,MTC - Dummy,No,Ordinary,,Active
Anna Nagar Depot,Z00100,ZZ01ZZ0005,Ashok Leyland,BS-6,MTC - Dummy,No,Ordinary,,Active
Anna Nagar Depot,Z00105,ZZ01ZZ0010,Ashok Leyland,BS-6,MTC - Dummy,No,Ordinary,,Active
Kannagi Nagar Depot,J1223,TN01AN2183,Ashok Leyland,BS-4,MTC,No,Deluxe,02-05-2019,Active
Thiruvanmiyur Depot,K1363,TN01AN5742,Ashok Leyland,BS-6,MTC,No,LF Bus (D),11-12-2025,Active
Poonamallee Depot,ZZ916,ZZ02TR0106,Ashok Leyland,BS-3,MTC - Dummy,No,Deluxe,24-04-2025,Active
Madhavaram Depot,Z15982,AD01DU1959,Ashok Leyland,BS-6,MTC - Dummy,No,Ordinary,18-02-2014,Active
Madhavaram Depot,ZVY013,TN01LS5647,Ashok Leyland,BS-4,MTC - Dummy,No,Ordinary,,Active
Chrompet -II Depot,Z00104,ZZ01ZZ0009,Ashok Leyland,BS-6,MTC - Dummy,No,Small Bus(Express),,Active
Chrompet -II Depot,Z00103,ZZ01ZZ0008,Ashok Leyland,BS-6,MTC - Dummy,No,Small Bus(Express),,Active
Chrompet -II Depot,Z00102,ZZ01ZZ0007,Ashok Leyland,BS-6,MTC - Dummy,No,Small Bus(Express),,Active
Z Dummy Depot,J0060,TN01N9938,Ashok Leyland,BS-4,MTC,No,Ordinary,29-03-2012,Active
Thiruvanmiyur Depot,TD41118,TN08N5593,Ashok Leyland,BS-6,MTC - Dummy,No,Ordinary,28-04-2026,Active
Thiruvanmiyur Depot,TD41117,TN02N5593,Ashok Leyland,BS-6,MTC - Dummy,No,Ordinary,28-04-2026,Active
Thiruvanmiyur Depot,TD41116,TN08AN6051,Ashok Leyland,BS-6,MTC - Dummy,No,Ordinary,28-04-2026,Active
Thiruvanmiyur Depot,TD41115,TN05AN6051,Ashok Leyland,BS-6,MTC - Dummy,No,Ordinary,28-04-2026,Active
Tondiarpet-2 Depot,TD41113,TN09AN6051,Ashok Leyland,BS-6,MTC - Dummy,No,Ordinary,28-04-2026,Active
Tondiarpet-2 Depot,TD4112,TN09AN6127,Ashok Leyland,BS-6,MTC - Dummy,No,Ordinary,28-04-2026,Active
Tondiarpet-2 Depot,TD4110,TN09AN6107,Tata,BS-6,MTC - Dummy,No,Ordinary,28-04-2026,Active
Tondiarpet-2 Depot,TD4109,TN09AN6066,Ashok Leyland,BS-6,MTC - Dummy,No,Ordinary,28-04-2026,Active
Tondiarpet-2 Depot,TD4108,TN09AN6040,Ashok Leyland,BS-6,MTC - Dummy,No,Ordinary,28-04-2026,Active
Thiruvanmiyur Depot,TR4111,TN09N5593,Ashok Leyland,BS-6,MTC - Dummy,No,Ordinary,28-04-2026,Active
Thiruvanmiyur Depot,TR4110,TN09N5455,Ashok Leyland,BS-6,MTC - Dummy,No,Ordinary,28-04-2026,Active
Thiruvanmiyur Depot,TR4109,TN09N5170,Ashok Leyland,BS-6,MTC - Dummy,No,Ordinary,28-04-2026,Active
Thiruvanmiyur Depot,TR4108,TN09N5483,Ashok Leyland,BS-6,MTC - Dummy,No,Ordinary,28-04-2026,Active
Vadapalani Depot,K0083,TN01AN4106,Ashok Leyland,BS-6,MTC,No,Ordinary,,Active
Vadapalani Depot,K0079,TN01AN4087,Ashok Leyland,BS-6,MTC,No,Ordinary,,Active
Vadapalani Depot,K0022,TN01AN3933,Ashok Leyland,BS-6,MTC,No,Ordinary,,Active
Vadapalani Depot,K0067,TN01AN4118,Ashok Leyland,BS-6,MTC,No,Ordinary,,Active
Vadapalani Depot,K0021,TN01AN4082,Ashok Leyland,BS-6,MTC,No,Ordinary,,Active
Vadapalani Depot,K0025,TN01AN4056,Ashok Leyland,BS-6,MTC,No,Ordinary,,Active
Tondiarpet-2 Depot,Z4112,TN09SN6363,Tata,BS-4,MTC - Dummy,No,Ordinary,27-04-2026,Active
Tondiarpet-2 Depot,Z4110,TN09AX3979,Ashok Leyland,BS-6,MTC - Dummy,No,Ordinary,27-04-2026,Active
Tondiarpet-2 Depot,Z4109,TN09HA2525,Ashok Leyland,BS-6,MTC - Dummy,No,Express,27-04-2026,Active
Tondiarpet-2 Depot,Z4108,TN09QW1470,Ashok Leyland,BS-6,MTC - Dummy,No,Express,27-04-2026,Active
Padiyanallur Depot,DZ002,TN01BN3318,Ashok Leyland,BS-4,MTC - Dummy,No,Ordinary,27-04-2026,Active
Vadapalani Depot,J0875,TN01AN1679,Ashok Leyland,BS-4,MTC,No,Ordinary,07-09-2016,Active
Vadapalani Depot,J0850,TN01AN1590,Ashok Leyland,BS-4,MTC,No,Ordinary,07-09-2016,Active
Iyyapanthangal Depot,J0893,TN01AN1652,Ashok Leyland,BS-4,MTC,No,Ordinary,07-09-2016,Active
Iyyapanthangal Depot,J0398,TN01AN0902,Ashok Leyland,BS-4,MTC,No,Ordinary,16-06-2014,Active
Kilambakkam Depot,DZ005,TN01BN2648,Ashok Leyland,BS-4,MTC - Dummy,No,Deluxe,27-04-2026,Active
Avadi Depot,K0914,TN01AN5256,Ashok Leyland,BS-6,MTC,No,Ordinary,,Active
Tondiarpet-2 Depot,ZTD003,TN05HA2525,Ashok Leyland,BS-4,MTC - Dummy,No,Express,07-06-2025,Active
Tondiarpet-2 Depot,ZTD004,TN05QW1470,Ashok Leyland,BS-4,MTC - Dummy,No,Express,07-06-2025,Active
Tondiarpet-2 Depot,ZTD002,TN05AX3979,Ashok Leyland,BS-4,MTC - Dummy,No,Ordinary,07-06-2025,Active
Thiruvanmiyur Depot,ZZ868,ZZ01TR0008,Ashok Leyland,BS-6,MTC - Dummy,No,Ordinary,,Active
Thiruvanmiyur Depot,ZZ870,ZZ01TR0010,Ashok Leyland,BS-6,MTC - Dummy,No,Ordinary,,Active
Thiruvanmiyur Depot,ZZ867,ZZ01TR0007,Ashok Leyland,BS-6,MTC - Dummy,No,Ordinary,,Active
Thiruvanmiyur Depot,ZZ864,ZZ01TR0004,Ashok Leyland,BS-6,MTC - Dummy,No,Ordinary,,Active
Thiruvanmiyur Depot,ZZ861,ZZ01TR0001,Ashok Leyland,BS-6,MTC - Dummy,No,Ordinary,,Active
Thiruvanmiyur Depot,ZZ101,ZZ01TR0101,Tata,BS-4,MTC - Dummy,No,Small Bus(Express),24-04-2025,Active
Iyyapanthangal Depot,K1037,TN01AN5515,Ashok Leyland,BS-6,MTC,No,Ordinary,,Active
Avadi Depot,K1293,TN01AN5887,Ashok Leyland,BS-6,MTC,No,Ordinary,02-01-2026,Active
Avadi Depot,J1875,TN01AN3700,Ashok Leyland,BS-4,MTC,No,Deluxe,04-03-2020,Active
Z Dummy Depot,TT01PE0001,TT01PE0002,Ashok Leyland,BS-4,MTC - Dummy,No,tst1,24-04-2026,Active
Z Dummy Depot,TEST PRIME,TT01PE0001,Ashok Leyland,BS-4,MTC - Dummy,No,tst1,24-04-2026,Active
Adyar Depot,Z9887,AD01DU1247,Ashok Leyland,BS-4,MTC - Dummy,No,Express,,Active
Adyar Depot,Z9884,AD01DU1244,Ashok Leyland,BS-4,MTC - Dummy,No,Express,,Active
Adyar Depot,Z9882,AD01DU1242,Ashok Leyland,BS-4,MTC - Dummy,No,Ordinary,,Active
Adyar Depot,Z9881,AD01DU1241,Ashok Leyland,BS-4,MTC - Dummy,No,Express,,Active
Adyar Depot,Z9880,AD01DU1240,Ashok Leyland,BS-4,MTC - Dummy,No,Express,,Active
Adyar Depot,Z9879,AD01DU1239,Ashok Leyland,BS-4,MTC - Dummy,No,Express,,Active
Adyar Depot,Z9878,AD01DU1238,Ashok Leyland,BS-4,MTC - Dummy,No,Express,,Active
Adyar Depot,Z9877,AD01DU1237,Ashok Leyland,BS-4,MTC - Dummy,No,Express,,Active
Adyar Depot,Z9876,AD01DU1236,Ashok Leyland,BS-4,MTC - Dummy,No,Express,,Active
Adyar Depot,Z9875,AD01DU1235,Ashok Leyland,BS-4,MTC - Dummy,No,Express,,Active
Adyar Depot,Z9874,AD01DU1234,Ashok Leyland,BS-4,MTC - Dummy,No,Ordinary,,Active
Adambakkam Depot,J1619,TN01AN3039,Tata,BS-4,MTC,No,Deluxe,24-09-2019,Active
Chrompet -II Depot,J0986,TN01AN1941,Ashok Leyland,BS-4,MTC,No,Deluxe,31-03-2019,Active
Adambakkam Depot,J1613,TN01AN3061,Tata,BS-4,MTC,No,Deluxe,24-09-2019,Active
Thiruvanmiyur Depot,K0676,TN01AN4905,Ashok Leyland,BS-6,MTC,No,LF Bus (D),,Active
Thiruvanmiyur Depot,K0392,TN01AN4601,Ashok Leyland,BS-6,MTC,No,LF Bus (D),05-02-2016,Active
Thiruvanmiyur Depot,K0390,TN01AN4531,Ashok Leyland,BS-6,MTC,No,LF Bus (D),05-02-2016,Active
Thiruvanmiyur Depot,K0203,TN01AN4356,Ashok Leyland,BS-6,MTC,No,LF Bus (D),05-04-2011,Active
Thiruvanmiyur Depot,K0389,TN01AN4628,Ashok Leyland,BS-6,MTC,No,LF Bus (D),23-06-2019,Active
Thiruvanmiyur Depot,K0202,TN01AN4376,Ashok Leyland,BS-6,MTC,No,LF Bus (D),05-04-2011,Active
Thiruvanmiyur Depot,K0201,TN01AN4414,Ashok Leyland,BS-6,MTC,No,LF Bus (D),05-04-2011,Active
Thiruvanmiyur Depot,K0682,TN01AN4879,Ashok Leyland,BS-6,MTC,No,LF Bus (D),,Active
Avadi Depot,J1670,TN01AN3263,Ashok Leyland,BS-4,MTC,No,Deluxe,20-10-2019,Active
Basin Bridge Depot,J1025,TN01AN2677,Ashok Leyland,BS-4,MTC,No,Deluxe,25-06-2019,Active
Avadi Depot,J1483,TN01AN2748,Ashok Leyland,BS-4,MTC,No,Deluxe,02-07-2019,Active
Ayanavaram Depot,J0201,TN01AN0493,Ashok Leyland,BS-4,MTC,No,Ordinary,04-09-2012,Active
Ennore Depot,K0118,TN01AN4159,Ashok Leyland,BS-6,MTC,No,Ordinary,,Active
Kannagi Nagar Depot,J1184,TN01AN2280,Ashok Leyland,BS-4,MTC,No,Deluxe,06-05-2019,Active
Padiyanallur Depot,J0064,TN01N9947,Ashok Leyland,BS-4,MTC,No,Ordinary,29-03-2012,Inactive
Padiyanallur Depot,J0062,TN01N9955,Ashok Leyland,BS-4,MTC,No,Ordinary,29-03-2012,Inactive
Avadi Depot,J0133,TN01AN0227,Ashok Leyland,BS-4,MTC,No,Ordinary,17-06-2012,Inactive
Avadi Depot,J0119,TN01AN0165,Ashok Leyland,BS-4,MTC,No,Ordinary,17-06-2012,Inactive
Ennore Depot,J0097,TN01AN0162,Ashok Leyland,BS-4,MTC,No,Ordinary,17-06-2012,Inactive
Avadi Depot,J0134,TN01AN0211,Ashok Leyland,BS-4,MTC,No,Ordinary,17-06-2012,Inactive
Ennore Depot,J0117,TN01AN0236,Ashok Leyland,BS-4,MTC,No,Ordinary,17-06-2012,Inactive
Thiruvanmiyur Depot,K0660,TN01AN4773,Ashok Leyland,BS-6,MTC,No,LF Bus (D),02-07-2019,Active
Thiruvanmiyur Depot,K0657,TN01AN4794,Ashok Leyland,BS-6,MTC,No,LF Bus (D),05-04-2011,Active
Thiruvanmiyur Depot,K0654,TN01AN4776,Ashok Leyland,BS-6,MTC,No,LF Bus (D),02-07-2019,Active
Thiruvanmiyur Depot,K0650,TN01AN4764,Ashok Leyland,BS-6,MTC,No,LF Bus (D),02-07-2019,Active
Basin Bridge Depot,J1390,TN01AN2883,Ashok Leyland,BS-4,MTC,No,Deluxe,11-07-2019,Active
Anna Nagar East Depot,J1396,TN01AN2904,Ashok Leyland,BS-4,MTC,No,Deluxe,11-07-2019,Active
Vadapalani Depot,K0221,TN01AN4461,Ashok Leyland,BS-6,MTC,No,LF Bus (D),,Active
Vadapalani Depot,K1422,TN01AN6010,Ashok Leyland,BS-6,MTC,No,LF Bus (D),16-01-2026,Active
Thiruvanmiyur Depot,K0655,TN01AN4819,Ashok Leyland,BS-6,MTC,No,LF Bus (D),02-07-2019,Active
Thiruvanmiyur Depot,K0648,TN01AN4804,Ashok Leyland,BS-6,MTC,No,LF Bus (D),07-09-2016,Active
Avadi Depot,J1379,TN01AN2912,Ashok Leyland,BS-4,MTC,No,Deluxe,11-07-2019,Active
Avadi Depot,J1380,TN01AN2833,Ashok Leyland,BS-4,MTC,No,Deluxe,11-07-2019,Active
Chrompet -I Depot,J2045,TN01AN3971,Ashok Leyland,BS-4,MTC,No,Deluxe,22-03-2020,Active
Semmenchery Depot,K1280,TN01AN5846,Ashok Leyland,BS-6,MTC,No,Ordinary,02-01-2026,Active
Padiyanallur Depot,K1087,TN01AN5347,Ashok Leyland,BS-6,MTC,No,Ordinary,,Active
Central Depot EV,Z2255,ZZ01AN0222,Ashok Leyland,BS-6,MTC - Dummy,No,AC(EV),03-04-2026,Active
Kundrathur Depot,K1238,TN01AN5699,Ashok Leyland,BS-6,MTC,No,Ordinary,21-11-2025,Active
Padiyanallur Depot,K0333,TN01AN4992,Ashok Leyland,BS-6,MTC,No,Ordinary,,Active
Avadi Depot,K0334,TN01AN5020,Ashok Leyland,BS-6,MTC,No,Ordinary,21-10-2013,Active
Tambaram Depot,K0163,TN01AN4204,Ashok Leyland,BS-6,MTC,No,LF Bus (D),19-06-2019,Active
Padiyanallur Depot,K0003,TN01AN3946,Ashok Leyland,BS-6,MTC,No,Ordinary,,Active
Adambakkam Depot,J0461,TN01AN1168,Tata,BS-4,MTC,No,Ordinary,09-10-2015,Active
Madhavaram Depot,K0504,TN01AN4755,Ashok Leyland,BS-6,MTC,No,LF Bus (D),02-07-2019,Active
Kundrathur Depot,Z2002,TN21N2527,Ashok Leyland,BS-3,MTC - Dummy,No,Ordinary,30-03-2026,Active
Adyar Depot,J1194,TN01AN2289,Ashok Leyland,BS-4,MTC,No,Deluxe,13-05-2019,Active
Z Dummy Depot,J0046,TN01N9858,Ashok Leyland,BS-4,MTC,No,Ordinary,21-11-2011,Inactive
Z Dummy Depot,J0043,TN01N9853,Ashok Leyland,BS-4,MTC,No,Ordinary,15-11-2011,Inactive
Z Dummy Depot,J0044,TN01N9852,Ashok Leyland,BS-4,MTC,No,Ordinary,15-11-2011,Inactive
Z Dummy Depot,J0027,TN01N9825,Ashok Leyland,BS-4,MTC,No,Ordinary,04-10-2011,Inactive
Kannagi Nagar Depot,Z2003,TN21N2528,Ashok Leyland,BS-3,MTC - Dummy,No,Ordinary,30-03-2026,Active
Kannagi Nagar Depot,Z2001,TN21N2526,Ashok Leyland,BS-3,MTC - Dummy,No,Ordinary,30-03-2026,Active
Z Dummy Depot,I3346,TN01N9658,Ashok Leyland,BS-4,MTC,No,Ordinary,19-05-2011,Inactive
Z Dummy Depot,I3344,TN01N9655,Ashok Leyland,BS-4,MTC,No,Ordinary,11-05-2011,Inactive
Z Dummy Depot,J0156,TN01AN0166,Ashok Leyland,BS-4,MTC,No,Ordinary,17-06-2012,Inactive
Z Dummy Depot,J0125,TN01AN0176,Ashok Leyland,BS-4,MTC,No,Ordinary,17-06-2012,Inactive
Z Dummy Depot,J0059,TN01N9937,Ashok Leyland,BS-4,MTC,No,Ordinary,29-03-2012,Inactive
Z Dummy Depot,J0112,TN01AN0212,Ashok Leyland,BS-4,MTC,No,Ordinary,17-06-2012,Inactive
Z Dummy Depot,J0091,TN01N9970,Ashok Leyland,BS-4,MTC,No,Ordinary,30-03-2012,Inactive
Z Dummy Depot,J0039,TN01N9847,Ashok Leyland,BS-4,MTC,No,Express,08-11-2011,Inactive
Z Dummy Depot,J0025,TN01N9829,Ashok Leyland,BS-4,MTC,No,Ordinary,04-10-2011,Inactive
Z Dummy Depot,J0017,TN01N9808,Ashok Leyland,BS-4,MTC,No,Ordinary,19-09-2011,Inactive
Z Dummy Depot,J0015,TN01N9792,Ashok Leyland,BS-4,MTC,No,Ordinary,05-09-2011,Inactive
Z Dummy Depot,J0009,TN01N9789,Ashok Leyland,BS-4,MTC,No,Ordinary,05-09-2011,Inactive
Z Dummy Depot,J0008,TN01N9780,Ashok Leyland,BS-4,MTC,No,Ordinary,05-09-2011,Inactive
Z Dummy Depot,J0030,TN01N9828,Ashok Leyland,BS-4,MTC,No,Ordinary,04-10-2011,Inactive
Z Dummy Depot,J0028,TN01N9830,Ashok Leyland,BS-4,MTC,No,Ordinary,04-10-2011,Inactive
Z Dummy Depot,J0014,TN01N9793,Ashok Leyland,BS-4,MTC,No,Ordinary,05-09-2011,Inactive
Z Dummy Depot,J0012,TN01N9776,Ashok Leyland,BS-4,MTC,No,Ordinary,05-09-2011,Inactive
Z Dummy Depot,J0126,TN01AN0241,Ashok Leyland,BS-4,MTC,No,Ordinary,17-06-2012,Inactive
Z Dummy Depot,J0070,TN01N9965,Ashok Leyland,BS-4,MTC,No,Ordinary,29-03-2012,Inactive
Z Dummy Depot,J0067,TN01N9939,Ashok Leyland,BS-4,MTC,No,Ordinary,29-03-2012,Inactive
Z Dummy Depot,J0076,TN01N9941,Ashok Leyland,BS-4,MTC,No,Ordinary,29-03-2012,Inactive
Z Dummy Depot,I3366,TN01N9682,Ashok Leyland,BS-4,MTC,No,Ordinary,14-06-2011,Inactive
Z Dummy Depot,I3341,TN01N9652,Ashok Leyland,BS-4,MTC,No,Ordinary,06-05-2011,Inactive
Z Dummy Depot,I3338,TN01N9650,Ashok Leyland,BS-4,MTC,No,Ordinary,04-05-2011,Inactive
Z Dummy Depot,J0110,TN01AN0237,Ashok Leyland,BS-4,MTC,No,Ordinary,17-06-2012,Inactive
Z Dummy Depot,J0016,TN01N9816,Ashok Leyland,BS-4,MTC,No,Ordinary,19-09-2011,Inactive
Z Dummy Depot,J0099,TN01AN0178,Ashok Leyland,BS-4,MTC,No,Ordinary,17-06-2012,Inactive
Z Dummy Depot,J0095,TN01AN0182,Ashok Leyland,BS-4,MTC,No,Ordinary,17-06-2012,Inactive
Z Dummy Depot,J0047,TN01N9855,Ashok Leyland,BS-4,MTC,No,Ordinary,21-11-2011,Inactive
Z Dummy Depot,J0036,TN01N9838,Ashok Leyland,BS-4,MTC,No,Ordinary,03-11-2011,Inactive
Z Dummy Depot,J0034,TN01N9835,Ashok Leyland,BS-4,MTC,No,Ordinary,19-10-2011,Inactive
Z Dummy Depot,J0032,TN01N9837,Ashok Leyland,BS-4,MTC,No,Ordinary,19-10-2011,Inactive
Z Dummy Depot,I3358,TN01N9672,Ashok Leyland,BS-4,MTC,No,Ordinary,31-05-2011,Inactive
Z Dummy Depot,J0140,TN01AN0163,Ashok Leyland,BS-4,MTC,No,Ordinary,17-06-2012,Inactive
Z Dummy Depot,J0086,TN01N9933,Ashok Leyland,BS-4,MTC,No,Ordinary,29-03-2012,Inactive
Z Dummy Depot,J0048,TN01N9857,Ashok Leyland,BS-4,MTC,No,Ordinary,21-11-2011,Inactive
Z Dummy Depot,J0040,TN01N9849,Ashok Leyland,BS-4,MTC,No,Ordinary,08-11-2011,Inactive
Z Dummy Depot,J0037,TN01N9839,Ashok Leyland,BS-4,MTC,No,Ordinary,03-11-2011,Inactive
Z Dummy Depot,J0031,TN01N9826,Ashok Leyland,BS-4,MTC,No,Ordinary,04-10-2011,Inactive
Z Dummy Depot,J0013,TN01N9787,Ashok Leyland,BS-4,MTC,No,Ordinary,05-09-2011,Inactive
Z Dummy Depot,J0011,TN01N9785,Ashok Leyland,BS-4,MTC,No,Ordinary,05-09-2011,Inactive
Z Dummy Depot,J0007,TN01N9783,Ashok Leyland,BS-4,MTC,No,Ordinary,05-09-2011,Inactive
Z Dummy Depot,J0005,TN01N9752,Ashok Leyland,BS-4,MTC,No,Ordinary,23-08-2011,Inactive
Z Dummy Depot,J0004,TN01N9748,Ashok Leyland,BS-4,MTC,No,Ordinary,23-08-2011,Inactive
Z Dummy Depot,J0003,TN01N9747,Ashok Leyland,BS-4,MTC,No,Ordinary,23-08-2011,Inactive
Z Dummy Depot,J0001,TN01N9751,Ashok Leyland,BS-4,MTC,No,Ordinary,23-08-2011,Inactive
Z Dummy Depot,J0082,TN01N9949,Ashok Leyland,BS-4,MTC,No,Ordinary,29-03-2012,Inactive
Z Dummy Depot,J0120,TN01AN0218,Ashok Leyland,BS-4,MTC,No,Express,17-06-2012,Inactive
Z Dummy Depot,J0020,TN01N9807,Ashok Leyland,BS-4,MTC,No,Ordinary,19-09-2011,Inactive
Z Dummy Depot,J0148,TN01AN0155,Ashok Leyland,BS-4,MTC,No,Ordinary,17-06-2012,Inactive
Z Dummy Depot,J0100,TN01AN0225,Ashok Leyland,BS-4,MTC,No,Ordinary,17-06-2012,Inactive
Z Dummy Depot,I3361,TN01N9675,Ashok Leyland,BS-4,MTC,No,Ordinary,01-06-2011,Inactive
Basin Bridge Depot,J0111,TN01AN0154,Ashok Leyland,BS-4,MTC,No,Ordinary,17-06-2012,Inactive
Z Dummy Depot,J0143,TN01AN0174,Ashok Leyland,BS-4,MTC,No,Ordinary,17-06-2012,Inactive
Basin Bridge Depot,J0068,TN01N9940,Ashok Leyland,BS-4,MTC,No,Ordinary,29-03-2012,Inactive
Z Dummy Depot,J0042,TN01N9850,Ashok Leyland,BS-4,MTC,No,Ordinary,09-11-2011,Inactive
Z Dummy Depot,J0146,TN01AN0186,Ashok Leyland,BS-4,MTC,No,Ordinary,17-06-2012,Inactive
Z Dummy Depot,I3342,TN01N9654,Ashok Leyland,BS-4,MTC,No,Ordinary,09-05-2011,Inactive
Z Dummy Depot,I3333,TN01N9643,Ashok Leyland,BS-4,MTC,No,Ordinary,02-05-2011,Inactive
Z Dummy Depot,J0078,TN01N9948,Ashok Leyland,BS-4,MTC,No,Ordinary,29-03-2012,Inactive
Z Dummy Depot,I3364,TN01N9676,Ashok Leyland,BS-4,MTC,No,Ordinary,01-06-2011,Inactive
Z Dummy Depot,I3332,TN01N9644,Ashok Leyland,BS-4,MTC,No,Ordinary,02-05-2011,Inactive
Z Dummy Depot,I3363,TN01N9677,Ashok Leyland,BS-4,MTC,No,Ordinary,01-06-2011,Inactive
Perambur Depot,J0073,TN01N9961,Ashok Leyland,BS-4,MTC,No,Ordinary,29-03-2012,Inactive
Z Dummy Depot,I3362,TN01N9680,Ashok Leyland,BS-4,MTC,No,Ordinary,02-06-2011,Inactive
Z Dummy Depot,I3349,TN01N9661,Ashok Leyland,BS-4,MTC,No,Ordinary,20-05-2011,Inactive
Z Dummy Depot,I3336,TN01N9646,Ashok Leyland,BS-4,MTC,No,Ordinary,03-05-2011,Inactive
Z Dummy Depot,I3335,TN01N9640,Ashok Leyland,BS-4,MTC,No,Ordinary,02-05-2011,Inactive
Z Dummy Depot,I3316,TN01N9626,Ashok Leyland,BS-4,MTC,No,Ordinary,31-03-2011,Inactive
Z Dummy Depot,J0066,TN01N9932,Ashok Leyland,BS-4,MTC,No,Ordinary,29-03-2012,Inactive
Z Dummy Depot,I3357,TN01N9664,Ashok Leyland,BS-4,MTC,No,Ordinary,31-05-2011,Inactive
Z Dummy Depot,J0308,TN01AN0792,Tata,BS-4,MTC,No,Small Bus(Express),18-02-2014,Inactive
Vadapalani Depot,J0138,TN01AN0157,Ashok Leyland,BS-4,MTC,No,Express,17-06-2012,Inactive
Vadapalani Depot,J0083,TN01N9943,Ashok Leyland,BS-4,MTC,No,Express,29-03-2012,Inactive
Semmenchery Depot,J0071,TN01N9956,Ashok Leyland,BS-4,MTC,No,Ordinary,29-03-2012,Inactive
Semmenchery Depot,J0141,TN01AN0244,Ashok Leyland,BS-4,MTC,No,Ordinary,17-06-2012,Inactive
Thiruvanmiyur Depot,J0130,TN01AN0196,Ashok Leyland,BS-4,MTC,No,Ordinary,17-06-2012,Inactive
Semmenchery Depot,K0936,TN01AN5307,Ashok Leyland,BS-6,MTC,No,Ordinary,,Active
Saidapet Depot,K1321,TN01AN5959,Ashok Leyland,BS-6,MTC,No,Ordinary,14-01-2026,Active
Anna Nagar East Depot,K1224,TN01AN5679,Ashok Leyland,BS-6,MTC,No,Ordinary,21-11-2025,Active
Anna Nagar East Depot,K0925,TN01AN5464,Ashok Leyland,BS-6,MTC,No,Ordinary,,Active
Vadapalani Depot,K1205,TN01AN5716,Ashok Leyland,BS-6,MTC,No,Ordinary,21-11-2025,Active
Basin Bridge Depot,K1009,TN01AN5374,Ashok Leyland,BS-6,MTC,No,Ordinary,,Active
Kilambakkam Depot,J1901,TN01AN3735,Ashok Leyland,BS-4,MTC,No,Deluxe,05-03-2020,Active
Anna Nagar East Depot,K1008,TN01AN5413,Ashok Leyland,BS-6,MTC,No,Ordinary,,Active
Perambur Depot,K1085,TN01AN5419,Ashok Leyland,BS-6,MTC,No,Ordinary,,Active
Avadi Depot,K0332,TN01AN4997,Ashok Leyland,BS-6,MTC,No,Ordinary,,Active
Anna Nagar East Depot,K1236,TN01AN5663,Ashok Leyland,BS-6,MTC,No,Ordinary,21-11-2025,Active
Iyyapanthangal Depot,K1093,TN01AN5455,Ashok Leyland,BS-6,MTC,No,Ordinary,,Active
Kilambakkam Depot,J1153,TN01AN2110,Ashok Leyland,BS-4,MTC,No,Deluxe,01-05-2019,Active
Tondiarpet-2 Depot,K0913,TN01AN5250,Ashok Leyland,BS-6,MTC,No,Ordinary,,Active
Ayanavaram Depot,J2059,TN01AN3867,Ashok Leyland,BS-4,MTC,No,Deluxe,22-03-2020,Active
Ayanavaram Depot,K1010,TN01AN5473,Ashok Leyland,BS-6,MTC,No,Ordinary,,Active
Ayanavaram Depot,K0931,TN01AN5297,Ashok Leyland,BS-6,MTC,No,Ordinary,,Active
Adyar Depot,K0982,TN01AN5469,Ashok Leyland,BS-6,MTC,No,Ordinary,19-06-2019,Active
Adyar Depot,K0900,TN01AN5322,Ashok Leyland,BS-6,MTC,No,Ordinary,19-06-2019,Active
Kilambakkam Depot,J1872,TN01AN3638,Ashok Leyland,BS-4,MTC,No,Deluxe,04-03-2020,Active
Chrompet -II Depot,K0331,TN01AN5016,Ashok Leyland,BS-6,MTC,No,Ordinary,,Active
Chrompet -II Depot,J0888,TN01AN1611,Ashok Leyland,BS-4,MTC,No,Ordinary,07-09-2016,Active
Chrompet -II Depot,J0864,TN01AN1618,Ashok Leyland,BS-4,MTC,No,Ordinary,07-09-2016,Active
Iyyapanthangal Depot,J2082,TN01AN3746,Ashok Leyland,BS-4,MTC,No,Deluxe,12-03-2020,Active
Poonamallee Depot,J0574,TN01AN1458,Tata,BS-4,MTC,No,Ordinary,31-03-2016,Active
Poonamallee Depot,J0598,TN01AN1498,Tata,BS-4,MTC,No,Ordinary,17-04-2016,Active
Poonamallee Depot,J0595,TN01AN1482,Tata,BS-4,MTC,No,Ordinary,14-04-2016,Active
Poonamallee Depot,J0586,TN01AN1461,Tata,BS-4,MTC,No,Ordinary,06-04-2016,Active
Poonamallee Depot,J0594,TN01AN1477,Tata,BS-4,MTC,No,Ordinary,12-04-2016,Active
Poonamallee Depot,J0564,TN01AN1431,Tata,BS-4,MTC,No,Ordinary,31-03-2016,Active
Poonamallee Depot,PMD04,PM01DU0023,Ashok Leyland,BS-4,MTC - Dummy,No,Ordinary,21-10-2013,Active
Poonamallee Depot,PMD01,PM01DU0020,Ashok Leyland,BS-4,MTC - Dummy,No,Ordinary,21-10-2013,Active
Poonamallee Depot,J0749,TN01AN1699,Tata,BS-4,MTC,No,Ordinary,20-09-2016,Active
Avadi Depot,K0242,TN01AN4702,Ashok Leyland,BS-6,MTC,No,Ordinary,,Active
Avadi Depot,J0892,TN01AN1588,Ashok Leyland,BS-4,MTC,No,Ordinary,07-09-2016,Active
Avadi Depot,J1657,TN01AN3259,Ashok Leyland,BS-4,MTC,No,Deluxe,20-10-2019,Active
Avadi Depot,J2053,TN01AN3733,Ashok Leyland,BS-4,MTC,No,Deluxe,11-03-2020,Active
Avadi Depot,J1947,TN01AN4030,Ashok Leyland,BS-4,MTC,No,Deluxe,22-03-2020,Active
Avadi Depot,J1656,TN01AN3299,Ashok Leyland,BS-4,MTC,No,Deluxe,20-10-2019,Active
Chrompet -I Depot,DJ0006,TN01BX8956,Ashok Leyland,BS-4,MTC - Dummy,No,Ordinary,02-03-2026,Active
Tambaram Depot,K1392,TN01AN5837,Ashok Leyland,BS-6,MTC,No,LF Bus (D),02-01-2026,Active
Saidapet Depot,K1388,TN01AN5834,Ashok Leyland,BS-6,MTC,No,LF Bus (D),02-01-2026,Active
Saidapet Depot,K1394,TN01AN5910,Ashok Leyland,BS-6,MTC,No,LF Bus (D),02-01-2026,Active
Thiruvanmiyur Depot,K1400,TN01AN5851,Ashok Leyland,BS-6,MTC,No,LF Bus (D),02-01-2026,Active
Madhavaram Depot,K1391,TN01AN5863,Ashok Leyland,BS-6,MTC,No,LF Bus (D),02-01-2026,Active
Tambaram Depot,K1393,TN01AN5833,Ashok Leyland,BS-6,MTC,No,LF Bus (D),02-01-2026,Active
Madhavaram Depot,K1401,TN01AN5929,Ashok Leyland,BS-6,MTC,No,LF Bus (D),02-01-2026,Active
Poonamallee Depot,K1423,TN01AN6048,Ashok Leyland,BS-6,MTC,No,LF Bus (D),24-01-2026,Active
Poonamallee Depot,K1424,TN01AN6088,Ashok Leyland,BS-6,MTC,No,LF Bus (D),24-01-2026,Active
Vadapalani Depot,K1386,TN01AN5856,Ashok Leyland,BS-6,MTC,No,LF Bus (D),23-12-2025,Active
Poonamallee Depot,K1427,TN01AN6109,Ashok Leyland,BS-6,MTC,No,LF Bus (D),24-01-2026,Active
Tambaram Depot,K1383,TN01AN5901,Ashok Leyland,BS-6,MTC,No,LF Bus (D),02-01-2026,Active
Thiruvanmiyur Depot,K1419,TN01AN6179,Ashok Leyland,BS-6,MTC,No,LF Bus (D),07-02-2026,Active
Poonamallee Depot,K1426,TN01AN6165,Ashok Leyland,BS-6,MTC,No,LF Bus (D),07-02-2026,Active
Poonamallee Depot,K1425,TN01AN6046,Ashok Leyland,BS-6,MTC,No,LF Bus (D),27-01-2026,Active
Thiruvanmiyur Depot,K1377,TN01AN5787,Ashok Leyland,BS-6,MTC,No,LF Bus (D),18-12-2025,Active
Tambaram Depot,K1407,TN01AN5900,Ashok Leyland,BS-6,MTC,No,LF Bus (D),02-01-2026,Active
Tambaram Depot,K1406,TN01AN5976,Ashok Leyland,BS-6,MTC,No,LF Bus (D),02-01-2026,Active
Tondiarpet-2 Depot,K1409,TN01AN5857,Ashok Leyland,BS-6,MTC,No,LF Bus (D),02-01-2026,Active
Tondiarpet-2 Depot,K1410,TN01AN5884,Ashok Leyland,BS-6,MTC,No,LF Bus (D),02-01-2026,Active
Tondiarpet-2 Depot,K1382,TN01AN5805,Ashok Leyland,BS-6,MTC,No,LF Bus (D),18-12-2025,Active
Saidapet Depot,K1380,TN01AN5762,Ashok Leyland,BS-6,MTC,No,LF Bus (D),18-12-2025,Active
Madhavaram Depot,K1379,TN01AN5895,Ashok Leyland,BS-6,MTC,No,LF Bus (D),19-12-2025,Active
Tambaram Depot,K1418,TN01AN5922,Ashok Leyland,BS-6,MTC,No,LF Bus (D),02-01-2026,Active
Tambaram Depot,K1408,TN01AN5841,Ashok Leyland,BS-6,MTC,No,LF Bus (D),02-01-2026,Active
Saidapet Depot,K1403,TN01AN5850,Ashok Leyland,BS-6,MTC,No,LF Bus (D),02-01-2026,Active
Tambaram Depot,K1381,TN01AN5890,Ashok Leyland,BS-6,MTC,No,LF Bus (D),18-12-2025,Active
Tambaram Depot,K1372,TN01AN5818,Ashok Leyland,BS-6,MTC,No,LF Bus (D),17-12-2025,Active
Poonamallee Depot,K1416,TN01AN5882,Ashok Leyland,BS-6,MTC,No,LF Bus (D),02-01-2026,Active
Madhavaram Depot,K1402,TN01AN5859,Ashok Leyland,BS-6,MTC,No,LF Bus (D),02-01-2026,Active
Poonamallee Depot,K1428,TN01AN6063,Ashok Leyland,BS-6,MTC,No,LF Bus (D),27-01-2026,Active
Poonamallee Depot,K1429,TN01AN6108,Ashok Leyland,BS-6,MTC,No,LF Bus (D),24-01-2026,Active
Poonamallee Depot,K1430,TN01AN6059,Ashok Leyland,BS-6,MTC,No,LF Bus (D),24-01-2026,Active
Vadapalani Depot,K1370,TN01AN5776,Ashok Leyland,BS-6,MTC,No,LF Bus (D),15-12-2025,Active
Poonamallee Depot,K1437,TN01AN6030,Ashok Leyland,BS-6,MTC,No,LF Bus (D),16-01-2026,Active
Poonamallee Depot,K1371,TN01AN5784,Ashok Leyland,BS-6,MTC,No,LF Bus (D),15-12-2025,Active
Poonamallee Depot,K1434,TN01AN6135,Ashok Leyland,BS-6,MTC,No,LF Bus (D),10-02-2026,Active
Poonamallee Depot,K1431,TN01AN6064,Ashok Leyland,BS-6,MTC,No,LF Bus (D),24-01-2026,Active
Tambaram Depot,K1368,TN01AN5802,Ashok Leyland,BS-6,MTC,No,LF Bus (D),15-12-2025,Active
Poonamallee Depot,K1435,TN01AN5932,Ashok Leyland,BS-6,MTC,No,LF Bus (D),16-01-2026,Active
Poonamallee Depot,K1436,TN01AN6081,Ashok Leyland,BS-6,MTC,No,LF Bus (D),24-01-2026,Active
Saidapet Depot,K1367,TN01AN5757,Ashok Leyland,BS-6,MTC,No,LF Bus (D),15-12-2025,Active
Poonamallee Depot,K1432,TN01AN6145,Ashok Leyland,BS-6,MTC,No,LF Bus (D),07-02-2026,Active
Poonamallee Depot,K1449,TN01AN6130,Ashok Leyland,BS-6,MTC,No,LF Bus (D),24-01-2026,Active
Poonamallee Depot,K1450,TN01AN6095,Ashok Leyland,BS-6,MTC,No,LF Bus (D),24-01-2026,Active
Poonamallee Depot,K1365,TN01AN5816,Ashok Leyland,BS-6,MTC,No,LF Bus (D),15-12-2025,Active
Tambaram Depot,K1454,TN01AN6100,Ashok Leyland,BS-6,MTC,No,LF Bus (D),24-01-2026,Active
Poonamallee Depot,K1452,TN01AN5974,Ashok Leyland,BS-6,MTC,No,LF Bus (D),16-01-2026,Active
Vadapalani Depot,K1360,TN01AN5780,Ashok Leyland,BS-6,MTC,No,LF Bus (D),11-12-2025,Active
Tondiarpet-2 Depot,K1455,TN01AN6220,Ashok Leyland,BS-6,MTC,No,LF Bus (D),07-02-2026,Active
Poonamallee Depot,K1361,TN01AN5753,Ashok Leyland,BS-6,MTC,No,LF Bus (D),11-12-2025,Active
Tondiarpet-2 Depot,K1451,TN01AN6228,Ashok Leyland,BS-6,MTC,No,LF Bus (D),07-02-2026,Active
Saidapet Depot,K1357,TN01AN5745,Ashok Leyland,BS-6,MTC,No,LF Bus (D),11-12-2025,Active
Poonamallee Depot,K1457,TN01AN6181,Ashok Leyland,BS-6,MTC,No,LF Bus (D),07-02-2026,Active
Tondiarpet-2 Depot,K1458,TN01AN6190,Ashok Leyland,BS-6,MTC,No,LF Bus (D),07-02-2026,Active
Tambaram Depot,K1358,TN01AN5788,Ashok Leyland,BS-6,MTC,No,LF Bus (D),11-12-2025,Active
Tondiarpet-2 Depot,K1453,TN01AN6132,Ashok Leyland,BS-6,MTC,No,LF Bus (D),07-02-2026,Active
Poonamallee Depot,K1439,TN01AN5954,Ashok Leyland,BS-6,MTC,No,LF Bus (D),16-01-2026,Active
Poonamallee Depot,K1355,TN01AN5766,Ashok Leyland,BS-6,MTC,No,LF Bus (D),11-12-2025,Active
Poonamallee Depot,K1438,TN01AN5969,Ashok Leyland,BS-6,MTC,No,LF Bus (D),16-01-2026,Active
Poonamallee Depot,K1354,TN01AN5734,Ashok Leyland,BS-6,MTC,No,LF Bus (D),11-12-2025,Active
Poonamallee Depot,K1440,TN01AN5995,Ashok Leyland,BS-6,MTC,No,LF Bus (D),16-01-2026,Active
Tambaram Depot,K1448,TN01AN6086,Ashok Leyland,BS-6,MTC,No,LF Bus (D),24-01-2026,Active
Poonamallee Depot,K1442,TN01AN6072,Ashok Leyland,BS-6,MTC,No,LF Bus (D),24-01-2026,Active
Poonamallee Depot,K1441,TN01AN6124,Ashok Leyland,BS-6,MTC,No,LF Bus (D),24-01-2026,Active
Madhavaram Depot,K1446,TN01AN6097,Ashok Leyland,BS-6,MTC,No,LF Bus (D),27-01-2026,Active
Poonamallee Depot,K1444,TN01AN6225,Ashok Leyland,BS-6,MTC,No,LF Bus (D),07-02-2026,Active
Tambaram Depot,K1460,TN01AN6085,Ashok Leyland,BS-6,MTC,No,LF Bus (D),27-01-2026,Active
Tondiarpet-2 Depot,K1461,TN01AN6176,Ashok Leyland,BS-6,MTC,No,LF Bus (D),10-02-2026,Active
Tondiarpet-2 Depot,K1464,TN01AN6121,Ashok Leyland,BS-6,MTC,No,LF Bus (D),27-01-2026,Active
Tondiarpet-2 Depot,K1465,TN01AN6043,Ashok Leyland,BS-6,MTC,No,LF Bus (D),27-01-2026,Active
Tondiarpet-2 Depot,K1483,TN01AN6058,Ashok Leyland,BS-6,MTC,No,LF Bus (D),05-02-2026,Active
Poonamallee Depot,K1487,TN01AN6133,Ashok Leyland,BS-6,MTC,No,LF Bus (D),18-02-2026,Active
Tondiarpet-2 Depot,K1491,TN01AN6099,Ashok Leyland,BS-6,MTC,No,LF Bus (D),05-02-2026,Active
Tondiarpet-2 Depot,K1486,TN01AN6066,Ashok Leyland,BS-6,MTC,No,LF Bus (D),05-02-2026,Active
Tondiarpet-2 Depot,K1485,TN01AN6040,Ashok Leyland,BS-6,MTC,No,LF Bus (D),05-02-2026,Active
Tondiarpet-2 Depot,K1479,TN01AN6093,Ashok Leyland,BS-6,MTC,No,LF Bus (D),06-02-2026,Active
Tondiarpet-2 Depot,K1488,TN01AN6107,Ashok Leyland,BS-6,MTC,No,LF Bus (D),05-02-2026,Active
Tondiarpet-2 Depot,K1495,TN01AN6051,Ashok Leyland,BS-6,MTC,No,LF Bus (D),05-02-2026,Active
Thiruvanmiyur Depot,K1484,TN01AN6203,Ashok Leyland,BS-6,MTC,No,LF Bus (D),10-02-2026,Active
Tondiarpet-2 Depot,K1474,TN01AN6052,Ashok Leyland,BS-6,MTC,No,LF Bus (D),06-02-2026,Active
Tondiarpet-2 Depot,K1468,TN01AN6106,Ashok Leyland,BS-6,MTC,No,LF Bus (D),05-02-2026,Active
Tondiarpet-2 Depot,K1492,TN01AN6127,Ashok Leyland,BS-6,MTC,No,LF Bus (D),05-02-2026,Active
Thiruvanmiyur Depot,K1503,TN01AN6031,Ashok Leyland,BS-6,MTC,No,LF Bus (D),05-02-2026,Active
Thiruvanmiyur Depot,K1498,TN01AN6082,Ashok Leyland,BS-6,MTC,No,LF Bus (D),05-02-2026,Active
Thiruvanmiyur Depot,K1469,TN01AN6079,Ashok Leyland,BS-6,MTC,No,LF Bus (D),05-02-2026,Active
Thiruvanmiyur Depot,K1490,TN01AN6087,Ashok Leyland,BS-6,MTC,No,LF Bus (D),05-02-2026,Active
Thiruvanmiyur Depot,K1477,TN01AN6215,Ashok Leyland,BS-6,MTC,No,LF Bus (D),10-02-2026,Active
Thiruvanmiyur Depot,K1481,TN01AN6208,Ashok Leyland,BS-6,MTC,No,LF Bus (D),18-02-2026,Active
Tondiarpet-2 Depot,K1467,TN01AN6122,Ashok Leyland,BS-6,MTC,No,LF Bus (D),05-02-2026,Active
Thiruvanmiyur Depot,K1489,TN01AN6126,Ashok Leyland,BS-6,MTC,No,LF Bus (D),05-02-2026,Active
Thiruvanmiyur Depot,K1496,TN01AN6045,Ashok Leyland,BS-6,MTC,No,LF Bus (D),05-02-2026,Active
Thiruvanmiyur Depot,K1473,TN01AN6096,Ashok Leyland,BS-6,MTC,No,LF Bus (D),05-02-2026,Active
Thiruvanmiyur Depot,K1472,TN01AN6037,Ashok Leyland,BS-6,MTC,No,LF Bus (D),05-02-2026,Active
Thiruvanmiyur Depot,K1476,TN01AN6042,Ashok Leyland,BS-6,MTC,No,LF Bus (D),05-02-2026,Active
Thiruvanmiyur Depot,K1510,TN01AN6168,Ashok Leyland,BS-6,MTC,No,LF Bus (D),06-03-2026,Active
Thiruvanmiyur Depot,K1504,TN01AN6211,Ashok Leyland,BS-6,MTC,No,LF Bus (D),06-03-2026,Active
Poonamallee Depot,K1167,TN01AN5676,Ashok Leyland,BS-6,MTC,No,LF Bus (D),12-11-2025,Active
Kilambakkam Depot,K0785,TN01AN5146,Ashok Leyland,BS-6,MTC,No,LF Bus (D),01-07-2025,Active
Kilambakkam Depot,K0786,TN01AN5166,Ashok Leyland,BS-6,MTC,No,LF Bus (D),01-07-2025,Active
Kilambakkam Depot,K0787,TN01AN5132,Ashok Leyland,BS-6,MTC,No,LF Bus (D),01-07-2025,Active
Poonamallee Depot,K1166,TN01AN5712,Ashok Leyland,BS-6,MTC,No,LF Bus (D),12-11-2025,Active
Madhavaram Depot,K0788,TN01AN5143,Ashok Leyland,BS-6,MTC,No,LF Bus (D),01-07-2025,Active
Madhavaram Depot,K0789,TN01AN5178,Ashok Leyland,BS-6,MTC,No,LF Bus (D),01-07-2025,Active
Poonamallee Depot,K0790,TN01AN5164,Ashok Leyland,BS-6,MTC,No,LF Bus (D),01-07-2025,Active
Poonamallee Depot,K0792,TN01AN5172,Ashok Leyland,BS-6,MTC,No,LF Bus (D),01-07-2025,Active
Poonamallee Depot,K0793,TN01AN5216,Ashok Leyland,BS-6,MTC,No,LF Bus (D),01-07-2025,Active
Poonamallee Depot,K0794,TN01AN5211,Ashok Leyland,BS-6,MTC,No,LF Bus (D),01-07-2025,Active
Tondiarpet-2 Depot,K0782,TN01AN5159,Ashok Leyland,BS-6,MTC,No,LF Bus (D),04-06-2025,Active
Kilambakkam Depot,K1173,TN01AN5717,Ashok Leyland,BS-6,MTC,No,LF Bus (D),12-11-2025,Active
T.Nagar Depot,K0773,TN01AN5194,Ashok Leyland,BS-6,MTC,No,LF Bus (D),02-07-2019,Active
Saidapet Depot,K1159,TN01AN5662,Ashok Leyland,BS-6,MTC,No,LF Bus (D),12-11-2025,Active
Thiruvanmiyur Depot,K1154,TN01AN5725,Ashok Leyland,BS-6,MTC,No,LF Bus (D),12-11-2025,Active
T.Nagar Depot,K0766,TN01AN5206,Ashok Leyland,BS-6,MTC,No,LF Bus (D),02-07-2019,Active
Madhavaram Depot,K1155,TN01AN5673,Ashok Leyland,BS-6,MTC,No,LF Bus (D),12-11-2025,Active
Tondiarpet-2 Depot,K1162,TN01AN5700,Ashok Leyland,BS-6,MTC,No,LF Bus (D),12-11-2025,Active
Tambaram Depot,K1161,TN01AN5647,Ashok Leyland,BS-6,MTC,No,LF Bus (D),12-11-2025,Active
Madhavaram Depot,K1157,TN01AN5706,Ashok Leyland,BS-6,MTC,No,LF Bus (D),12-11-2025,Active
Madhavaram Depot,K1156,TN01AN5661,Ashok Leyland,BS-6,MTC,No,LF Bus (D),12-11-2025,Active
Saidapet Depot,K1158,TN01AN5686,Ashok Leyland,BS-6,MTC,No,LF Bus (D),12-11-2025,Active
Saidapet Depot,K1160,TN01AN5643,Ashok Leyland,BS-6,MTC,No,LF Bus (D),12-11-2025,Active
Poonamallee Depot,K0752,TN01AN5032,Ashok Leyland,BS-6,MTC,No,LF Bus (D),02-07-2019,Active
Kilambakkam Depot,K1145,TN01AN5718,Ashok Leyland,BS-6,MTC,No,LF Bus (D),12-11-2025,Active
Poonamallee Depot,K0750,TN01AN5049,Ashok Leyland,BS-6,MTC,No,LF Bus (D),02-07-2019,Active
Saidapet Depot,K1149,TN01AN5690,Ashok Leyland,BS-6,MTC,No,LF Bus (D),12-11-2025,Active
Poonamallee Depot,K0754,TN01AN5107,Ashok Leyland,BS-6,MTC,No,LF Bus (D),02-07-2019,Active
Poonamallee Depot,K0753,TN01AN5036,Ashok Leyland,BS-6,MTC,No,LF Bus (D),02-07-2019,Active
Kilambakkam Depot,K1148,TN01AN5708,Ashok Leyland,BS-6,MTC,No,LF Bus (D),12-11-2025,Active
Poonamallee Depot,K0751,TN01AN5058,Ashok Leyland,BS-6,MTC,No,LF Bus (D),02-07-2019,Active
Poonamallee Depot,K0755,TN01AN5055,Ashok Leyland,BS-6,MTC,No,LF Bus (D),02-07-2019,Active
Kilambakkam Depot,K1147,TN01AN5710,Ashok Leyland,BS-6,MTC,No,LF Bus (D),12-11-2025,Active
Poonamallee Depot,K0745,TN01AN5083,Ashok Leyland,BS-6,MTC,No,LF Bus (D),02-07-2019,Active
Kilambakkam Depot,K1146,TN01AN5704,Ashok Leyland,BS-6,MTC,No,LF Bus (D),12-11-2025,Active
Poonamallee Depot,K0746,TN01AN5033,Ashok Leyland,BS-6,MTC,No,LF Bus (D),02-07-2019,Active
Poonamallee Depot,K0748,TN01AN5089,Ashok Leyland,BS-6,MTC,No,LF Bus (D),02-07-2019,Active
Saidapet Depot,K1150,TN01AN5722,Ashok Leyland,BS-6,MTC,No,LF Bus (D),12-11-2025,Active
Poonamallee Depot,K0747,TN01AN5072,Ashok Leyland,BS-6,MTC,No,LF Bus (D),02-07-2019,Active
Poonamallee Depot,K0749,TN01AN5046,Ashok Leyland,BS-6,MTC,No,LF Bus (D),02-07-2019,Active
Poonamallee Depot,K0744,TN01AN5126,Ashok Leyland,BS-6,MTC,No,LF Bus (D),02-07-2019,Active
Madhavaram Depot,K1152,TN01AN5667,Ashok Leyland,BS-6,MTC,No,LF Bus (D),12-11-2025,Active
Poonamallee Depot,K0743,TN01AN5056,Ashok Leyland,BS-6,MTC,No,LF Bus (D),02-07-2019,Active
Poonamallee Depot,K0736,TN01AN5113,Ashok Leyland,BS-6,MTC,No,LF Bus (D),02-07-2019,Active
Madhavaram Depot,K1151,TN01AN5698,Ashok Leyland,BS-6,MTC,No,LF Bus (D),12-11-2025,Active
Poonamallee Depot,K0741,TN01AN5076,Ashok Leyland,BS-6,MTC,No,LF Bus (D),02-07-2019,Active
Poonamallee Depot,K0742,TN01AN5042,Ashok Leyland,BS-6,MTC,No,LF Bus (D),02-07-2019,Active
Vadapalani Depot,K0739,TN01AN5118,Ashok Leyland,BS-6,MTC,No,LF Bus (D),02-07-2019,Active
Saidapet Depot,K0733,TN01AN5078,Ashok Leyland,BS-6,MTC,No,LF Bus (D),02-07-2019,Active
Saidapet Depot,K0734,TN01AN5124,Ashok Leyland,BS-6,MTC,No,LF Bus (D),02-07-2019,Active
Saidapet Depot,K0732,TN01AN5080,Ashok Leyland,BS-6,MTC,No,LF Bus (D),02-07-2019,Active
Saidapet Depot,K0735,TN01AN5069,Ashok Leyland,BS-6,MTC,No,LF Bus (D),02-07-2019,Active
Vadapalani Depot,K0738,TN01AN5110,Ashok Leyland,BS-6,MTC,No,LF Bus (D),02-07-2019,Active
Vadapalani Depot,K0737,TN01AN5061,Ashok Leyland,BS-6,MTC,No,LF Bus (D),02-07-2019,Active
Poonamallee Depot,K0592,TN01AN5052,Ashok Leyland,BS-6,MTC,No,LF Bus (D),02-07-2019,Active
Poonamallee Depot,K0590,TN01AN5070,Ashok Leyland,BS-6,MTC,No,LF Bus (D),02-07-2019,Active
Poonamallee Depot,K0591,TN01AN5108,Ashok Leyland,BS-6,MTC,No,LF Bus (D),02-07-2019,Active
Poonamallee Depot,K0587,TN01AN5085,Ashok Leyland,BS-6,MTC,No,LF Bus (D),02-07-2019,Active
Poonamallee Depot,K0588,TN01AN5047,Ashok Leyland,BS-6,MTC,No,LF Bus (D),02-07-2019,Active
Poonamallee Depot,K0589,TN01AN5101,Ashok Leyland,BS-6,MTC,No,LF Bus (D),02-07-2019,Active
Poonamallee Depot,K0578,TN01AN5117,Ashok Leyland,BS-6,MTC,No,LF Bus (D),02-07-2019,Active
Poonamallee Depot,K0579,TN01AN5045,Ashok Leyland,BS-6,MTC,No,LF Bus (D),02-07-2019,Active
Poonamallee Depot,K0580,TN01AN5079,Ashok Leyland,BS-6,MTC,No,LF Bus (D),02-07-2019,Active
Poonamallee Depot,K0581,TN01AN5112,Ashok Leyland,BS-6,MTC,No,LF Bus (D),21-10-2013,Active
Poonamallee Depot,K0582,TN01AN5092,Ashok Leyland,BS-6,MTC,No,LF Bus (D),21-10-2013,Active
Poonamallee Depot,K0584,TN01AN5096,Ashok Leyland,BS-6,MTC,No,LF Bus (D),21-10-2013,Active
Poonamallee Depot,K0583,TN01AN5037,Ashok Leyland,BS-6,MTC,No,LF Bus (D),21-10-2013,Active
Poonamallee Depot,K0586,TN01AN5119,Ashok Leyland,BS-6,MTC,No,LF Bus (D),21-10-2013,Active
Poonamallee Depot,K0585,TN01AN5106,Ashok Leyland,BS-6,MTC,No,LF Bus (D),21-10-2013,Active
Tambaram Depot,K1132,TN01AN5581,Ashok Leyland,BS-6,MTC,No,LF Bus (D),12-11-2025,Active
Tambaram Depot,K0726,TN01AN5123,Ashok Leyland,BS-6,MTC,No,LF Bus (D),21-10-2013,Active
Vadapalani Depot,K0626,TN01AN5038,Ashok Leyland,BS-6,MTC,No,LF Bus (D),02-07-2019,Active
Kilambakkam Depot,K1140,TN01AN5567,Ashok Leyland,BS-6,MTC,No,LF Bus (D),12-11-2025,Active
Tambaram Depot,K0629,TN01AN5087,Ashok Leyland,BS-6,MTC,No,LF Bus (D),02-07-2019,Active
Tambaram Depot,K0628,TN01AN5044,Ashok Leyland,BS-6,MTC,No,LF Bus (D),02-07-2019,Active
Vadapalani Depot,K0627,TN01AN5114,Ashok Leyland,BS-6,MTC,No,LF Bus (D),02-07-2019,Active
Vadapalani Depot,K0728,TN01AN5035,Ashok Leyland,BS-6,MTC,No,LF Bus (D),02-07-2019,Active
Poonamallee Depot,K0727,TN01AN5063,Ashok Leyland,BS-6,MTC,No,LF Bus (D),02-07-2019,Active
Tambaram Depot,K1131,TN01AN5545,Ashok Leyland,BS-6,MTC,No,LF Bus (D),12-11-2025,Active
Poonamallee Depot,K0576,TN01AN5065,Ashok Leyland,BS-6,MTC,No,LF Bus (D),21-10-2013,Active
Poonamallee Depot,K0575,TN01AN5031,Ashok Leyland,BS-6,MTC,No,LF Bus (D),21-10-2013,Active
Poonamallee Depot,K0577,TN01AN5071,Ashok Leyland,BS-6,MTC,No,LF Bus (D),21-10-2013,Active
Poonamallee Depot,K0571,TN01AN4938,Ashok Leyland,BS-6,MTC,No,LF Bus (D),21-10-2013,Active
Tambaram Depot,K1130,TN01AN5556,Ashok Leyland,BS-6,MTC,No,LF Bus (D),12-11-2025,Active
Poonamallee Depot,K0570,TN01AN5029,Ashok Leyland,BS-6,MTC,No,LF Bus (D),21-10-2013,Active
Poonamallee Depot,K0574,TN01AN5014,Ashok Leyland,BS-6,MTC,No,LF Bus (D),21-10-2013,Active
Tambaram Depot,K1129,TN01AN5572,Ashok Leyland,BS-6,MTC,No,LF Bus (D),12-11-2025,Active
Poonamallee Depot,K0573,TN01AN4991,Ashok Leyland,BS-6,MTC,No,LF Bus (D),21-10-2013,Active
Poonamallee Depot,K0572,TN01AN4954,Ashok Leyland,BS-6,MTC,No,LF Bus (D),21-10-2013,Active
Tambaram Depot,K0625,TN01AN5051,Ashok Leyland,BS-6,MTC,No,LF Bus (D),21-10-2013,Active
Tambaram Depot,K0624,TN01AN5099,Ashok Leyland,BS-6,MTC,No,LF Bus (D),21-10-2013,Active
Tambaram Depot,K0623,TN01AN5122,Ashok Leyland,BS-6,MTC,No,LF Bus (D),21-10-2013,Active
Saidapet Depot,K0622,TN01AN5104,Ashok Leyland,BS-6,MTC,No,LF Bus (D),21-10-2013,Active
Saidapet Depot,K0621,TN01AN5121,Ashok Leyland,BS-6,MTC,No,LF Bus (D),21-10-2013,Active
Poonamallee Depot,K0561,TN01AN4953,Ashok Leyland,BS-6,MTC,No,LF Bus (D),21-10-2013,Active
Poonamallee Depot,K0565,TN01AN4969,Ashok Leyland,BS-6,MTC,No,LF Bus (D),21-10-2013,Active
Poonamallee Depot,K0564,TN01AN5019,Ashok Leyland,BS-6,MTC,No,LF Bus (D),21-10-2013,Active
Kilambakkam Depot,K0508,TN01AN4825,Ashok Leyland,BS-6,MTC,No,LF Bus (D),02-09-2025,Active
Poonamallee Depot,K0562,TN01AN4965,Ashok Leyland,BS-6,MTC,No,LF Bus (D),21-10-2013,Active
Poonamallee Depot,K0569,TN01AN4996,Ashok Leyland,BS-6,MTC,No,LF Bus (D),21-10-2013,Active
Poonamallee Depot,K0567,TN01AN4952,Ashok Leyland,BS-6,MTC,No,LF Bus (D),21-10-2013,Active
Vadapalani Depot,K0844,TN01AN5613,Ashok Leyland,BS-6,MTC,No,LF Bus (D),02-09-2025,Active
Poonamallee Depot,K0568,TN01AN4936,Ashok Leyland,BS-6,MTC,No,LF Bus (D),21-10-2013,Active
Poonamallee Depot,K0563,TN01AN4973,Ashok Leyland,BS-6,MTC,No,LF Bus (D),21-10-2013,Active
Vadapalani Depot,K0849,TN01AN5607,Ashok Leyland,BS-6,MTC,No,LF Bus (D),02-09-2025,Active
Vadapalani Depot,K0848,TN01AN5584,Ashok Leyland,BS-6,MTC,No,LF Bus (D),02-09-2025,Active
Saidapet Depot,K0620,TN01AN5105,Ashok Leyland,BS-6,MTC,No,LF Bus (D),21-10-2013,Active
Thiruvanmiyur Depot,K0612,TN01AN5013,Ashok Leyland,BS-6,MTC,No,LF Bus (D),21-10-2013,Active
Poonamallee Depot,K0850,TN01AN5583,Ashok Leyland,BS-6,MTC,No,LF Bus (D),02-09-2025,Active
Thiruvanmiyur Depot,K0614,TN01AN4961,Ashok Leyland,BS-6,MTC,No,LF Bus (D),21-10-2013,Active
Tambaram Depot,K0851,TN01AN5586,Ashok Leyland,BS-6,MTC,No,LF Bus (D),02-09-2025,Active
Poonamallee Depot,K0615,TN01AN5097,Ashok Leyland,BS-6,MTC,No,LF Bus (D),21-10-2013,Active
Thiruvanmiyur Depot,K0616,TN01AN5091,Ashok Leyland,BS-6,MTC,No,LF Bus (D),21-10-2013,Active
Madhavaram Depot,K0846,TN01AN5594,Ashok Leyland,BS-6,MTC,No,LF Bus (D),02-09-2025,Active
Saidapet Depot,K0619,TN01AN4933,Ashok Leyland,BS-6,MTC,No,LF Bus (D),21-10-2013,Active
Perambur Depot,K0609,TN01AN4979,Ashok Leyland,BS-6,MTC,No,LF Bus (D),21-10-2013,Active
Tondiarpet-2 Depot,K0842,TN01AN5575,Ashok Leyland,BS-6,MTC,No,LF Bus (D),02-09-2025,Active
Perambur Depot,K0608,TN01AN5043,Ashok Leyland,BS-6,MTC,No,LF Bus (D),21-10-2013,Active
Madhavaram Depot,K0847,TN01AN5628,Ashok Leyland,BS-6,MTC,No,LF Bus (D),02-09-2025,Active
Tondiarpet-2 Depot,K0843,TN01AN5611,Ashok Leyland,BS-6,MTC,No,LF Bus (D),02-09-2025,Active
Vadapalani Depot,K0845,TN01AN5600,Ashok Leyland,BS-6,MTC,No,LF Bus (D),02-09-2025,Active
Tambaram Depot,K0601,TN01AN5060,Ashok Leyland,BS-6,MTC,No,LF Bus (D),21-10-2013,Active
Kilambakkam Depot,K0852,TN01AN5591,Ashok Leyland,BS-6,MTC,No,LF Bus (D),02-09-2025,Active
Poonamallee Depot,K0558,TN01AN5008,Ashok Leyland,BS-6,MTC,No,LF Bus (D),21-10-2013,Active
Poonamallee Depot,K0560,TN01AN4968,Ashok Leyland,BS-6,MTC,No,LF Bus (D),21-10-2013,Active
Kilambakkam Depot,K0837,TN01AN5550,Ashok Leyland,BS-6,MTC,No,LF Bus (D),22-08-2025,Active
Poonamallee Depot,K0559,TN01AN4959,Ashok Leyland,BS-6,MTC,No,LF Bus (D),21-10-2013,Active
Tambaram Depot,K0600,TN01AN5062,Ashok Leyland,BS-6,MTC,No,LF Bus (D),21-10-2013,Active
Perambur Depot,K0598,TN01AN5010,Ashok Leyland,BS-6,MTC,No,LF Bus (D),21-10-2013,Active
Thiruvanmiyur Depot,K0594,TN01AN4975,Ashok Leyland,BS-6,MTC,No,LF Bus (D),21-10-2013,Active
Kilambakkam Depot,K0835,TN01AN5547,Ashok Leyland,BS-6,MTC,No,LF Bus (D),22-08-2025,Active
Perambur Depot,K0597,TN01AN4962,Ashok Leyland,BS-6,MTC,No,LF Bus (D),21-10-2013,Active
Kilambakkam Depot,K0836,TN01AN5604,Ashok Leyland,BS-6,MTC,No,LF Bus (D),22-08-2025,Active
Perambur Depot,K0596,TN01AN4963,Ashok Leyland,BS-6,MTC,No,LF Bus (D),21-10-2013,Active
Tambaram Depot,K0599,TN01AN4942,Ashok Leyland,BS-6,MTC,No,LF Bus (D),21-10-2013,Active
Perambur Depot,K0595,TN01AN4977,Ashok Leyland,BS-6,MTC,No,LF Bus (D),21-10-2013,Active
Kilambakkam Depot,K0838,TN01AN5582,Ashok Leyland,BS-6,MTC,No,LF Bus (D),22-08-2025,Active
Poonamallee Depot,K0557,TN01AN4993,Ashok Leyland,BS-6,MTC,No,LF Bus (D),21-10-2013,Active
Tambaram Depot,K0832,TN01AN5590,Ashok Leyland,BS-6,MTC,No,LF Bus (D),22-08-2025,Active
Poonamallee Depot,K0556,TN01AN5011,Ashok Leyland,BS-6,MTC,No,LF Bus (D),21-10-2013,Active
Poonamallee Depot,K0555,TN01AN5002,Ashok Leyland,BS-6,MTC,No,LF Bus (D),21-10-2013,Active
Tambaram Depot,K0723,TN01AN4970,Ashok Leyland,BS-6,MTC,No,LF Bus (D),21-10-2013,Active
Tambaram Depot,K0833,TN01AN5576,Ashok Leyland,BS-6,MTC,No,LF Bus (D),22-08-2025,Active
Tambaram Depot,K0724,TN01AN4955,Ashok Leyland,BS-6,MTC,No,LF Bus (D),21-10-2013,Active
Perambur Depot,K0721,TN01AN4934,Ashok Leyland,BS-6,MTC,No,LF Bus (D),21-10-2013,Active
Madhavaram Depot,K0834,TN01AN5542,Ashok Leyland,BS-6,MTC,No,LF Bus (D),22-08-2025,Active
Vadapalani Depot,K0725,TN01AN4944,Ashok Leyland,BS-6,MTC,No,LF Bus (D),02-07-2019,Active
Poonamallee Depot,K0830,TN01AN5504,Ashok Leyland,BS-6,MTC,No,LF Bus (D),22-08-2025,Active
Madhavaram Depot,K0554,TN01AN4960,Ashok Leyland,BS-6,MTC,No,LF Bus (D),02-07-2019,Active
Tambaram Depot,K0828,TN01AN5501,Ashok Leyland,BS-6,MTC,No,LF Bus (D),22-08-2025,Active
Thiruvanmiyur Depot,K0719,TN01AN4990,Ashok Leyland,BS-6,MTC,No,LF Bus (D),03-01-2019,Active
Poonamallee Depot,K0831,TN01AN5434,Ashok Leyland,BS-6,MTC,No,LF Bus (D),22-08-2025,Active
Tambaram Depot,K0829,TN01AN5593,Ashok Leyland,BS-6,MTC,No,LF Bus (D),22-08-2025,Active
Poonamallee Depot,K0827,TN01AN5488,Ashok Leyland,BS-6,MTC,No,LF Bus (D),22-08-2025,Active
Tondiarpet-2 Depot,K0552,TN01AN5023,Ashok Leyland,BS-6,MTC,No,LF Bus (D),15-12-2025,Active
Vadapalani Depot,K0822,TN01AN5506,Ashok Leyland,BS-6,MTC,No,LF Bus (D),18-07-2025,Active
Vadapalani Depot,K0825,TN01AN5502,Ashok Leyland,BS-6,MTC,No,LF Bus (D),18-07-2025,Active
Vadapalani Depot,K0823,TN01AN5450,Ashok Leyland,BS-6,MTC,No,LF Bus (D),18-07-2025,Active
Vadapalani Depot,K0824,TN01AN5491,Ashok Leyland,BS-6,MTC,No,LF Bus (D),18-07-2025,Active
T.Nagar Depot,K0819,TN01AN5298,Ashok Leyland,BS-6,MTC,No,LF Bus (D),18-07-2025,Active
T.Nagar Depot,K0817,TN01AN5281,Ashok Leyland,BS-6,MTC,No,LF Bus (D),04-07-2025,Active
Kilambakkam Depot,K0816,TN01AN5257,Ashok Leyland,BS-6,MTC,No,LF Bus (D),04-07-2025,Active
Kilambakkam Depot,K0815,TN01AN5269,Ashok Leyland,BS-6,MTC,No,LF Bus (D),04-07-2025,Active
Kilambakkam Depot,K0548,TN01AN4945,Ashok Leyland,BS-6,MTC,No,LF Bus (D),15-12-2025,Active
Poonamallee Depot,K0811,TN01AN5263,Ashok Leyland,BS-6,MTC,No,LF Bus (D),04-07-2025,Active
Kilambakkam Depot,K0549,TN01AN4941,Ashok Leyland,BS-6,MTC,No,LF Bus (D),15-12-2025,Active
Vadapalani Depot,K0812,TN01AN5306,Ashok Leyland,BS-6,MTC,No,LF Bus (D),04-07-2025,Active
Kilambakkam Depot,K0547,TN01AN4939,Ashok Leyland,BS-6,MTC,No,LF Bus (D),15-12-2025,Active
Madhavaram Depot,K0810,TN01AN5245,Ashok Leyland,BS-6,MTC,No,LF Bus (D),03-07-2025,Active
Kilambakkam Depot,K0546,TN01AN4987,Ashok Leyland,BS-6,MTC,No,LF Bus (D),15-12-2025,Active
Madhavaram Depot,K0809,TN01AN5302,Ashok Leyland,BS-6,MTC,No,LF Bus (D),03-07-2025,Active
Tondiarpet-2 Depot,K0712,TN01AN4999,Ashok Leyland,BS-6,MTC,No,LF Bus (D),15-12-2025,Active
Tambaram Depot,K0808,TN01AN5266,Ashok Leyland,BS-6,MTC,No,LF Bus (D),03-07-2025,Active
Tambaram Depot,K0713,TN01AN4981,Ashok Leyland,BS-6,MTC,No,LF Bus (D),15-12-2025,Active
Tambaram Depot,K0807,TN01AN5304,Ashok Leyland,BS-6,MTC,No,LF Bus (D),03-07-2025,Active
Kilambakkam Depot,K0538,TN01AN4971,Ashok Leyland,BS-6,MTC,No,LF Bus (D),15-12-2025,Active
Kilambakkam Depot,K0806,TN01AN5321,Ashok Leyland,BS-6,MTC,No,LF Bus (D),03-07-2025,Active
Kilambakkam Depot,K0802,TN01AN5259,Ashok Leyland,BS-6,MTC,No,LF Bus (D),01-07-2025,Active
Poonamallee Depot,K0795,TN01AN5230,Ashok Leyland,BS-6,MTC,No,LF Bus (D),01-07-2025,Active
Poonamallee Depot,K0796,TN01AN5198,Ashok Leyland,BS-6,MTC,No,LF Bus (D),01-07-2025,Active
Kilambakkam Depot,K0537,TN01AN4957,Ashok Leyland,BS-6,MTC,No,LF Bus (D),15-12-2025,Active
Tondiarpet-2 Depot,K0800,TN01AN5170,Ashok Leyland,BS-6,MTC,No,LF Bus (D),01-07-2025,Active
Tondiarpet-2 Depot,K0801,TN01AN5229,Ashok Leyland,BS-6,MTC,No,LF Bus (D),01-07-2025,Active
Tondiarpet-2 Depot,K0799,TN01AN5196,Ashok Leyland,BS-6,MTC,No,LF Bus (D),01-07-2025,Active
Madhavaram Depot,K0536,TN01AN4887,Ashok Leyland,BS-6,MTC,No,LF Bus (D),20-10-2019,Active
Tondiarpet-2 Depot,K0797,TN01AN5187,Ashok Leyland,BS-6,MTC,No,LF Bus (D),01-07-2025,Active
Madhavaram Depot,K0532,TN01AN4907,Ashok Leyland,BS-6,MTC,No,LF Bus (D),20-10-2019,Active
Kilambakkam Depot,K0531,TN01AN4891,Ashok Leyland,BS-6,MTC,No,LF Bus (D),20-10-2019,Active
Kilambakkam Depot,K0530,TN01AN4890,Ashok Leyland,BS-6,MTC,No,LF Bus (D),20-10-2019,Active
Tondiarpet-2 Depot,K0798,TN01AN5144,Ashok Leyland,BS-6,MTC,No,LF Bus (D),01-07-2025,Active
Madhavaram Depot,K0533,TN01AN4888,Ashok Leyland,BS-6,MTC,No,LF Bus (D),20-10-2019,Active
Madhavaram Depot,K0534,TN01AN4840,Ashok Leyland,BS-6,MTC,No,LF Bus (D),20-10-2019,Active
Madhavaram Depot,K0535,TN01AN4902,Ashok Leyland,BS-6,MTC,No,LF Bus (D),20-10-2019,Active
Tambaram Depot,K0689,TN01AN4894,Ashok Leyland,BS-6,MTC,No,LF Bus (D),20-10-2019,Active
Thiruvanmiyur Depot,K0692,TN01AN4876,Ashok Leyland,BS-6,MTC,No,LF Bus (D),20-10-2019,Active
Kilambakkam Depot,K0783,TN01AN5209,Ashok Leyland,BS-6,MTC,No,LF Bus (D),01-07-2025,Active
Kilambakkam Depot,K0784,TN01AN5200,Ashok Leyland,BS-6,MTC,No,LF Bus (D),01-07-2025,Active
Tambaram Depot,K0688,TN01AN4831,Ashok Leyland,BS-6,MTC,No,LF Bus (D),,Active
Madhavaram Depot,K0526,TN01AN4867,Ashok Leyland,BS-6,MTC,No,LF Bus (D),,Active
Madhavaram Depot,K0525,TN01AN4917,Ashok Leyland,BS-6,MTC,No,LF Bus (D),,Active
Madhavaram Depot,K0522,TN01AN4884,Ashok Leyland,BS-6,MTC,No,LF Bus (D),,Active
Madhavaram Depot,K0523,TN01AN4923,Ashok Leyland,BS-6,MTC,No,LF Bus (D),,Active
Madhavaram Depot,K0524,TN01AN4871,Ashok Leyland,BS-6,MTC,No,LF Bus (D),,Active
Kilambakkam Depot,K0528,TN01AN4862,Ashok Leyland,BS-6,MTC,No,LF Bus (D),,Active
Kilambakkam Depot,K0527,TN01AN4919,Ashok Leyland,BS-6,MTC,No,LF Bus (D),,Active
Kilambakkam Depot,K0529,TN01AN4844,Ashok Leyland,BS-6,MTC,No,LF Bus (D),,Active
Thiruvanmiyur Depot,K0695,TN01AN4906,Ashok Leyland,BS-6,MTC,No,LF Bus (D),,Active
Thiruvanmiyur Depot,K0693,TN01AN4925,Ashok Leyland,BS-6,MTC,No,LF Bus (D),,Active
Thiruvanmiyur Depot,K0694,TN01AN4854,Ashok Leyland,BS-6,MTC,No,LF Bus (D),,Active
Vadapalani Depot,K0519,TN01AN4914,Ashok Leyland,BS-6,MTC,No,LF Bus (D),,Active
Tambaram Depot,K0681,TN01AN4909,Ashok Leyland,BS-6,MTC,No,LF Bus (D),,Active
Tambaram Depot,K0680,TN01AN4860,Ashok Leyland,BS-6,MTC,No,LF Bus (D),,Active
Tambaram Depot,K0678,TN01AN4873,Ashok Leyland,BS-6,MTC,No,LF Bus (D),,Active
Tambaram Depot,K0677,TN01AN4875,Ashok Leyland,BS-6,MTC,No,LF Bus (D),,Active
Thiruvanmiyur Depot,K0683,TN01AN4882,Ashok Leyland,BS-6,MTC,No,LF Bus (D),,Active
Tambaram Depot,K0685,TN01AN4853,Ashok Leyland,BS-6,MTC,No,LF Bus (D),,Active
Thiruvanmiyur Depot,K0684,TN01AN4863,Ashok Leyland,BS-6,MTC,No,LF Bus (D),,Active
Poonamallee Depot,K0686,TN01AN4926,Ashok Leyland,BS-6,MTC,No,LF Bus (D),,Active
Kilambakkam Depot,K0516,TN01AN4864,Ashok Leyland,BS-6,MTC,No,LF Bus (D),,Active
Tambaram Depot,K0669,TN01AN4921,Ashok Leyland,BS-6,MTC,No,LF Bus (D),,Active
Tambaram Depot,K0670,TN01AN4881,Ashok Leyland,BS-6,MTC,No,LF Bus (D),,Active
Tambaram Depot,K0672,TN01AN4920,Ashok Leyland,BS-6,MTC,No,LF Bus (D),,Active
Mandaveli Depot,J1611,TN01AN3054,Tata,BS-4,MTC,No,Deluxe,24-09-2019,Active
Perambur Depot,K0722,TN01AN4978,Ashok Leyland,BS-6,MTC,No,LF Bus (D),21-10-2013,Active
Tambaram Depot,K0674,TN01AN4912,Ashok Leyland,BS-6,MTC,No,LF Bus (D),15-12-2025,Active
Kilambakkam Depot,K0511,TN01AN4815,Ashok Leyland,BS-6,MTC,No,LF Bus (D),05-04-2011,Active
Kilambakkam Depot,K0510,TN01AN4767,Ashok Leyland,BS-6,MTC,No,LF Bus (D),05-04-2011,Active
Kilambakkam Depot,K0509,TN01AN4818,Ashok Leyland,BS-6,MTC,No,LF Bus (D),05-04-2011,Active
Kilambakkam Depot,K0507,TN01AN4759,Ashok Leyland,BS-6,MTC,No,LF Bus (D),05-04-2011,Active
Saidapet Depot,K0370,TN01AN4644,Ashok Leyland,BS-6,MTC,No,LF Bus (D),19-06-2019,Active
Saidapet Depot,K0373,TN01AN4729,Ashok Leyland,BS-6,MTC,No,LF Bus (D),06-02-2008,Active
Vadapalani Depot,K0664,TN01AN4761,Ashok Leyland,BS-6,MTC,No,LF Bus (D),02-07-2019,Active
Vadapalani Depot,K0663,TN01AN4743,Ashok Leyland,BS-6,MTC,No,LF Bus (D),02-07-2019,Active
Vadapalani Depot,K0658,TN01AN4807,Ashok Leyland,BS-6,MTC,No,LF Bus (D),02-07-2019,Active
Madhavaram Depot,K0506,TN01AN4865,Ashok Leyland,BS-6,MTC,No,LF Bus (D),02-07-2019,Active
Madhavaram Depot,K0503,TN01AN4800,Ashok Leyland,BS-6,MTC,No,LF Bus (D),02-07-2019,Active
Tambaram Depot,K0666,TN01AN4783,Ashok Leyland,BS-6,MTC,No,LF Bus (D),02-07-2019,Active
Tambaram Depot,K0638,TN01AN4737,Ashok Leyland,BS-6,MTC,No,LF Bus (D),02-07-2019,Active
Tambaram Depot,K0635,TN01AN4747,Ashok Leyland,BS-6,MTC,No,LF Bus (D),02-07-2019,Active
Tambaram Depot,K0639,TN01AN4798,Ashok Leyland,BS-6,MTC,No,LF Bus (D),02-07-2019,Active
Tambaram Depot,K0637,TN01AN4732,Ashok Leyland,BS-6,MTC,No,LF Bus (D),02-07-2019,Active
Tambaram Depot,K0636,TN01AN4784,Ashok Leyland,BS-6,MTC,No,LF Bus (D),02-07-2019,Active
Tambaram Depot,K0668,TN01AN4772,Ashok Leyland,BS-6,MTC,No,LF Bus (D),02-07-2019,Active
Tambaram Depot,K0667,TN01AN4735,Ashok Leyland,BS-6,MTC,No,LF Bus (D),02-07-2019,Active
Vadapalani Depot,K0656,TN01AN4762,Ashok Leyland,BS-6,MTC,No,LF Bus (D),02-07-2019,Active
Poonamallee Depot,K0649,TN01AN4824,Ashok Leyland,BS-6,MTC,No,LF Bus (D),02-07-2019,Active
Madhavaram Depot,K0499,TN01AN4897,Ashok Leyland,BS-6,MTC,No,LF Bus (D),02-07-2019,Active
Madhavaram Depot,K0501,TN01AN4866,Ashok Leyland,BS-6,MTC,No,LF Bus (D),02-07-2019,Active
Madhavaram Depot,K0502,TN01AN4901,Ashok Leyland,BS-6,MTC,No,LF Bus (D),02-07-2019,Active
Madhavaram Depot,K0500,TN01AN4929,Ashok Leyland,BS-6,MTC,No,LF Bus (D),02-07-2019,Active
Madhavaram Depot,K0498,TN01AN4924,Ashok Leyland,BS-6,MTC,No,LF Bus (D),02-07-2019,Active
Madhavaram Depot,K0497,TN01AN4843,Ashok Leyland,BS-6,MTC,No,LF Bus (D),02-07-2019,Active
Madhavaram Depot,K0495,TN01AN4915,Ashok Leyland,BS-6,MTC,No,LF Bus (D),02-07-2019,Active
Madhavaram Depot,K0496,TN01AN4908,Ashok Leyland,BS-6,MTC,No,LF Bus (D),02-07-2019,Active
Madhavaram Depot,K0494,TN01AN4927,Ashok Leyland,BS-6,MTC,No,LF Bus (D),02-07-2019,Active
Madhavaram Depot,K0493,TN01AN4858,Ashok Leyland,BS-6,MTC,No,LF Bus (D),02-07-2019,Active
Tambaram Depot,K0633,TN01AN4809,Ashok Leyland,BS-6,MTC,No,LF Bus (D),02-07-2019,Active
Thiruvanmiyur Depot,K0632,TN01AN4736,Ashok Leyland,BS-6,MTC,No,LF Bus (D),02-07-2019,Active
Poonamallee Depot,K0640,TN01AN4744,Ashok Leyland,BS-6,MTC,No,LF Bus (D),02-07-2019,Active
Vadapalani Depot,K0641,TN01AN4816,Ashok Leyland,BS-6,MTC,No,LF Bus (D),02-07-2019,Active
Vadapalani Depot,K0642,TN01AN4792,Ashok Leyland,BS-6,MTC,No,LF Bus (D),06-02-2008,Active
Vadapalani Depot,K0643,TN01AN4790,Ashok Leyland,BS-6,MTC,No,LF Bus (D),06-02-2008,Active
Vadapalani Depot,K0644,TN01AN4801,Ashok Leyland,BS-6,MTC,No,LF Bus (D),06-02-2008,Active
Tambaram Depot,K0630,TN01AN4691,Ashok Leyland,BS-6,MTC,No,LF Bus (D),07-09-2016,Active
Tambaram Depot,K0428,TN01AN4636,Ashok Leyland,BS-6,MTC,No,LF Bus (D),07-09-2016,Active
Tambaram Depot,K0426,TN01AN4689,Ashok Leyland,BS-6,MTC,No,LF Bus (D),07-09-2016,Active
Tambaram Depot,K0427,TN01AN4799,Ashok Leyland,BS-6,MTC,No,LF Bus (D),07-09-2016,Active
Tambaram Depot,K0429,TN01AN4812,Ashok Leyland,BS-6,MTC,No,LF Bus (D),07-09-2016,Active
Tambaram Depot,K0430,TN01AN4817,Ashok Leyland,BS-6,MTC,No,LF Bus (D),07-09-2016,Active
Tambaram Depot,K0442,TN01AN4718,Ashok Leyland,BS-6,MTC,No,LF Bus (D),07-09-2016,Active
Tambaram Depot,K0441,TN01AN4657,Ashok Leyland,BS-6,MTC,No,LF Bus (D),07-09-2016,Active
Tambaram Depot,K0440,TN01AN4683,Ashok Leyland,BS-6,MTC,No,LF Bus (D),07-09-2016,Active
Tambaram Depot,K0438,TN01AN4685,Ashok Leyland,BS-6,MTC,No,LF Bus (D),07-09-2016,Active
Tambaram Depot,K0436,TN01AN4713,Ashok Leyland,BS-6,MTC,No,LF Bus (D),07-09-2016,Active
Thiruvanmiyur Depot,K0413,TN01AN4714,Ashok Leyland,BS-6,MTC,No,LF Bus (D),07-09-2016,Active
Perambur Depot,K0417,TN01AN4681,Ashok Leyland,BS-6,MTC,No,LF Bus (D),07-09-2016,Active
Thiruvanmiyur Depot,K0416,TN01AN4653,Ashok Leyland,BS-6,MTC,No,LF Bus (D),07-09-2016,Active
Saidapet Depot,K0411,TN01AN4696,Ashok Leyland,BS-6,MTC,No,LF Bus (D),19-06-2019,Active
Saidapet Depot,K0408,TN01AN4680,Ashok Leyland,BS-6,MTC,No,LF Bus (D),19-06-2019,Active
Saidapet Depot,K0409,TN01AN4726,Ashok Leyland,BS-6,MTC,No,LF Bus (D),19-06-2019,Active
Perambur Depot,K0406,TN01AN4656,Ashok Leyland,BS-6,MTC,No,LF Bus (D),19-06-2019,Active
Kilambakkam Depot,K0492,TN01AN4704,Ashok Leyland,BS-6,MTC,No,LF Bus (D),19-06-2019,Active
Tambaram Depot,K0174,TN01AN4654,Ashok Leyland,BS-6,MTC,No,LF Bus (D),19-06-2019,Active
Tambaram Depot,K0405,TN01AN4638,Ashok Leyland,BS-6,MTC,No,LF Bus (D),19-06-2019,Active
Saidapet Depot,K0402,TN01AN4705,Ashok Leyland,BS-6,MTC,No,LF Bus (D),19-06-2019,Active
Kilambakkam Depot,K0401,TN01AN4693,Ashok Leyland,BS-6,MTC,No,LF Bus (D),19-06-2019,Active
Saidapet Depot,K0398,TN01AN4637,Ashok Leyland,BS-6,MTC,No,LF Bus (D),19-06-2019,Active
Vadapalani Depot,K0490,TN01AN4639,Ashok Leyland,BS-6,MTC,No,LF Bus (D),19-06-2019,Active
Vadapalani Depot,K0491,TN01AN4698,Ashok Leyland,BS-6,MTC,No,LF Bus (D),19-06-2019,Active
Vadapalani Depot,K0489,TN01AN4649,Ashok Leyland,BS-6,MTC,No,LF Bus (D),19-06-2019,Active
Saidapet Depot,K0371,TN01AN4708,Ashok Leyland,BS-6,MTC,No,LF Bus (D),19-06-2019,Active
Perambur Depot,K0354,TN01AN4575,Ashok Leyland,BS-6,MTC,No,LF Bus (D),19-06-2019,Active
Perambur Depot,K0396,TN01AN4667,Ashok Leyland,BS-6,MTC,No,LF Bus (D),19-06-2019,Active
Saidapet Depot,K0395,TN01AN4673,Ashok Leyland,BS-6,MTC,No,LF Bus (D),19-06-2019,Active
Tambaram Depot,K0393,TN01AN4676,Ashok Leyland,BS-6,MTC,No,LF Bus (D),19-06-2019,Active
Perambur Depot,K0388,TN01AN4710,Ashok Leyland,BS-6,MTC,No,LF Bus (D),19-06-2019,Active
Kilambakkam Depot,K0376,TN01AN4712,Ashok Leyland,BS-6,MTC,No,LF Bus (D),19-06-2019,Active
Saidapet Depot,K0369,TN01AN4687,Ashok Leyland,BS-6,MTC,No,LF Bus (D),06-02-2008,Active
Thiruvanmiyur Depot,K0377,TN01AN4716,Ashok Leyland,BS-6,MTC,No,LF Bus (D),06-02-2008,Active
Kilambakkam Depot,K0488,TN01AN4475,Ashok Leyland,BS-6,MTC,No,LF Bus (D),29-02-2016,Active
Kilambakkam Depot,K0487,TN01AN4505,Ashok Leyland,BS-6,MTC,No,LF Bus (D),29-02-2016,Active
Kilambakkam Depot,K0478,TN01AN4468,Ashok Leyland,BS-6,MTC,No,LF Bus (D),29-02-2016,Active
Kilambakkam Depot,K0477,TN01AN4470,Ashok Leyland,BS-6,MTC,No,LF Bus (D),29-02-2016,Active
Kilambakkam Depot,K0482,TN01AN4459,Ashok Leyland,BS-6,MTC,No,LF Bus (D),29-02-2016,Active
Kilambakkam Depot,K0483,TN01AN4458,Ashok Leyland,BS-6,MTC,No,LF Bus (D),15-12-2025,Active
Kilambakkam Depot,K0485,TN01AN4502,Ashok Leyland,BS-6,MTC,No,LF Bus (D),29-02-2016,Active
Kilambakkam Depot,K0480,TN01AN4497,Ashok Leyland,BS-6,MTC,No,LF Bus (D),29-02-2016,Active
Kilambakkam Depot,K0481,TN01AN4520,Ashok Leyland,BS-6,MTC,No,LF Bus (D),29-02-2016,Active
Kilambakkam Depot,K0479,TN01AN4482,Ashok Leyland,BS-6,MTC,No,LF Bus (D),29-02-2016,Active
Kilambakkam Depot,K0484,TN01AN4511,Ashok Leyland,BS-6,MTC,No,LF Bus (D),29-02-2016,Active
Vadapalani Depot,K0387,TN01AN4559,Ashok Leyland,BS-6,MTC,No,LF Bus (D),29-02-2016,Active
Kilambakkam Depot,K0476,TN01AN4460,Ashok Leyland,BS-6,MTC,No,LF Bus (D),29-02-2016,Active
Kilambakkam Depot,K0475,TN01AN4464,Ashok Leyland,BS-6,MTC,No,LF Bus (D),29-02-2016,Active
Vadapalani Depot,K0345,TN01AN4534,Ashok Leyland,BS-6,MTC,No,LF Bus (D),25-06-2019,Active
Vadapalani Depot,K0346,TN01AN4545,Ashok Leyland,BS-6,MTC,No,LF Bus (D),25-06-2019,Active
Vadapalani Depot,K0347,TN01AN4547,Ashok Leyland,BS-6,MTC,No,LF Bus (D),27-06-2019,Active
Vadapalani Depot,K0348,TN01AN4560,Ashok Leyland,BS-6,MTC,No,LF Bus (D),27-06-2019,Active
Vadapalani Depot,K0350,TN01AN4550,Ashok Leyland,BS-6,MTC,No,LF Bus (D),27-06-2019,Active
Poonamallee Depot,K0355,TN01AN4608,Ashok Leyland,BS-6,MTC,No,LF Bus (D),06-02-2008,Active
Vadapalani Depot,K0356,TN01AN4593,Ashok Leyland,BS-6,MTC,No,LF Bus (D),06-02-2008,Active
Vadapalani Depot,K0357,TN01AN4546,Ashok Leyland,BS-6,MTC,No,LF Bus (D),06-02-2008,Active
Vadapalani Depot,K0358,TN01AN4556,Ashok Leyland,BS-6,MTC,No,LF Bus (D),15-12-2025,Active
Vadapalani Depot,K0223,TN01AN4440,Ashok Leyland,BS-6,MTC,No,LF Bus (D),02-07-2019,Active
Vadapalani Depot,K0227,TN01AN4433,Ashok Leyland,BS-6,MTC,No,LF Bus (D),,Active
Vadapalani Depot,K0230,TN01AN4457,Ashok Leyland,BS-6,MTC,No,LF Bus (D),02-07-2019,Active
Tambaram Depot,K0228,TN01AN4513,Ashok Leyland,BS-6,MTC,No,LF Bus (D),02-07-2019,Active
Tambaram Depot,K0229,TN01AN4465,Ashok Leyland,BS-6,MTC,No,LF Bus (D),02-07-2019,Active
Kilambakkam Depot,K0462,TN01AN4498,Ashok Leyland,BS-6,MTC,No,LF Bus (D),02-07-2019,Active
Kilambakkam Depot,K0461,TN01AN4528,Ashok Leyland,BS-6,MTC,No,LF Bus (D),02-07-2019,Active
Tondiarpet-2 Depot,K0464,TN01AN4471,Ashok Leyland,BS-6,MTC,No,LF Bus (D),02-07-2019,Active
Kilambakkam Depot,K0463,TN01AN4495,Ashok Leyland,BS-6,MTC,No,LF Bus (D),02-07-2019,Active
Tondiarpet-2 Depot,K0460,TN01AN4437,Ashok Leyland,BS-6,MTC,No,LF Bus (D),02-07-2019,Active
Tambaram Depot,K0224,TN01AN4524,Ashok Leyland,BS-6,MTC,No,LF Bus (D),02-07-2019,Active
Vadapalani Depot,K0226,TN01AN4529,Ashok Leyland,BS-6,MTC,No,LF Bus (D),02-07-2019,Active
Vadapalani Depot,K0225,TN01AN4486,Ashok Leyland,BS-6,MTC,No,LF Bus (D),02-07-2019,Active
Vadapalani Depot,K0343,TN01AN4506,Ashok Leyland,BS-6,MTC,No,LF Bus (D),02-07-2019,Active
Vadapalani Depot,K0344,TN01AN4494,Ashok Leyland,BS-6,MTC,No,LF Bus (D),02-07-2019,Active
Kilambakkam Depot,K0465,TN01AN4467,Ashok Leyland,BS-6,MTC,No,LF Bus (D),02-07-2019,Active
Kilambakkam Depot,K0459,TN01AN4449,Ashok Leyland,BS-6,MTC,No,LF Bus (D),02-07-2019,Active
Kilambakkam Depot,K0458,TN01AN4456,Ashok Leyland,BS-6,MTC,No,LF Bus (D),02-07-2019,Active
Kilambakkam Depot,K0457,TN01AN4487,Ashok Leyland,BS-6,MTC,No,LF Bus (D),02-07-2019,Active
Kilambakkam Depot,K0456,TN01AN4474,Ashok Leyland,BS-6,MTC,No,LF Bus (D),02-07-2019,Active
Vadapalani Depot,K0222,TN01AN4507,Ashok Leyland,BS-6,MTC,No,LF Bus (D),02-07-2019,Active
Tambaram Depot,K0218,TN01AN4514,Ashok Leyland,BS-6,MTC,No,LF Bus (D),,Active
Kilambakkam Depot,K0455,TN01AN4446,Ashok Leyland,BS-6,MTC,No,LF Bus (D),,Active
Tondiarpet-2 Depot,K0454,TN01AN4530,Ashok Leyland,BS-6,MTC,No,LF Bus (D),,Active
Kilambakkam Depot,K0453,TN01AN4525,Ashok Leyland,BS-6,MTC,No,LF Bus (D),,Active
Tondiarpet-2 Depot,K0452,TN01AN4441,Ashok Leyland,BS-6,MTC,No,LF Bus (D),,Active
Tondiarpet-2 Depot,K0451,TN01AN4504,Ashok Leyland,BS-6,MTC,No,LF Bus (D),,Active
Kilambakkam Depot,K0450,TN01AN4450,Ashok Leyland,BS-6,MTC,No,LF Bus (D),,Active
Kilambakkam Depot,K0449,TN01AN4452,Ashok Leyland,BS-6,MTC,No,LF Bus (D),,Active
Tondiarpet-2 Depot,K0448,TN01AN4366,Ashok Leyland,BS-6,MTC,No,LF Bus (D),,Active
Tondiarpet-2 Depot,K0447,TN01AN4360,Ashok Leyland,BS-6,MTC,No,LF Bus (D),,Active
Tondiarpet-2 Depot,K0446,TN01AN4351,Ashok Leyland,BS-6,MTC,No,LF Bus (D),,Active
Tondiarpet-2 Depot,K0445,TN01AN4429,Ashok Leyland,BS-6,MTC,No,LF Bus (D),,Active
Tondiarpet-2 Depot,K0444,TN01AN4389,Ashok Leyland,BS-6,MTC,No,LF Bus (D),,Active
Kilambakkam Depot,K0443,TN01AN4434,Ashok Leyland,BS-6,MTC,No,LF Bus (D),,Active
Tambaram Depot,K0210,TN01AN4503,Ashok Leyland,BS-6,MTC,No,LF Bus (D),23-06-2019,Active
Tambaram Depot,K0209,TN01AN4443,Ashok Leyland,BS-6,MTC,No,LF Bus (D),23-06-2019,Active
Tambaram Depot,K0208,TN01AN4493,Ashok Leyland,BS-6,MTC,No,LF Bus (D),23-06-2019,Active
Tambaram Depot,K0207,TN01AN4438,Ashok Leyland,BS-6,MTC,No,LF Bus (D),23-06-2019,Active
Kilambakkam Depot,K0206,TN01AN4447,Ashok Leyland,BS-6,MTC,No,LF Bus (D),23-06-2019,Active
Poonamallee Depot,K0205,TN01AN4408,Ashok Leyland,BS-6,MTC,No,LF Bus (D),23-06-2019,Active
Tambaram Depot,K0204,TN01AN4523,Ashok Leyland,BS-6,MTC,No,LF Bus (D),05-04-2011,Active
Tambaram Depot,K0192,TN01AN4455,Ashok Leyland,BS-6,MTC,No,LF Bus (D),19-06-2019,Active
Tondiarpet-2 Depot,K0190,TN01AN4321,Ashok Leyland,BS-6,MTC,No,LF Bus (D),19-06-2019,Active
Tondiarpet-2 Depot,K0187,TN01AN4270,Ashok Leyland,BS-6,MTC,No,LF Bus (D),19-06-2019,Active
Tondiarpet-2 Depot,K0185,TN01AN4318,Ashok Leyland,BS-6,MTC,No,LF Bus (D),19-06-2019,Active
Tondiarpet-2 Depot,K0184,TN01AN4287,Ashok Leyland,BS-6,MTC,No,LF Bus (D),19-06-2019,Active
Kilambakkam Depot,K0183,TN01AN4500,Ashok Leyland,BS-6,MTC,No,LF Bus (D),19-06-2019,Active
Perambur Depot,K0182,TN01AN4306,Ashok Leyland,BS-6,MTC,No,LF Bus (D),19-06-2019,Active
Perambur Depot,K0181,TN01AN4266,Ashok Leyland,BS-6,MTC,No,LF Bus (D),19-06-2019,Active
Perambur Depot,K0180,TN01AN4326,Ashok Leyland,BS-6,MTC,No,LF Bus (D),19-06-2019,Active
Perambur Depot,K0179,TN01AN4316,Ashok Leyland,BS-6,MTC,No,LF Bus (D),19-06-2019,Active
Saidapet Depot,K0177,TN01AN4155,Ashok Leyland,BS-6,MTC,No,LF Bus (D),19-06-2019,Active
Tambaram Depot,K0166,TN01AN4201,Ashok Leyland,BS-6,MTC,No,LF Bus (D),19-06-2019,Active
Tambaram Depot,K0175,TN01AN4146,Ashok Leyland,BS-6,MTC,No,LF Bus (D),19-06-2019,Active
Kilambakkam Depot,K0158,TN01AN4451,Ashok Leyland,BS-6,MTC,No,LF Bus (D),19-06-2019,Active
Tambaram Depot,K0176,TN01AN4171,Ashok Leyland,BS-6,MTC,No,LF Bus (D),19-06-2019,Active
Saidapet Depot,K0171,TN01AN4182,Ashok Leyland,BS-6,MTC,No,LF Bus (D),19-06-2019,Active
Tambaram Depot,K0170,TN01AN4134,Ashok Leyland,BS-6,MTC,No,LF Bus (D),19-06-2019,Active
Tambaram Depot,K0168,TN01AN4223,Ashok Leyland,BS-6,MTC,No,LF Bus (D),19-06-2019,Active
Poonamallee Depot,K0161,TN01AN4196,Ashok Leyland,BS-6,MTC,No,LF Bus (D),19-06-2019,Active
Tambaram Depot,K0155,TN01AN4198,Ashok Leyland,BS-6,MTC,No,LF Bus (D),19-06-2019,Active
Tambaram Depot,K0154,TN01AN4156,Ashok Leyland,BS-6,MTC,No,LF Bus (D),19-06-2019,Active
Tambaram Depot,K0153,TN01AN4131,Ashok Leyland,BS-6,MTC,No,LF Bus (D),19-06-2019,Active
Poonamallee Depot,K0149,TN01AN4161,Ashok Leyland,BS-6,MTC,No,LF Bus (D),19-06-2019,Active
Kilambakkam Depot,K0147,TN01AN4187,Ashok Leyland,BS-6,MTC,No,LF Bus (D),19-06-2019,Active
Tambaram Depot,K0145,TN01AN4218,Ashok Leyland,BS-6,MTC,No,LF Bus (D),,Active
Saidapet Depot,K0133,TN01AN4160,Ashok Leyland,BS-6,MTC,No,LF Bus (D),,Active
Tambaram Depot,K0132,TN01AN4192,Ashok Leyland,BS-6,MTC,No,LF Bus (D),,Active
Mandaveli Depot,AMNEXTEST1,TN02AN0001,Tata,BS-4,MTC,No,Ordinary,05-11-2025,Inactive
Kannagi Nagar Depot,J0832,TN01AN1645,Ashok Leyland,BS-4,MTC,No,Ordinary,07-09-2016,Active
Z Dummy Depot,ZZ01AN1212,ZZ01AN1212,Tata,BS-4,MTC - Dummy,No,AC,17-02-2026,Inactive
Z Dummy Depot,I0963,TN01N5251,Ashok Leyland,BS-3,MTC,No,Ordinary,27-12-2007,Inactive
Z Dummy Depot,I0931,TN01N5289,Ashok Leyland,BS-3,MTC,No,Ordinary,28-12-2007,Inactive
Z Dummy Depot,I2941,TN01N8898,Ashok Leyland,BS-3,MTC,No,Ordinary,09-03-2010,Inactive
Z Dummy Depot,I2708,TN01N9160,Ashok Leyland,BS-3,MTC,No,Ordinary,22-03-2010,Inactive
Z Dummy Depot,I2571,TN01N8635,Ashok Leyland,BS-3,MTC,No,Ordinary,05-01-2010,Inactive
Z Dummy Depot,I2557,TN01N8583,Ashok Leyland,BS-3,MTC,No,Ordinary,08-12-2009,Inactive
Z Dummy Depot,I2548,TN01N8555,Ashok Leyland,BS-3,MTC,No,Ordinary,03-12-2009,Inactive
Z Dummy Depot,I2546,TN01N8529,Ashok Leyland,BS-3,MTC,No,Ordinary,03-12-2009,Inactive
Z Dummy Depot,I2443,TN01N8566,Ashok Leyland,BS-3,MTC,No,Ordinary,04-12-2009,Inactive
Z Dummy Depot,I2434,TN01N8482,Ashok Leyland,BS-3,MTC,No,Ordinary,13-11-2009,Inactive
Z Dummy Depot,I2400,TN01N8598,Ashok Leyland,BS-3,MTC,No,Ordinary,08-12-2009,Inactive
Z Dummy Depot,I1924,TN01N7558,Ashok Leyland,BS-3,MTC,No,Ordinary,17-09-2008,Inactive
Z Dummy Depot,I2766,TN01N8946,Ashok Leyland,BS-3,MTC,No,Deluxe,12-03-2010,Inactive
Z Dummy Depot,I2773,TN01N8988,Ashok Leyland,BS-3,MTC,No,Deluxe,12-03-2010,Inactive
Z Dummy Depot,I0762,TN01N4929,Ashok Leyland,BS-3,MTC,No,Ordinary,03-10-2007,Inactive
Z Dummy Depot,I1003,TN01N5329,Ashok Leyland,BS-3,MTC,No,Ordinary,28-12-2007,Inactive
Z Dummy Depot,I1385,TN01N5663,Ashok Leyland,BS-3,MTC,No,Ordinary,11-01-2008,Inactive
Z Dummy Depot,I1409,TN01N5699,Ashok Leyland,BS-3,MTC,No,Ordinary,11-01-2008,Inactive
Z Dummy Depot,I1912,TN01N7495,Ashok Leyland,BS-3,MTC,No,Ordinary,09-09-2008,Inactive
Iyyapanthangal Depot,K1302,TN01AN6023,Ashok Leyland,BS-6,MTC,No,Ordinary,16-01-2026,Active
Anna Nagar Depot,J0811,TN01AN1570,Ashok Leyland,BS-4,MTC,No,Ordinary,16-05-2016,Active
Anna Nagar Depot,J0887,TN01AN1648,Ashok Leyland,BS-4,MTC,No,Ordinary,07-09-2016,Active
Chrompet -II Depot,J0769,TN01AN1492,Ashok Leyland,BS-4,MTC,No,Ordinary,14-04-2016,Active
Padiyanallur Depot,J0216,TN01AN0563,Ashok Leyland,BS-4,MTC,No,Ordinary,21-11-2012,Active
Poonamallee Depot,J0541,TN01AN1296,Tata,BS-4,MTC,No,Ordinary,05-02-2016,Active
Tambaram Depot,J2105,TN01AN3966,Ashok Leyland,BS-4,MTC,No,Deluxe,22-03-2020,Active
Vysarpadi Depot EV,ZVY019,TN01SA6234,Ashok Leyland,BS-4,MTC - Dummy,No,Ordinary,,Active
Chrompet -I Depot,J1109,TN01AN2275,Ashok Leyland,BS-4,MTC,No,Deluxe,09-05-2019,Active
Tondiarpet-1 Depot EV,ZZ891,ZZ01TD0011,Ashok Leyland,BS-6,MTC - Dummy,No,Deluxe,,Active
Tondiarpet-1 Depot EV,ZZ892,ZZ01TD0012,Ashok Leyland,BS-6,MTC - Dummy,No,Deluxe,,Active
Tondiarpet-1 Depot EV,ZZ900,ZZ01TD0020,Ashok Leyland,BS-6,MTC - Dummy,No,Deluxe,,Active
Tondiarpet-1 Depot EV,ZZ899,ZZ01TD0019,Ashok Leyland,BS-6,MTC - Dummy,No,Deluxe,,Active
Tondiarpet-1 Depot EV,ZZ893,ZZ01TD0013,Ashok Leyland,BS-6,MTC - Dummy,No,Deluxe,,Active
Tondiarpet-1 Depot EV,ZZ894,ZZ01TD0014,Ashok Leyland,BS-6,MTC - Dummy,No,Deluxe,,Active
Tondiarpet-1 Depot EV,ZZ886,ZZ01TD0006,Ashok Leyland,BS-6,MTC - Dummy,No,Deluxe,,Active
Tondiarpet-1 Depot EV,ZZ887,ZZ01TD0007,Ashok Leyland,BS-6,MTC - Dummy,No,Deluxe,,Active
Tondiarpet-1 Depot EV,ZZ888,ZZ01TD0008,Ashok Leyland,BS-6,MTC - Dummy,No,Deluxe,,Active
Tondiarpet-1 Depot EV,ZZ889,ZZ01TD0009,Ashok Leyland,BS-6,MTC - Dummy,No,Deluxe,,Active
Tondiarpet-1 Depot EV,ZZ885,ZZ01TD0005,Ashok Leyland,BS-6,MTC - Dummy,No,Deluxe,,Active
Tondiarpet-1 Depot EV,ZZ890,ZZ01TD0010,Ashok Leyland,BS-6,MTC - Dummy,No,Deluxe,,Active
Tondiarpet-1 Depot EV,ZZ881,ZZ01TD0001,Ashok Leyland,BS-6,MTC - Dummy,No,Deluxe,,Active
Tondiarpet-1 Depot EV,ZZ895,ZZ01TD0015,Ashok Leyland,BS-6,MTC - Dummy,No,Deluxe,24-02-2026,Active
Tondiarpet-1 Depot EV,ZZ896,ZZ01TD0016,Ashok Leyland,BS-6,MTC - Dummy,No,Deluxe,24-02-2026,Active
Tondiarpet-1 Depot EV,ZZ898,ZZ01TD0018,Ashok Leyland,BS-6,MTC - Dummy,No,Deluxe,24-02-2026,Active
Adambakkam Depot,J0498,TN01AN1185,Tata,BS-4,MTC,No,Ordinary,09-10-2015,Active
Adambakkam Depot,J0497,TN01AN1188,Tata,BS-4,MTC,No,Ordinary,09-10-2015,Active
Adambakkam Depot,J0496,TN01AN1189,Tata,BS-4,MTC,No,Ordinary,09-10-2015,Active
Avadi Depot,J1981,TN01AN4016,Ashok Leyland,BS-4,MTC,No,Deluxe,22-03-2020,Active
Perambur Depot,J0033,TN01N9834,Ashok Leyland,BS-4,MTC,No,Ordinary,19-10-2011,Inactive
Ayanavaram Depot,J0050,TN01N9859,Ashok Leyland,BS-4,MTC,No,Ordinary,22-11-2011,Inactive
Ayanavaram Depot,J0038,TN01N9848,Ashok Leyland,BS-4,MTC,No,Ordinary,08-11-2011,Inactive
Ayanavaram Depot,J0002,TN01N9750,Ashok Leyland,BS-4,MTC,No,Express,23-08-2011,Inactive
Tambaram Depot,J0006,TN01N9749,Ashok Leyland,BS-4,MTC,No,Express,23-08-2011,Inactive
Vadapalani Depot,J0081,TN01N9959,Ashok Leyland,BS-4,MTC,No,Express,29-03-2012,Inactive
Adambakkam Depot,J0069,TN01N9942,Ashok Leyland,BS-4,MTC,No,Express,29-03-2012,Inactive
Adambakkam Depot,J0045,TN01N9856,Ashok Leyland,BS-4,MTC,No,Express,21-11-2011,Inactive
Z Dummy Depot,I3371,TN01N9715,Ashok Leyland,BS-4,MTC,No,Ordinary,08-08-2011,Inactive
Z Dummy Depot,I3389,TN01N9722,Ashok Leyland,BS-4,MTC,No,Ordinary,08-08-2011,Inactive
Z Dummy Depot,I3369,TN01N9685,Ashok Leyland,BS-4,MTC,No,Ordinary,14-06-2011,Inactive
Z Dummy Depot,I3384,TN01N9690,Ashok Leyland,BS-4,MTC,No,Ordinary,08-08-2011,Inactive
Z Dummy Depot,I3372,TN01N9697,Ashok Leyland,BS-4,MTC,No,Ordinary,08-08-2011,Inactive
Z Dummy Depot,I3370,TN01N9720,Ashok Leyland,BS-4,MTC,No,Ordinary,08-08-2011,Inactive
Z Dummy Depot,J0041,TN01N9851,Ashok Leyland,BS-4,MTC,No,Ordinary,09-11-2011,Inactive
Z Dummy Depot,I3319,TN01N9628,Ashok Leyland,BS-4,MTC,No,Ordinary,05-04-2011,Inactive
Z Dummy Depot,I3339,TN01N9648,Ashok Leyland,BS-4,MTC,No,Ordinary,03-05-2011,Inactive
Z Dummy Depot,J0035,TN01N9833,Ashok Leyland,BS-4,MTC,No,Ordinary,19-10-2011,Inactive
Z Dummy Depot,I3340,TN01N9651,Ashok Leyland,BS-4,MTC,No,Ordinary,06-05-2011,Inactive
Z Dummy Depot,I3355,TN01N9671,Ashok Leyland,BS-4,MTC,No,Ordinary,31-05-2011,Inactive
Z Dummy Depot,J0063,TN01N9963,Ashok Leyland,BS-4,MTC,No,Ordinary,29-03-2012,Inactive
Z Dummy Depot,I3356,TN01N9673,Ashok Leyland,BS-4,MTC,No,Ordinary,31-05-2011,Inactive
Z Dummy Depot,I3373,TN01N9709,Ashok Leyland,BS-4,MTC,No,Ordinary,08-08-2011,Inactive
Z Dummy Depot,I3367,TN01N9681,Ashok Leyland,BS-4,MTC,No,Ordinary,14-06-2011,Inactive
Z Dummy Depot,I3387,TN01N9702,Ashok Leyland,BS-4,MTC,No,Ordinary,08-08-2011,Inactive
Z Dummy Depot,I3381,TN01N9698,Ashok Leyland,BS-4,MTC,No,Ordinary,08-08-2011,Inactive
Z Dummy Depot,I3393,TN01N9693,Ashok Leyland,BS-4,MTC,No,Ordinary,08-08-2011,Inactive
Z Dummy Depot,I3351,TN01N9669,Ashok Leyland,BS-4,MTC,No,Ordinary,31-05-2011,Inactive
Z Dummy Depot,I3394,TN01N9714,Ashok Leyland,BS-4,MTC,No,Ordinary,08-08-2011,Inactive
Z Dummy Depot,I3397,TN01N9735,Ashok Leyland,BS-4,MTC,No,Ordinary,22-08-2011,Inactive
Z Dummy Depot,I3392,TN01N9716,Ashok Leyland,BS-4,MTC,No,Ordinary,08-08-2011,Inactive
Z Dummy Depot,I3343,TN01N9653,Ashok Leyland,BS-4,MTC,No,Ordinary,09-05-2011,Inactive
Z Dummy Depot,I3353,TN01N9663,Ashok Leyland,BS-4,MTC,No,Ordinary,31-05-2011,Inactive
Z Dummy Depot,I3347,TN01N9659,Ashok Leyland,BS-4,MTC,No,Ordinary,20-05-2011,Inactive
Z Dummy Depot,I3348,TN01N9660,Ashok Leyland,BS-4,MTC,No,Ordinary,20-05-2011,Inactive
Z Dummy Depot,I3380,TN01N9704,Ashok Leyland,BS-4,MTC,No,Ordinary,08-08-2011,Inactive
Z Dummy Depot,I3359,TN01N9668,Ashok Leyland,BS-4,MTC,No,Ordinary,31-05-2011,Inactive
Z Dummy Depot,I3379,TN01N9711,Ashok Leyland,BS-4,MTC,No,Ordinary,08-08-2011,Inactive
Z Dummy Depot,I3365,TN01N9679,Ashok Leyland,BS-4,MTC,No,Ordinary,02-06-2011,Inactive
Z Dummy Depot,I3352,TN01N9667,Ashok Leyland,BS-4,MTC,No,Ordinary,31-05-2011,Inactive
Z Dummy Depot,I3337,TN01N9649,Ashok Leyland,BS-4,MTC,No,Ordinary,03-05-2011,Inactive
Z Dummy Depot,I3345,TN01N9657,Ashok Leyland,BS-4,MTC,No,Ordinary,12-05-2011,Inactive
Z Dummy Depot,I3400,TN01N9741,Ashok Leyland,BS-4,MTC,No,Ordinary,22-08-2011,Inactive
Z Dummy Depot,I3323,TN01N9627,Ashok Leyland,BS-4,MTC,No,Ordinary,05-04-2011,Inactive
Z Dummy Depot,I3378,TN01N9724,Ashok Leyland,BS-4,MTC,No,Ordinary,08-08-2011,Inactive
Z Dummy Depot,I3383,TN01N9700,Ashok Leyland,BS-4,MTC,No,Ordinary,08-08-2011,Inactive
Z Dummy Depot,I3385,TN01N9708,Ashok Leyland,BS-4,MTC,No,Ordinary,08-08-2011,Inactive
Z Dummy Depot,I1299,TN01N5392,Ashok Leyland,BS-3,MTC - Dummy,No,Ordinary,31-12-2007,Inactive
Z Dummy Depot,I1613,TN01N5969,Ashok Leyland,BS-3,MTC,No,Ordinary,30-07-2008,Inactive
Z Dummy Depot,I3334,TN01N9642,Ashok Leyland,BS-4,MTC,No,Ordinary,02-05-2011,Inactive
Z Dummy Depot,I3360,TN01N9678,Ashok Leyland,BS-4,MTC,No,Ordinary,01-06-2011,Inactive
Z Dummy Depot,I3375,TN01N9718,Ashok Leyland,BS-4,MTC,No,Ordinary,08-08-2011,Inactive
Z Dummy Depot,I3377,TN01N9695,Ashok Leyland,BS-4,MTC,No,Ordinary,08-08-2011,Inactive
Z Dummy Depot,I3382,TN01N9723,Ashok Leyland,BS-4,MTC,No,Ordinary,08-08-2011,Inactive
Z Dummy Depot,I3395,TN01N9738,Ashok Leyland,BS-4,MTC,No,Ordinary,22-08-2011,Inactive
Z Dummy Depot,I3396,TN01N9742,Ashok Leyland,BS-4,MTC,No,Ordinary,22-08-2011,Inactive
Z Dummy Depot,J0093,TN01AN0192,Ashok Leyland,BS-4,MTC,No,Ordinary,17-06-2012,Inactive
Z Dummy Depot,I2966,TN01N9396,Ashok Leyland,BS-3,MTC - Dummy,No,Ordinary,04-04-2010,Inactive
Z Dummy Depot,I1354,TN01N5613,Ashok Leyland,BS-3,MTC - Dummy,No,Ordinary,03-01-2008,Inactive
Z Dummy Depot,I1312,TN01N5482,Ashok Leyland,BS-3,MTC - Dummy,No,Ordinary,31-12-2007,Inactive
Z Dummy Depot,I1177,TN01N5541,Ashok Leyland,BS-3,MTC - Dummy,No,Ordinary,02-01-2008,Inactive
Z Dummy Depot,I1178,TN01N5545,Ashok Leyland,BS-3,MTC - Dummy,No,Ordinary,02-01-2008,Inactive
Z Dummy Depot,I1173,TN01N5373,Ashok Leyland,BS-3,MTC - Dummy,No,Ordinary,31-12-2007,Inactive
Z Dummy Depot,I1040,TN01N5494,Ashok Leyland,BS-3,MTC - Dummy,No,Ordinary,31-12-2007,Inactive
Adambakkam Depot,J1695,TN01AN3376,Tata,BS-4,MTC,No,Deluxe,09-12-2019,Active
Adambakkam Depot,J1708,TN01AN3246,Tata,BS-4,MTC,No,Deluxe,01-12-2019,Active
Anna Nagar Depot,K0004,TN01AN3976,Ashok Leyland,BS-6,MTC,No,Ordinary,,Active
Chrompet -II Depot,J0712,TN01AN1497,Tata,BS-4,MTC,No,Ordinary,17-04-2016,Active
Adambakkam Depot,J0380,TN01AN0883,Tata,BS-4,MTC,No,Ordinary,16-06-2014,Active
Adambakkam Depot,J0379,TN01AN0824,Tata,BS-4,MTC,No,Ordinary,16-06-2014,Active
Tondiarpet-2 Depot,K1272,TN01AN5881,Ashok Leyland,BS-6,MTC,No,Ordinary,19-12-2025,Active
Vadapalani Depot,J0808,TN01AN1542,Ashok Leyland,BS-4,MTC,No,Ordinary,16-05-2016,Active
Vadapalani Depot,J0804,TN01AN1558,Ashok Leyland,BS-4,MTC,No,Ordinary,16-05-2016,Active
Ennore Depot,J0237,TN01AN0625,Ashok Leyland,BS-4,MTC,No,Ordinary,14-06-2013,Active
Ennore Depot,J0238,TN01AN0632,Ashok Leyland,BS-4,MTC,No,Ordinary,14-06-2013,Active
Adambakkam Depot,J0485,TN01AN1161,Tata,BS-4,MTC,No,Ordinary,09-10-2015,Active
Adambakkam Depot,J0489,TN01AN1197,Tata,BS-4,MTC,No,Ordinary,09-10-2015,Active
Adambakkam Depot,J0493,TN01AN1158,Tata,BS-4,MTC,No,Ordinary,09-10-2015,Active
Adambakkam Depot,J0501,TN01AN1298,Tata,BS-4,MTC,No,Ordinary,05-02-2016,Active
Adambakkam Depot,J1705,TN01AN3252,Tata,BS-4,MTC,No,Deluxe,01-12-2019,Active
Adambakkam Depot,J1706,TN01AN3281,Tata,BS-4,MTC,No,Deluxe,01-12-2019,Active
Adambakkam Depot,J1707,TN01AN3267,Tata,BS-4,MTC,No,Deluxe,01-12-2019,Active
Perambur Depot,J1788,TN01AN3598,Ashok Leyland,BS-4,MTC,No,Deluxe,09-02-2020,Active
Perambur Depot,J1784,TN01AN3623,Ashok Leyland,BS-4,MTC,No,Deluxe,09-02-2020,Active
Ayanavaram Depot,J0389,TN01AN0867,Ashok Leyland,BS-4,MTC,No,Ordinary,16-06-2014,Active
Ayanavaram Depot,J0227,TN01AN0559,Ashok Leyland,BS-4,MTC,No,Ordinary,21-11-2012,Active
Ayanavaram Depot,J1348,TN01AN2632,Ashok Leyland,BS-4,MTC,No,Deluxe,25-06-2019,Active
Ayanavaram Depot,J0838,TN01AN1632,Ashok Leyland,BS-4,MTC,No,Ordinary,07-09-2016,Active
Iyyapanthangal Depot,K0015,TN01AN4045,Ashok Leyland,BS-6,MTC,No,Ordinary,18-02-2014,Active
Semmenchery Depot,K1264,TN01AN5845,Ashok Leyland,BS-6,MTC,No,Ordinary,02-01-2026,Active
Kannagi Nagar Depot,J1460,TN01AN2684,Ashok Leyland,BS-4,MTC,No,Deluxe,27-06-2019,Active
T.Nagar Depot,J0575,TN01AN1452,Tata,BS-4,MTC,No,Ordinary,31-03-2016,Active
Ayanavaram Depot,J1455,TN01AN2637,Ashok Leyland,BS-4,MTC,No,Deluxe,27-06-2019,Active
Semmenchery Depot,ZZ840,ZZ01KA0020,Ashok Leyland,BS-6,MTC - Dummy,No,Ordinary,23-10-2025,Active
Semmenchery Depot,ZZ999,ZZ01KA0021,Ashok Leyland,BS-6,MTC - Dummy,No,Ordinary,23-10-2025,Active
Anna Nagar East Depot,J1404,TN01AN2865,Ashok Leyland,BS-4,MTC,No,Deluxe,18-07-2019,Active
Anna Nagar East Depot,J1983,TN01AN3852,Ashok Leyland,BS-4,MTC,No,Deluxe,22-03-2020,Active
Anna Nagar East Depot,J0223,TN01AN0560,Ashok Leyland,BS-4,MTC,No,Ordinary,21-11-2012,Active
Poonamallee Depot,J0581,TN01AN1438,Tata,BS-4,MTC,No,Ordinary,31-03-2016,Active
Poonamallee Depot,J0573,TN01AN1442,Tata,BS-4,MTC,No,Ordinary,31-03-2016,Active
Poonamallee Depot,J0591,TN01AN1474,Tata,BS-4,MTC,No,Ordinary,12-04-2016,Active
Poonamallee Depot,J0593,TN01AN1480,Tata,BS-4,MTC,No,Ordinary,12-04-2016,Active
Poonamallee Depot,J0746,TN01AN1713,Tata,BS-4,MTC,No,Ordinary,20-09-2016,Active
Poonamallee Depot,J0592,TN01AN1478,Tata,BS-4,MTC,No,Ordinary,12-04-2016,Active
T.Nagar Depot,J0488,TN01AN1141,Tata,BS-4,MTC,No,Ordinary,09-10-2015,Active
T.Nagar Depot,J0576,TN01AN1443,Tata,BS-4,MTC,No,Ordinary,31-03-2016,Active
T.Nagar Depot,Z0004,ZZ01TN0004,Ashok Leyland,BS-6,MTC - Dummy,No,Ordinary,,Active
T.Nagar Depot,Z0006,ZZ01TN0006,Ashok Leyland,BS-6,MTC - Dummy,No,Ordinary,,Active
T.Nagar Depot,J0540,TN01AN1284,Tata,BS-4,MTC,No,Ordinary,05-02-2016,Active
Central Depot EV,Z0257,TN01AN0355,Ashok Leyland,BS-4,MTC - Dummy,No,Deluxe,,Inactive
Central Depot EV,Z0258,TN01AN0356,Ashok Leyland,BS-4,MTC - Dummy,No,Deluxe,,Inactive
Central Depot EV,Z0259,TN01AN0357,Ashok Leyland,BS-4,MTC - Dummy,No,Deluxe,,Inactive
Central Depot EV,Z0264,TN01AN0362,Ashok Leyland,BS-4,MTC - Dummy,No,Ordinary,,Inactive
Central Depot EV,Z0265,TN01AN0363,Ashok Leyland,BS-4,MTC - Dummy,No,Ordinary,,Inactive
Central Depot EV,ZZ830,ZZ01KA0010,Ashok Leyland,BS-6,MTC - Dummy,No,Deluxe,,Inactive
Central Depot EV,Z0254,TN01AN0352,Ashok Leyland,BS-4,MTC - Dummy,No,Deluxe,,Inactive
Central Depot EV,Z0255,TN01AN0353,Ashok Leyland,BS-4,MTC - Dummy,No,Deluxe,,Inactive
Anna Nagar Depot,K0977,TN01AN5283,Ashok Leyland,BS-6,MTC,No,Ordinary,,Active
Tondiarpet-2 Depot,J0660,TN01AN1321,Tata,BS-4,MTC,No,Small Bus(Express),07-02-2016,Active
Iyyapanthangal Depot,J0853,TN01AN1789,Ashok Leyland,BS-4,MTC,No,Ordinary,18-07-2016,Active
Poonamallee Depot,J1698,TN01AN3404,Tata,BS-4,MTC,No,Deluxe,09-12-2019,Active
K.K. Nagar Depot,J0757,TN01AN1716,Tata,BS-4,MTC,No,Ordinary,04-10-2016,Active
Madhavaram Depot,J0334,TN01AN0759,Tata,BS-4,MTC,No,Small Bus (Ordinary),18-02-2014,Inactive
Basin Bridge Depot,K1032,TN01AN5487,Ashok Leyland,BS-6,MTC,No,Ordinary,,Active
Basin Bridge Depot,K0992,TN01AN5479,Ashok Leyland,BS-6,MTC,No,Ordinary,,Active
Basin Bridge Depot,K0935,TN01AN5364,Ashok Leyland,BS-6,MTC,No,Ordinary,,Active
Basin Bridge Depot,K0934,TN01AN5365,Ashok Leyland,BS-6,MTC,No,Ordinary,,Active
Basin Bridge Depot,K0871,TN01AN5332,Ashok Leyland,BS-6,MTC,No,Ordinary,,Active
Basin Bridge Depot,K1053,TN01AN5456,Ashok Leyland,BS-6,MTC,No,Ordinary,,Active
Basin Bridge Depot,J0247,TN01AN0616,Ashok Leyland,BS-4,MTC,No,Ordinary,14-06-2013,Active
Basin Bridge Depot,J0246,TN01AN0615,Ashok Leyland,BS-4,MTC,No,Ordinary,14-06-2013,Active
Kannagi Nagar Depot,J1815,TN01AN3540,Ashok Leyland,BS-4,MTC,No,Deluxe,17-02-2020,Active
Adambakkam Depot,J0425,TN01AN0892,Tata,BS-4,MTC,No,Ordinary,16-06-2014,Active
Tondiarpet-2 Depot,K1221,TN01AN5721,Ashok Leyland,BS-6,MTC,No,Ordinary,21-11-2025,Active
Poonamallee Depot,J0735,TN01AN1615,Tata,BS-4,MTC,No,Ordinary,07-09-2016,Active
Tondiarpet-2 Depot,K1003,TN01AN5602,Ashok Leyland,BS-6,MTC,No,Ordinary,,Active
Anna Nagar Depot,K1270,TN01AN5848,Ashok Leyland,BS-6,MTC,No,Ordinary,19-12-2025,Active
Adambakkam Depot,J0528,TN01AN1204,Tata,BS-4,MTC,No,Ordinary,05-02-2016,Active
Tondiarpet-2 Depot,K1001,TN01AN5599,Ashok Leyland,BS-6,MTC,No,Ordinary,,Active
Tondiarpet-2 Depot,K0999,TN01AN5549,Ashok Leyland,BS-6,MTC,No,Ordinary,,Active
Padiyanallur Depot,K0963,TN01AN5305,Ashok Leyland,BS-6,MTC,No,Ordinary,,Active
Mandaveli Depot,K1316,TN01AN6003,Ashok Leyland,BS-6,MTC,No,Ordinary,14-01-2026,Active
Mandaveli Depot,J0506,TN01AN1217,Tata,BS-4,MTC,No,Ordinary,05-02-2016,Active
Mandaveli Depot,J0731,TN01AN1680,Tata,BS-4,MTC,No,Ordinary,07-09-2016,Active
Mandaveli Depot,J0491,TN01AN1183,Tata,BS-4,MTC,No,Ordinary,09-10-2015,Active
Mandaveli Depot,J0490,TN01AN1191,Tata,BS-4,MTC,No,Ordinary,09-10-2015,Active
Mandaveli Depot,J0436,TN01AN0826,Tata,BS-4,MTC,No,Ordinary,16-06-2014,Active
Mandaveli Depot,J0429,TN01AN0873,Tata,BS-4,MTC,No,Ordinary,16-06-2014,Active
Mandaveli Depot,J0750,TN01AN1697,Tata,BS-4,MTC,No,Ordinary,20-09-2016,Active
Vadapalani Depot,J0090,TN01N9972,Ashok Leyland,BS-4,MTC,No,Express,30-03-2012,Inactive
Z Dummy Depot,I0934,TN01N5104,Ashok Leyland,BS-3,MTC,No,Ordinary,26-12-2007,Inactive
Z Dummy Depot,I2945,TN01N8928,Ashok Leyland,BS-3,MTC,No,Ordinary,11-03-2010,Inactive
Z Dummy Depot,I2937,TN01N8875,Ashok Leyland,BS-3,MTC,No,Ordinary,05-03-2010,Inactive
Z Dummy Depot,I1325,TN01N5536,Ashok Leyland,BS-3,MTC,No,Ordinary,02-01-2008,Inactive
Z Dummy Depot,I1053,TN01N5083,Ashok Leyland,BS-3,MTC,No,Ordinary,26-12-2007,Inactive
Z Dummy Depot,I1413,TN01N5718,Ashok Leyland,BS-3,MTC,No,Ordinary,21-01-2008,Inactive
Z Dummy Depot,I0909,TN01N5055,Ashok Leyland,BS-3,MTC,No,Ordinary,01-11-2007,Inactive
Z Dummy Depot,I0915,TN01N5178,Ashok Leyland,BS-3,MTC,No,Ordinary,26-12-2007,Inactive
Z Dummy Depot,I1104,TN01N5427,Ashok Leyland,BS-3,MTC,No,Ordinary,31-12-2007,Inactive
Z Dummy Depot,I1614,TN01N5989,Ashok Leyland,BS-3,MTC,No,Ordinary,31-07-2008,Inactive
Z Dummy Depot,I1604,TN01N5962,Ashok Leyland,BS-3,MTC,No,Ordinary,30-07-2008,Inactive
Z Dummy Depot,I1328,TN01N5535,Ashok Leyland,BS-3,MTC,No,Ordinary,02-01-2008,Inactive
Z Dummy Depot,I1349,TN01N5816,Ashok Leyland,BS-3,MTC,No,Ordinary,20-02-2008,Inactive
Z Dummy Depot,I1373,TN01N5636,Ashok Leyland,BS-3,MTC,No,Ordinary,03-01-2008,Inactive
Z Dummy Depot,I0997,TN01N5244,Ashok Leyland,BS-3,MTC,No,Ordinary,27-12-2007,Inactive
Z Dummy Depot,I2947,TN01N9093,Ashok Leyland,BS-3,MTC,No,Ordinary,17-03-2010,Inactive
Z Dummy Depot,I1432,TN01N5710,Ashok Leyland,BS-3,MTC,No,Ordinary,21-01-2008,Inactive
Z Dummy Depot,I2910,TN01N8734,Ashok Leyland,BS-3,MTC,No,Ordinary,11-02-2010,Inactive
Z Dummy Depot,I1292,TN01N5407,Ashok Leyland,BS-3,MTC,No,Ordinary,31-12-2007,Inactive
Z Dummy Depot,I0795,TN01N5013,Ashok Leyland,BS-3,MTC,No,Ordinary,19-10-2007,Inactive
Z Dummy Depot,I2944,TN01N8906,Ashok Leyland,BS-3,MTC,No,Ordinary,11-03-2010,Inactive
Z Dummy Depot,I1126,TN01N5356,Ashok Leyland,BS-3,MTC,No,Ordinary,28-12-2007,Inactive
Z Dummy Depot,I1114,TN01N5368,Ashok Leyland,BS-3,MTC,No,Ordinary,31-12-2007,Inactive
Z Dummy Depot,I0730,TN01N4735,Ashok Leyland,BS-3,MTC,No,Ordinary,03-09-2007,Inactive
Z Dummy Depot,I1285,TN01N5506,Ashok Leyland,BS-3,MTC,No,Ordinary,31-12-2007,Inactive
Z Dummy Depot,I1456,TN01N5770,Ashok Leyland,BS-3,MTC,No,Ordinary,04-02-2008,Inactive
Z Dummy Depot,I0773,TN01N4989,Ashok Leyland,BS-3,MTC,No,Ordinary,12-10-2007,Inactive
Z Dummy Depot,I0747,TN01N4880,Ashok Leyland,BS-3,MTC,No,Ordinary,17-09-2007,Inactive
Z Dummy Depot,I0943,TN01N5357,Ashok Leyland,BS-3,MTC,No,Ordinary,28-12-2007,Inactive
Z Dummy Depot,I0709,TN01N4674,Ashok Leyland,BS-3,MTC,No,Ordinary,17-08-2007,Inactive
Semmenchery Depot,J0072,TN01N9964,Ashok Leyland,BS-4,MTC,No,Ordinary,29-03-2012,Inactive
Z Dummy Depot,J0339,TN01AN0766,Tata,BS-4,MTC,No,Small Bus(Express),18-02-2014,Inactive
Z Dummy Depot,J0332,TN01AN0783,Tata,BS-4,MTC,No,Small Bus(Express),18-02-2014,Inactive
Z Dummy Depot,J0277,TN01AN0704,Tata,BS-4,MTC,No,Express,21-10-2013,Inactive
Z Dummy Depot,J0278,TN01AN0727,Tata,BS-4,MTC,No,Express,21-10-2013,Inactive
Z Dummy Depot,J0281,TN01AN0720,Tata,BS-4,MTC,No,Express,21-10-2013,Inactive
Z Dummy Depot,I1399,TN01N5689,Ashok Leyland,BS-3,MTC,No,Ordinary,11-01-2008,Inactive
Z Dummy Depot,I1394,TN01N5683,Ashok Leyland,BS-3,MTC,No,Ordinary,11-01-2008,Inactive
Z Dummy Depot,I1391,TN01N5685,Ashok Leyland,BS-3,MTC,No,Ordinary,11-01-2008,Inactive
Z Dummy Depot,I1313,TN01N5479,Ashok Leyland,BS-3,MTC,No,Ordinary,31-12-2007,Inactive
Z Dummy Depot,I3055,TN01N9115,Ashok Leyland,BS-3,MTC,No,Ordinary,17-03-2010,Inactive
Z Dummy Depot,I3054,TN01N9114,Ashok Leyland,BS-3,MTC,No,Ordinary,17-03-2010,Inactive
Z Dummy Depot,I3053,TN01N9074,Ashok Leyland,BS-3,MTC,No,Ordinary,17-03-2010,Inactive
Z Dummy Depot,I3052,TN01N9069,Ashok Leyland,BS-3,MTC,No,Ordinary,17-03-2010,Inactive
Z Dummy Depot,I2561,TN01N9199,Ashok Leyland,BS-3,MTC,No,Ordinary,22-03-2010,Inactive
Z Dummy Depot,I2560,TN01N8995,Ashok Leyland,BS-3,MTC,No,Ordinary,17-03-2010,Inactive
Z Dummy Depot,I2494,TN01N8325,Ashok Leyland,BS-3,MTC,No,Ordinary,19-10-2009,Inactive
Z Dummy Depot,I2473,TN01N8460,Ashok Leyland,BS-3,MTC,No,Ordinary,13-11-2009,Inactive
Z Dummy Depot,I2470,TN01N8415,Ashok Leyland,BS-3,MTC,No,Ordinary,30-10-2009,Inactive
Z Dummy Depot,I2461,TN01N8494,Ashok Leyland,BS-3,MTC,No,Ordinary,13-11-2009,Inactive
Z Dummy Depot,I2457,TN01N8469,Ashok Leyland,BS-3,MTC,No,Ordinary,13-11-2009,Inactive
Z Dummy Depot,I2447,TN01N8559,Ashok Leyland,BS-3,MTC,No,Ordinary,03-12-2009,Inactive
Z Dummy Depot,I2433,TN01N8509,Ashok Leyland,BS-3,MTC,No,Ordinary,13-11-2009,Inactive
Z Dummy Depot,I2428,TN01N8403,Ashok Leyland,BS-3,MTC,No,Ordinary,20-10-2009,Inactive
Z Dummy Depot,I2425,TN01N8358,Ashok Leyland,BS-3,MTC,No,Ordinary,19-10-2009,Inactive
Z Dummy Depot,I2418,TN01N8329,Ashok Leyland,BS-3,MTC,No,Ordinary,19-10-2009,Inactive
Z Dummy Depot,I2406,TN01N8615,Ashok Leyland,BS-3,MTC,No,Ordinary,15-12-2009,Inactive
Z Dummy Depot,I2405,TN01N8624,Ashok Leyland,BS-3,MTC,No,Ordinary,15-12-2009,Inactive
Z Dummy Depot,I2321,TN01N8384,Ashok Leyland,BS-3,MTC,No,Ordinary,20-10-2009,Inactive
Z Dummy Depot,I2320,TN01N8228,Ashok Leyland,BS-3,MTC,No,Ordinary,05-10-2009,Inactive
Z Dummy Depot,I1997,TN01N8100,Ashok Leyland,BS-3,MTC,No,Ordinary,12-12-2008,Inactive
Z Dummy Depot,I1606,TN01N5968,Ashok Leyland,BS-3,MTC,No,Ordinary,30-07-2008,Inactive
Z Dummy Depot,I1476,TN01N5838,Ashok Leyland,BS-3,MTC,No,Ordinary,29-02-2008,Inactive
Z Dummy Depot,I1981,TN01N8038,Ashok Leyland,BS-3,MTC,No,Ordinary,01-12-2008,Inactive
Z Dummy Depot,I1020,TN01N5284,Ashok Leyland,BS-3,MTC,No,Ordinary,28-12-2007,Inactive
Z Dummy Depot,I1064,TN01N5275,Ashok Leyland,BS-3,MTC,No,Ordinary,28-12-2007,Inactive
Z Dummy Depot,I1310,TN01N5505,Ashok Leyland,BS-3,MTC,No,Ordinary,31-12-2007,Inactive
Z Dummy Depot,I2042,TN01N8106,Ashok Leyland,BS-3,MTC,No,Ordinary,15-12-2008,Inactive
Z Dummy Depot,I1980,TN01N8041,Ashok Leyland,BS-3,MTC,No,Ordinary,01-12-2008,Inactive
Z Dummy Depot,I0538,TN01N4609,Ashok Leyland,BS-3,MTC,No,Ordinary,03-08-2007,Inactive
Z Dummy Depot,I1972,TN01N7902,Ashok Leyland,BS-3,MTC,No,Ordinary,12-11-2008,Inactive
Z Dummy Depot,I1998,TN01N8111,Ashok Leyland,BS-3,MTC,No,Ordinary,16-12-2008,Inactive
Z Dummy Depot,I0989,TN01N5366,Ashok Leyland,BS-3,MTC,No,Ordinary,28-12-2007,Inactive
Z Dummy Depot,I0903,TN01N5053,Ashok Leyland,BS-3,MTC,No,Ordinary,01-11-2007,Inactive
Z Dummy Depot,I0910,TN01N5297,Ashok Leyland,BS-3,MTC,No,Ordinary,28-12-2007,Inactive
Z Dummy Depot,I0927,TN01N5358,Ashok Leyland,BS-3,MTC,No,Ordinary,28-12-2007,Inactive
Z Dummy Depot,I0712,TN01N4703,Ashok Leyland,BS-3,MTC,No,Ordinary,03-09-2007,Inactive
Z Dummy Depot,I0715,TN01N4747,Ashok Leyland,BS-3,MTC,No,Ordinary,03-09-2007,Inactive
Z Dummy Depot,I0713,TN01N4744,Ashok Leyland,BS-3,MTC,No,Ordinary,03-09-2007,Inactive
Z Dummy Depot,I0711,TN01N4678,Ashok Leyland,BS-3,MTC,No,Ordinary,20-08-2007,Inactive
Z Dummy Depot,I0708,TN01N4681,Ashok Leyland,BS-3,MTC,No,Ordinary,20-08-2007,Inactive
Z Dummy Depot,I0537,TN01N4594,Ashok Leyland,BS-3,MTC,No,Ordinary,01-08-2007,Inactive
Z Dummy Depot,I0739,TN01N4817,Ashok Leyland,BS-3,MTC,No,Ordinary,10-09-2007,Inactive
Z Dummy Depot,I0904,TN01N5043,Ashok Leyland,BS-3,MTC,No,Ordinary,01-11-2007,Inactive
Z Dummy Depot,I0781,TN01N4992,Ashok Leyland,BS-3,MTC,No,Ordinary,12-10-2007,Inactive
Z Dummy Depot,I1412,TN01N5734,Ashok Leyland,BS-3,MTC,No,Ordinary,21-01-2008,Inactive
Z Dummy Depot,I0720,TN01N4725,Ashok Leyland,BS-3,MTC,No,Ordinary,03-09-2007,Inactive
Z Dummy Depot,I0536,TN01N4588,Ashok Leyland,BS-3,MTC,No,Ordinary,01-08-2007,Inactive
Z Dummy Depot,I2943,TN01N8901,Ashok Leyland,BS-3,MTC,No,Ordinary,10-03-2010,Inactive
Z Dummy Depot,I1347,TN01N5825,Ashok Leyland,BS-3,MTC,No,Ordinary,21-02-2008,Inactive
Z Dummy Depot,I0779,TN01N5008,Ashok Leyland,BS-3,MTC,No,Ordinary,15-10-2007,Inactive
Z Dummy Depot,I1612,TN01N5965,Ashok Leyland,BS-3,MTC,No,Ordinary,30-07-2008,Inactive
Z Dummy Depot,I1130,TN01N5533,Ashok Leyland,BS-3,MTC,No,Ordinary,31-12-2007,Inactive
Z Dummy Depot,I2915,TN01N8749,Ashok Leyland,BS-3,MTC,No,Ordinary,16-02-2010,Inactive
Z Dummy Depot,I1033,TN01N5164,Ashok Leyland,BS-3,MTC,No,Ordinary,26-12-2007,Inactive
Z Dummy Depot,I2998,TN01N9519,Ashok Leyland,BS-3,MTC,No,Ordinary,19-04-2010,Inactive
Z Dummy Depot,I1044,TN01N5080,Ashok Leyland,BS-3,MTC,No,Ordinary,26-12-2007,Inactive
Z Dummy Depot,I1079,TN01N5133,Ashok Leyland,BS-3,MTC,No,Ordinary,26-12-2007,Inactive
Z Dummy Depot,I1455,TN01N5771,Ashok Leyland,BS-3,MTC,No,Ordinary,04-02-2008,Inactive
Z Dummy Depot,I0792,TN01N5027,Ashok Leyland,BS-3,MTC,No,Deluxe,01-11-2007,Inactive
Z Dummy Depot,I1601,TN01N5971,Ashok Leyland,BS-3,MTC,No,Ordinary,30-07-2008,Inactive
Z Dummy Depot,I1368,TN01N5681,Ashok Leyland,BS-3,MTC,No,Ordinary,11-01-2008,Inactive
Z Dummy Depot,I1626,TN01N5996,Ashok Leyland,BS-3,MTC,No,Ordinary,31-07-2008,Inactive
Z Dummy Depot,I1446,TN01N5745,Ashok Leyland,BS-3,MTC,No,Ordinary,21-01-2008,Inactive
Z Dummy Depot,I1416,TN01N5711,Ashok Leyland,BS-3,MTC,No,Ordinary,21-01-2008,Inactive
Z Dummy Depot,I1322,TN01N5557,Ashok Leyland,BS-3,MTC,No,Ordinary,02-01-2008,Inactive
Z Dummy Depot,I2906,TN01N8716,Ashok Leyland,BS-3,MTC,No,Ordinary,03-02-2010,Inactive
Z Dummy Depot,I2931,TN01N8865,Ashok Leyland,BS-3,MTC,No,Ordinary,02-03-2010,Inactive
Z Dummy Depot,I2948,TN01N9128,Ashok Leyland,BS-3,MTC,No,Ordinary,18-03-2010,Inactive
Z Dummy Depot,I1147,TN01N5422,Ashok Leyland,BS-3,MTC,No,Ordinary,31-12-2007,Inactive
Z Dummy Depot,I1156,TN01N5539,Ashok Leyland,BS-3,MTC,No,Ordinary,02-01-2008,Inactive
Z Dummy Depot,I1161,TN01N5383,Ashok Leyland,BS-3,MTC,No,Ordinary,31-12-2007,Inactive
Z Dummy Depot,I0748,TN01N4957,Ashok Leyland,BS-3,MTC,No,Ordinary,03-10-2007,Inactive
Z Dummy Depot,I2046,TN01N8113,Ashok Leyland,BS-3,MTC,No,Ordinary,17-12-2008,Inactive
Z Dummy Depot,I1466,TN01N5832,Ashok Leyland,BS-3,MTC,No,Ordinary,28-02-2008,Inactive
Z Dummy Depot,I1469,TN01N5836,Ashok Leyland,BS-3,MTC,No,Ordinary,29-02-2008,Inactive
N/A,I1621,TN01N5999,Ashok Leyland,BS-3,MTC,No,Ordinary,31-07-2008,Inactive
N/A,I1445,TN01N5729,Ashok Leyland,BS-3,MTC,No,Ordinary,21-01-2008,Inactive
N/A,I0766,TN01N4943,Ashok Leyland,BS-3,MTC,No,Ordinary,03-10-2007,Inactive
N/A,I2911,TN01N8733,Ashok Leyland,BS-3,MTC,No,Ordinary,11-02-2010,Inactive
N/A,I2912,TN01N8732,Ashok Leyland,BS-3,MTC,No,Ordinary,11-02-2010,Inactive
N/A,I2922,TN01N8861,Ashok Leyland,BS-3,MTC,No,Ordinary,01-03-2010,Inactive
Z Dummy Depot,I3330,TN01N9641,Ashok Leyland,BS-4,MTC,No,Ordinary,02-05-2011,Inactive
Z Dummy Depot,I3331,TN01N9645,Ashok Leyland,BS-4,MTC,No,Ordinary,02-05-2011,Inactive
Tondiarpet-2 Depot,J0194,TN01AN0490,Ashok Leyland,BS-4,MTC,No,Ordinary,04-09-2012,Active
Tondiarpet-2 Depot,K0866,TN01AN5430,Ashok Leyland,BS-6,MTC,No,Ordinary,,Active
Tondiarpet-2 Depot,K1256,TN01AN5747,Ashok Leyland,BS-6,MTC,No,Ordinary,18-12-2025,Active
Tondiarpet-2 Depot,K1289,TN01AN5999,Ashok Leyland,BS-6,MTC,No,Ordinary,14-01-2026,Active
Tondiarpet-2 Depot,K1102,TN01AN5541,Ashok Leyland,BS-6,MTC,No,Ordinary,,Active
Tondiarpet-2 Depot,K0868,TN01AN5412,Ashok Leyland,BS-6,MTC,No,Ordinary,,Active
Tondiarpet-2 Depot,K1225,TN01AN5665,Ashok Leyland,BS-6,MTC,No,Ordinary,21-11-2025,Active
Tondiarpet-2 Depot,K1278,TN01AN5927,Ashok Leyland,BS-6,MTC,No,Ordinary,23-12-2025,Active
Tondiarpet-2 Depot,K0862,TN01AN5341,Ashok Leyland,BS-6,MTC,No,Ordinary,,Active
Tondiarpet-2 Depot,J0957,TN01AN1919,Ashok Leyland,BS-4,MTC,No,Deluxe,06-01-2019,Active
Tondiarpet-2 Depot,K0869,TN01AN5351,Ashok Leyland,BS-6,MTC,No,Ordinary,,Active
K.K. Nagar Depot,J0734,TN01AN1683,Tata,BS-4,MTC,No,Ordinary,07-09-2016,Active
Basin Bridge Depot,J1864,TN01AN3537,Ashok Leyland,BS-4,MTC,No,Deluxe,01-03-2020,Active
Adambakkam Depot,J0504,TN01AN1261,Tata,BS-4,MTC,No,Ordinary,05-02-2016,Active
Iyyapanthangal Depot,K0105,TN01AN4227,Ashok Leyland,BS-6,MTC,No,Ordinary,,Active
Basin Bridge Depot,J2092,TN01AN4018,Ashok Leyland,BS-4,MTC,No,Deluxe,22-03-2020,Active
Basin Bridge Depot,J2026,TN01AN3803,Ashok Leyland,BS-4,MTC,No,Deluxe,09-03-2020,Active
Basin Bridge Depot,J1998,TN01AN3839,Ashok Leyland,BS-4,MTC,No,Deluxe,22-03-2020,Active
Basin Bridge Depot,J1403,TN01AN3019,Ashok Leyland,BS-4,MTC,No,Deluxe,18-07-2019,Active
Adambakkam Depot,J1699,TN01AN3313,Tata,BS-4,MTC,No,Deluxe,08-12-2019,Active
Madhavaram Depot,K0941,TN01AN5303,Ashok Leyland,BS-6,MTC,No,Ordinary,,Active
Adambakkam Depot,J0530,TN01AN1278,Tata,BS-4,MTC,No,Ordinary,05-02-2016,Active
Adambakkam Depot,J0482,TN01AN1140,Tata,BS-4,MTC,No,Ordinary,09-10-2015,Active
Ennore Depot,J2066,TN01AN3818,Ashok Leyland,BS-4,MTC,No,Deluxe,11-03-2020,Active
Ennore Depot,J2040,TN01AN3748,Ashok Leyland,BS-4,MTC,No,Deluxe,12-03-2020,Active
Ennore Depot,J0834,TN01AN1663,Ashok Leyland,BS-4,MTC,No,Ordinary,07-09-2016,Active
Ennore Depot,J0800,TN01AN1569,Ashok Leyland,BS-4,MTC,No,Ordinary,16-05-2016,Active
Ennore Depot,J0835,TN01AN1717,Ashok Leyland,BS-4,MTC,No,Ordinary,18-07-2016,Active
Tondiarpet-2 Depot,J0683,TN01AN1386,Tata,BS-4,MTC,No,Small Bus(Express),29-02-2016,Active
Tondiarpet-2 Depot,K1059,TN01AN5458,Ashok Leyland,BS-6,MTC,No,Ordinary,,Active
Tondiarpet-2 Depot,K0042,TN01AN4102,Ashok Leyland,BS-6,MTC,No,Ordinary,,Active
Tondiarpet-2 Depot,K0045,TN01AN4107,Ashok Leyland,BS-6,MTC,No,Ordinary,,Active
Tondiarpet-2 Depot,K0044,TN01AN4116,Ashok Leyland,BS-6,MTC,No,Ordinary,,Active
Tondiarpet-2 Depot,K0043,TN01AN4099,Ashok Leyland,BS-6,MTC,No,Ordinary,,Active
Tondiarpet-2 Depot,K0041,TN01AN4070,Ashok Leyland,BS-6,MTC,No,Ordinary,,Active
Tondiarpet-2 Depot,K1286,TN01AN5908,Ashok Leyland,BS-6,MTC,No,Ordinary,02-01-2026,Active
Tondiarpet-2 Depot,K0070,TN01AN4101,Ashok Leyland,BS-6,MTC,No,Ordinary,,Active
Tondiarpet-2 Depot,K0066,TN01AN4054,Ashok Leyland,BS-6,MTC,No,Ordinary,,Active
Tondiarpet-2 Depot,K0060,TN01AN4111,Ashok Leyland,BS-6,MTC,No,Ordinary,,Active
Tondiarpet-2 Depot,K0072,TN01AN4127,Ashok Leyland,BS-6,MTC,No,Ordinary,,Active
Tondiarpet-2 Depot,J0337,TN01AN0744,Tata,BS-4,MTC,No,Small Bus(Express),18-02-2014,Active
Tondiarpet-2 Depot,J0650,TN01AN1318,Tata,BS-4,MTC,No,Small Bus(Express),07-02-2016,Active
Adyar Depot,K0968,TN01AN5260,Ashok Leyland,BS-6,MTC,No,Ordinary,,Active
Basin Bridge Depot,J0786,TN01AN1534,Ashok Leyland,BS-4,MTC,No,Ordinary,08-05-2016,Active
Adambakkam Depot,J0443,TN01AN0877,Tata,BS-4,MTC,No,Ordinary,16-06-2014,Active
Adambakkam Depot,J0502,TN01AN1292,Tata,BS-4,MTC,No,Ordinary,05-02-2016,Active
Chrompet -II Depot,J0442,TN01AN0837,Tata,BS-4,MTC,No,Ordinary,16-06-2014,Active
Chrompet -II Depot,J0513,TN01AN1239,Tata,BS-4,MTC,No,Ordinary,05-02-2016,Active
Adambakkam Depot,J0562,TN01AN1437,Tata,BS-4,MTC,No,Ordinary,31-03-2016,Active
Adambakkam Depot,J0557,TN01AN1389,Tata,BS-4,MTC,No,Ordinary,29-02-2016,Active
Adambakkam Depot,J0503,TN01AN1307,Tata,BS-4,MTC,No,Ordinary,05-02-2016,Active
Adambakkam Depot,J0427,TN01AN0838,Tata,BS-4,MTC,No,Ordinary,16-06-2014,Active
Adambakkam Depot,J0420,TN01AN0865,Tata,BS-4,MTC,No,Ordinary,16-06-2014,Active
Adambakkam Depot,J0733,TN01AN1656,Tata,BS-4,MTC,No,Ordinary,07-09-2016,Active
Adyar Depot,J0773,TN01AN1524,Ashok Leyland,BS-4,MTC,No,Ordinary,01-05-2016,Active
Iyyapanthangal Depot,J1941,TN01AN3789,Ashok Leyland,BS-4,MTC,No,Deluxe,10-03-2020,Active
Perambur Depot,I3388,TN01N9713,Ashok Leyland,BS-4,MTC,No,Ordinary,08-08-2011,Inactive
Perambur Depot,I3368,TN01N9684,Ashok Leyland,BS-4,MTC,No,Ordinary,14-06-2011,Inactive
Kundrathur Depot,I3386,TN01N9706,Ashok Leyland,BS-4,MTC,No,Ordinary,08-08-2011,Inactive
Iyyapanthangal Depot,I3391,TN01N9691,Ashok Leyland,BS-4,MTC,No,Ordinary,08-08-2011,Inactive
Anna Nagar Depot,I3398,TN01N9740,Ashok Leyland,BS-4,MTC,No,Ordinary,22-08-2011,Inactive
N/A,I2953,TN01N9300,Ashok Leyland,BS-3,MTC,No,Ordinary,30-03-2010,Inactive
Basin Bridge Depot,J1954,TN01AN3983,Ashok Leyland,BS-4,MTC,No,Deluxe,22-03-2020,Active
K.K. Nagar Depot,J0446,TN01AN1164,Tata,BS-4,MTC,No,Ordinary,09-10-2015,Active
Adambakkam Depot,J0512,TN01AN1306,Tata,BS-4,MTC,No,Ordinary,05-02-2016,Active
Adambakkam Depot,J0437,TN01AN0874,Tata,BS-4,MTC,No,Ordinary,16-06-2014,Active
Adambakkam Depot,J0729,TN01AN1617,Tata,BS-4,MTC,No,Ordinary,07-09-2016,Active
Adambakkam Depot,J0555,TN01AN1384,Tata,BS-4,MTC,No,Ordinary,29-02-2016,Active
Adambakkam Depot,J1610,TN01AN3074,Tata,BS-4,MTC,No,Deluxe,24-09-2019,Active
Adambakkam Depot,J1680,TN01AN3233,Tata,BS-4,MTC,No,Deluxe,31-10-2019,Active
Adambakkam Depot,J1612,TN01AN3199,Tata,BS-4,MTC,No,Deluxe,24-09-2019,Active
K.K. Nagar Depot,J0560,TN01AN1354,Tata,BS-4,MTC,No,Ordinary,29-02-2016,Active
K.K. Nagar Depot,J0552,TN01AN1372,Tata,BS-4,MTC,No,Ordinary,29-02-2016,Active
K.K. Nagar Depot,J0507,TN01AN1220,Tata,BS-4,MTC,No,Ordinary,05-02-2016,Active
T.Nagar Depot,J0415,TN01AN0828,Tata,BS-4,MTC,No,Ordinary,16-06-2014,Active
T.Nagar Depot,J0434,TN01AN0864,Tata,BS-4,MTC,No,Ordinary,16-06-2014,Active
Madhavaram Depot,K0971,TN01AN5320,Ashok Leyland,BS-6,MTC,No,Ordinary,,Active
K.K. Nagar Depot,J0516,TN01AN1290,Tata,BS-4,MTC,No,Ordinary,05-02-2016,Active
K.K. Nagar Depot,J0433,TN01AN0843,Tata,BS-4,MTC,No,Ordinary,16-06-2014,Active
K.K. Nagar Depot,J0445,TN01AN0903,Tata,BS-4,MTC,No,Ordinary,25-06-2014,Active
K.K. Nagar Depot,J0426,TN01AN0841,Tata,BS-4,MTC,No,Ordinary,16-06-2014,Active
Semmenchery Depot,J1843,TN01AN3597,Ashok Leyland,BS-4,MTC,No,Deluxe,18-02-2020,Active
Vadapalani Depot,K1298,TN01AN6005,Ashok Leyland,BS-6,MTC,No,Ordinary,16-01-2026,Active
Adambakkam Depot,J0441,TN01AN0857,Tata,BS-4,MTC,No,Ordinary,16-06-2014,Active
Adambakkam Depot,J0732,TN01AN1626,Tata,BS-4,MTC,No,Ordinary,07-09-2016,Active
Adambakkam Depot,J0553,TN01AN1392,Tata,BS-4,MTC,No,Ordinary,29-02-2016,Active
Adambakkam Depot,J0440,TN01AN0896,Tata,BS-4,MTC,No,Ordinary,16-06-2014,Active
Adambakkam Depot,J0550,TN01AN1332,Tata,BS-4,MTC,No,Ordinary,07-02-2016,Active
Adambakkam Depot,J0435,TN01AN0820,Tata,BS-4,MTC,No,Ordinary,16-06-2014,Active
Adambakkam Depot,J0730,TN01AN1649,Tata,BS-4,MTC,No,Ordinary,07-09-2016,Active
Semmenchery Depot,J0865,TN01AN1639,Ashok Leyland,BS-4,MTC,No,Ordinary,07-09-2016,Active
Avadi Depot,J1847,TN01AN3573,Ashok Leyland,BS-4,MTC,No,Deluxe,19-02-2020,Active
Avadi Depot,J1848,TN01AN3561,Ashok Leyland,BS-4,MTC,No,Deluxe,19-02-2020,Active
Kannagi Nagar Depot,J1175,TN01AN2143,Ashok Leyland,BS-4,MTC,No,Deluxe,06-05-2019,Active
Ennore Depot,J0799,TN01AN1553,Ashok Leyland,BS-4,MTC,No,Ordinary,16-05-2016,Active
Madhavaram Depot,K0961,TN01AN5370,Ashok Leyland,BS-6,MTC,No,Ordinary,,Active
Avadi Depot,J1949,TN01AN3973,Ashok Leyland,BS-4,MTC,No,Deluxe,22-03-2020,Active
Kannagi Nagar Depot,K0005,TN01AN3951,Ashok Leyland,BS-6,MTC,No,Ordinary,,Active
Z Dummy Depot,I3320,TN01N9631,Ashok Leyland,BS-4,MTC,No,Ordinary,05-04-2011,Inactive
Z Dummy Depot,I3322,TN01N9632,Ashok Leyland,BS-4,MTC,No,Ordinary,08-04-2011,Inactive
N/A,I2993,TN01N9524,Ashok Leyland,BS-3,MTC,No,Ordinary,19-04-2010,Inactive
N/A,I2921,TN01N8779,Ashok Leyland,BS-3,MTC,No,Ordinary,19-02-2010,Inactive
Z Dummy Depot,I3325,TN01N9634,Ashok Leyland,BS-4,MTC,No,Ordinary,15-04-2011,Inactive
Z Dummy Depot,I3312,TN01N9617,Ashok Leyland,BS-4,MTC,No,Ordinary,31-03-2011,Inactive
Z Dummy Depot,I3315,TN01N9616,Ashok Leyland,BS-4,MTC,No,Ordinary,31-03-2011,Inactive
N/A,I2964,TN01N9372,Ashok Leyland,BS-3,MTC,No,Ordinary,31-03-2010,Inactive
N/A,I1350,TN01N5820,Ashok Leyland,BS-3,MTC,No,Ordinary,21-02-2008,Inactive
N/A,I1346,TN01N5814,Ashok Leyland,BS-3,MTC,No,Ordinary,17-02-2008,Inactive
N/A,I2995,TN01N9517,Ashok Leyland,BS-3,MTC,No,Ordinary,19-04-2010,Inactive
N/A,I0968,TN01N5306,Ashok Leyland,BS-3,MTC,No,Ordinary,28-12-2007,Inactive
N/A,I2954,TN01N9124,Ashok Leyland,BS-3,MTC,No,Ordinary,18-03-2010,Inactive
Z Dummy Depot,J0356,TN01AN0736,Tata,BS-4,MTC,No,Ordinary,18-02-2014,Inactive
Z Dummy Depot,I1338,TN01N5807,Ashok Leyland,BS-3,MTC,No,Ordinary,13-02-2008,Inactive
N/A,I1342,TN01N5823,Ashok Leyland,BS-3,MTC,No,Ordinary,21-02-2008,Inactive
N/A,I1381,TN01N5640,Ashok Leyland,BS-3,MTC,No,Deluxe,07-01-2008,Inactive
N/A,I2919,TN01N8782,Ashok Leyland,BS-3,MTC,No,Ordinary,19-02-2010,Inactive
Z Dummy Depot,I3309,TN01N9618,Ashok Leyland,BS-4,MTC,No,Ordinary,31-03-2011,Inactive
Z Dummy Depot,I3324,TN01N9633,Ashok Leyland,BS-4,MTC,No,Ordinary,15-04-2011,Inactive
Z Dummy Depot,I3328,TN01N9637,Ashok Leyland,BS-4,MTC,No,Ordinary,19-04-2011,Inactive
Z Dummy Depot,I3350,TN01N9670,Ashok Leyland,BS-4,MTC,No,Ordinary,31-05-2011,Inactive
Z Dummy Depot,I3326,TN01N9635,Ashok Leyland,BS-4,MTC,No,Ordinary,15-04-2011,Inactive
Z Dummy Depot,I3317,TN01N9619,Ashok Leyland,BS-4,MTC,No,Ordinary,31-03-2011,Inactive
Z Dummy Depot,I3310,TN01N9623,Ashok Leyland,BS-4,MTC,No,Ordinary,31-03-2011,Inactive
Z Dummy Depot,I3311,TN01N9624,Ashok Leyland,BS-4,MTC,No,Ordinary,31-03-2011,Inactive
Z Dummy Depot,J0368,TN01AN0882,Tata,BS-4,MTC,No,Ordinary,16-06-2014,Inactive
Z Dummy Depot,J0369,TN01AN0850,Tata,BS-4,MTC,No,Ordinary,16-06-2014,Inactive
Z Dummy Depot,J0370,TN01AN0891,Tata,BS-4,MTC,No,Ordinary,16-06-2014,Inactive
Z Dummy Depot,J0365,TN01AN0745,Tata,BS-4,MTC,No,Ordinary,18-02-2014,Inactive
Z Dummy Depot,J0352,TN01AN0790,Tata,BS-4,MTC,No,Ordinary,18-02-2014,Inactive
Z Dummy Depot,J0359,TN01AN0754,Tata,BS-4,MTC,No,Ordinary,18-02-2014,Inactive
Z Dummy Depot,J0364,TN01AN0796,Tata,BS-4,MTC,No,Ordinary,18-02-2014,Inactive
Z Dummy Depot,J0366,TN01AN0788,Tata,BS-4,MTC,No,Ordinary,18-02-2014,Inactive
Z Dummy Depot,J0361,TN01AN0853,Tata,BS-4,MTC,No,Ordinary,16-06-2014,Inactive
Z Dummy Depot,J0362,TN01AN0819,Tata,BS-4,MTC,No,Ordinary,16-06-2014,Inactive
Z Dummy Depot,J0363,TN01AN0870,Tata,BS-4,MTC,No,Ordinary,16-06-2014,Inactive
Z Dummy Depot,J0444,TN01AN0840,Tata,BS-4,MTC,No,Ordinary,16-06-2014,Inactive
Z Dummy Depot,J0385,TN01AN0871,Tata,BS-4,MTC,No,Ordinary,16-06-2014,Inactive
Z Dummy Depot,J0466,TN01AN1163,Tata,BS-4,MTC,No,Ordinary,09-10-2015,Inactive
Z Dummy Depot,J0367,TN01AN0898,Tata,BS-4,MTC,No,Ordinary,16-06-2014,Inactive
Z Dummy Depot,J0474,TN01AN1166,Tata,BS-4,MTC,No,Ordinary,09-10-2015,Inactive
Z Dummy Depot,J0483,TN01AN1182,Tata,BS-4,MTC,No,Ordinary,09-10-2015,Inactive
Z Dummy Depot,I1007,TN01N5338,Ashok Leyland,BS-3,MTC,No,Ordinary,28-12-2007,Inactive
Z Dummy Depot,J0051,TN01N9864,Ashok Leyland,BS-4,MTC,No,Ordinary,29-11-2011,Inactive
Z Dummy Depot,J0052,TN01N9869,Ashok Leyland,BS-4,MTC,No,Ordinary,29-11-2011,Inactive
Z Dummy Depot,J0055,TN01N9865,Ashok Leyland,BS-4,MTC,No,Ordinary,29-11-2011,Inactive
Z Dummy Depot,J0057,TN01N9867,Ashok Leyland,BS-4,MTC,No,Ordinary,29-11-2011,Inactive
Z Dummy Depot,J0154,TN01AN0219,Ashok Leyland,BS-4,MTC,No,Ordinary,17-06-2012,Inactive
Z Dummy Depot,J0116,TN01AN0208,Ashok Leyland,BS-4,MTC,No,Ordinary,17-06-2012,Inactive
Z Dummy Depot,I3321,TN01N9630,Ashok Leyland,BS-4,MTC,No,Ordinary,05-04-2011,Inactive
Z Dummy Depot,J0029,TN01N9824,Ashok Leyland,BS-4,MTC,No,Ordinary,04-10-2011,Inactive
N/A,I2968,TN01N9424,Ashok Leyland,BS-3,MTC,No,Ordinary,04-04-2010,Inactive
N/A,I2909,TN01N8736,Ashok Leyland,BS-3,MTC,No,Ordinary,11-02-2010,Inactive
N/A,I2908,TN01N8714,Ashok Leyland,BS-3,MTC,No,Ordinary,03-02-2010,Inactive
N/A,I2905,TN01N8727,Ashok Leyland,BS-3,MTC,No,Ordinary,04-02-2010,Inactive
Z Dummy Depot,J0226,TN01AN0580,Ashok Leyland,BS-4,MTC,No,Ordinary,21-11-2012,Inactive
Z Dummy Depot,J0135,TN01AN0226,Ashok Leyland,BS-4,MTC,No,Ordinary,17-06-2012,Inactive
Z Dummy Depot,J0075,TN01N9960,Ashok Leyland,BS-4,MTC,No,Ordinary,29-03-2012,Inactive
Z Dummy Depot,I3390,TN01N9694,Ashok Leyland,BS-4,MTC,No,Ordinary,08-08-2011,Inactive
Z Dummy Depot,I3376,TN01N9717,Ashok Leyland,BS-4,MTC,No,Ordinary,08-08-2011,Inactive
Z Dummy Depot,I3354,TN01N9662,Ashok Leyland,BS-4,MTC,No,Ordinary,31-05-2011,Inactive
Z Dummy Depot,I3329,TN01N9639,Ashok Leyland,BS-4,MTC,No,Ordinary,20-04-2011,Inactive
Z Dummy Depot,J0061,TN01N9946,Ashok Leyland,BS-4,MTC,No,Ordinary,29-03-2012,Inactive
Z Dummy Depot,J0024,TN01N9821,Ashok Leyland,BS-4,MTC,No,Ordinary,04-10-2011,Inactive
Z Dummy Depot,J0019,TN01N9814,Ashok Leyland,BS-4,MTC,No,Ordinary,19-09-2011,Inactive
Z Dummy Depot,J0049,TN01N9860,Ashok Leyland,BS-4,MTC,No,Ordinary,22-11-2011,Inactive
N/A,I3000,TN01N9528,Ashok Leyland,BS-3,MTC,No,Ordinary,20-04-2010,Inactive
N/A,I2999,TN01N9526,Ashok Leyland,BS-3,MTC,No,Ordinary,20-04-2010,Inactive
N/A,I2932,TN01N8869,Ashok Leyland,BS-3,MTC,No,Ordinary,02-03-2010,Inactive
Z Dummy Depot,I1336,TN01N5801,Ashok Leyland,BS-3,MTC,No,Ordinary,13-02-2008,Inactive
N/A,I2959,TN01N9285,Ashok Leyland,BS-3,MTC,No,Ordinary,30-03-2010,Inactive
Ayanavaram Depot,K0976,TN01AN5362,Ashok Leyland,BS-6,MTC,No,Ordinary,,Active
Ayanavaram Depot,J1953,TN01AN4006,Ashok Leyland,BS-4,MTC,No,Deluxe,22-03-2020,Active
K.K. Nagar Depot,K1063,TN01AN5499,Ashok Leyland,BS-6,MTC,No,Ordinary,,Active
Ennore Depot,J0790,TN01AN1519,Ashok Leyland,BS-4,MTC,No,Ordinary,01-05-2016,Active
Avadi Depot,J1672,TN01AN3262,Ashok Leyland,BS-4,MTC,No,Deluxe,31-10-2019,Active
Adyar Depot,K0967,TN01AN5232,Ashok Leyland,BS-6,MTC,No,Ordinary,,Active
Adyar Depot,J0797,TN01AN1540,Ashok Leyland,BS-4,MTC,No,Ordinary,16-05-2016,Active
Iyyapanthangal Depot,K1021,TN01AN5474,Ashok Leyland,BS-6,MTC,No,Ordinary,,Active
Avadi Depot,J0907,TN01AN1710,Ashok Leyland,BS-4,MTC,No,Ordinary,20-09-2016,Active
Chrompet -II Depot,ZJ005,TN01HV6253,Ashok Leyland,BS-4,MTC - Dummy,No,Ordinary,27-01-2026,Active
Chrompet -II Depot,ZJ004,TN01BC5623,Ashok Leyland,BS-4,MTC - Dummy,No,Ordinary,27-01-2026,Active
Chrompet -II Depot,ZJ003,TN01BF6859,Ashok Leyland,BS-4,MTC - Dummy,No,Ordinary,27-01-2026,Active
Chrompet -II Depot,ZJ002,TN01ZX6523,Ashok Leyland,BS-4,MTC - Dummy,No,Deluxe,27-01-2026,Active
Chrompet -II Depot,ZJ001,TN01BH5423,Ashok Leyland,BS-4,MTC - Dummy,No,Deluxe,27-01-2026,Active
K.K. Nagar Depot,K1051,TN01AN5510,Ashok Leyland,BS-6,MTC,No,Ordinary,,Active
Avadi Depot,J2022,TN01AN3847,Ashok Leyland,BS-4,MTC,No,Deluxe,22-03-2020,Active
Avadi Depot,J1870,TN01AN3539,Ashok Leyland,BS-4,MTC,No,Deluxe,01-03-2020,Active
Avadi Depot,J2035,TN01AN3760,Ashok Leyland,BS-4,MTC,No,Deluxe,10-03-2020,Active
Avadi Depot,J2005,TN01AN3940,Ashok Leyland,BS-4,MTC,No,Deluxe,22-03-2020,Active
Ennore Depot,K0120,TN01AN4133,Ashok Leyland,BS-6,MTC,No,Ordinary,,Active
Anna Nagar Depot,J0906,TN01AN1696,Ashok Leyland,BS-4,MTC,No,Ordinary,20-09-2016,Active
Semmenchery Depot,K1282,TN01AN5880,Ashok Leyland,BS-6,MTC,No,Ordinary,02-01-2026,Active
Anna Nagar East Depot,K1285,TN01AN5843,Ashok Leyland,BS-6,MTC,No,Ordinary,03-01-2026,Active
Iyyapanthangal Depot,K1090,TN01AN5436,Ashok Leyland,BS-6,MTC,No,Ordinary,19-06-2019,Active
Mandaveli Depot,J0487,TN01AN1167,Tata,BS-4,MTC,No,Ordinary,09-10-2015,Active
Mandaveli Depot,J0431,TN01AN0901,Tata,BS-4,MTC,No,Ordinary,16-06-2014,Active
Mandaveli Depot,J0414,TN01AN0829,Tata,BS-4,MTC,No,Ordinary,16-06-2014,Active
Ennore Depot,J0854,TN01AN1623,Ashok Leyland,BS-4,MTC,No,Ordinary,07-09-2016,Active
Chrompet -I Depot,ZJ072,TN01BC5102,Ashok Leyland,BS-4,MTC - Dummy,No,Small Bus(Express),24-01-2026,Active
Iyyapanthangal Depot,K1330,TN01AN5998,Ashok Leyland,BS-6,MTC,No,Ordinary,16-01-2026,Active
K.K. Nagar Depot,J0713,TN01AN1495,Tata,BS-4,MTC,No,Ordinary,17-04-2016,Active
Mandaveli Depot,J1635,TN01AN3099,Tata,BS-4,MTC,No,Deluxe,24-09-2019,Active
Mandaveli Depot,J0462,TN01AN1181,Tata,BS-4,MTC,No,Ordinary,09-10-2015,Active
Mandaveli Depot,J1701,TN01AN3363,Tata,BS-4,MTC,No,Deluxe,08-12-2019,Active
Chrompet -I Depot,K1297,TN01AN6114,Ashok Leyland,BS-6,MTC,No,Ordinary,16-01-2026,Active
Semmenchery Depot,K1322,TN01AN6012,Ashok Leyland,BS-6,MTC,No,Ordinary,14-01-2026,Active
Madhavaram Depot,K1307,TN01AN5987,Ashok Leyland,BS-6,MTC,No,Ordinary,16-01-2026,Active
Madhavaram Depot,K1306,TN01AN5958,Ashok Leyland,BS-6,MTC,No,Ordinary,16-01-2026,Active
Kannagi Nagar Depot,K1303,TN01AN6024,Ashok Leyland,BS-6,MTC,No,Ordinary,16-01-2026,Active
Perambur Depot,K1309,TN01AN5960,Ashok Leyland,BS-6,MTC,No,Ordinary,14-01-2026,Active
Vadapalani Depot,K1310,TN01AN6008,Ashok Leyland,BS-6,MTC,No,Ordinary,14-01-2026,Active
Padiyanallur Depot,K1311,TN01AN5964,Ashok Leyland,BS-6,MTC,No,Ordinary,14-01-2026,Active
Ennore Depot,K1312,TN01AN5973,Ashok Leyland,BS-6,MTC,No,Ordinary,14-01-2026,Active
Kundrathur Depot,K1314,TN01AN5972,Ashok Leyland,BS-6,MTC,No,Ordinary,16-01-2026,Active
Anna Nagar Depot,K1290,TN01AN6028,Ashok Leyland,BS-6,MTC,No,Ordinary,16-01-2026,Active
Chrompet -II Depot,K1319,TN01AN5937,Ashok Leyland,BS-6,MTC,No,Ordinary,16-01-2026,Active
Avadi Depot,K1294,TN01AN5945,Ashok Leyland,BS-6,MTC,No,Ordinary,16-01-2026,Active
Ennore Depot,K1299,TN01AN5944,Ashok Leyland,BS-6,MTC,No,Ordinary,16-01-2026,Active
Ayanavaram Depot,K1301,TN01AN6015,Ashok Leyland,BS-6,MTC,No,Ordinary,16-01-2026,Active
Avadi Depot,K1329,TN01AN6016,Ashok Leyland,BS-6,MTC,No,Ordinary,16-01-2026,Active
Tondiarpet-2 Depot,K1308,TN01AN5970,Ashok Leyland,BS-6,MTC,No,Ordinary,16-01-2026,Active
Basin Bridge Depot,K1305,TN01AN5996,Ashok Leyland,BS-6,MTC,No,Ordinary,14-01-2026,Active
Iyyapanthangal Depot,K1325,TN01AN5989,Ashok Leyland,BS-6,MTC,No,Ordinary,16-01-2026,Active
K.K. Nagar Depot,J1715,TN01AN3402,Tata,BS-4,MTC,No,Deluxe,01-01-2020,Active
Perambur Depot,J0813,TN01AN1566,Ashok Leyland,BS-4,MTC,No,Ordinary,16-05-2016,Active
Madhavaram Depot,I3318,TN01N9625,Ashok Leyland,BS-4,MTC,No,Ordinary,31-03-2011,Inactive
Madhavaram Depot,I3327,TN01N9636,Ashok Leyland,BS-4,MTC,No,Ordinary,19-04-2011,Inactive
Central Depot EV,J0058,TN01N9862,Ashok Leyland,BS-4,MTC,No,Ordinary,29-11-2011,Inactive
Tondiarpet-1 Depot EV,J0056,TN01N9861,Ashok Leyland,BS-4,MTC,No,Ordinary,29-11-2011,Inactive
Tondiarpet-1 Depot EV,J0026,TN01N9822,Ashok Leyland,BS-4,MTC,No,Ordinary,04-10-2011,Inactive
Central Depot EV,J0053,TN01N9868,Ashok Leyland,BS-4,MTC,No,Express,29-11-2011,Inactive
Kundrathur Depot,I3313,TN01N9621,Ashok Leyland,BS-4,MTC,No,Ordinary,31-03-2011,Inactive
Central Depot EV,I0745,TN01N4945,Ashok Leyland,BS-3,MTC,No,Ordinary,03-10-2007,Inactive
Iyyapanthangal Depot,J1066,TN01AN2098,Ashok Leyland,BS-4,MTC,No,Deluxe,22-04-2019,Active
Iyyapanthangal Depot,J0316,TN01AN0738,Tata,BS-4,MTC,No,Small Bus(Express),18-02-2014,Inactive
K.K. Nagar Depot,J0358,TN01AN0735,Tata,BS-4,MTC,No,Ordinary,18-02-2014,Inactive
Mandaveli Depot,J0453,TN01AN1176,Tata,BS-4,MTC,No,Ordinary,09-10-2015,Inactive
Iyyapanthangal Depot,I2927,TN01N8857,Ashok Leyland,BS-3,MTC,No,Ordinary,01-03-2010,Inactive
Perambur Depot,J0054,TN01N9866,Ashok Leyland,BS-4,MTC,No,Ordinary,29-11-2011,Inactive
Tondiarpet-1 Depot EV,J0023,TN01N9823,Ashok Leyland,BS-4,MTC,No,Ordinary,04-10-2011,Inactive
Iyyapanthangal Depot,J0022,TN01N9819,Ashok Leyland,BS-4,MTC,No,Ordinary,04-10-2011,Inactive
Tondiarpet-1 Depot EV,I3374,TN01N9712,Ashok Leyland,BS-4,MTC,No,Ordinary,08-08-2011,Inactive
Vadapalani Depot,I3314,TN01N9622,Ashok Leyland,BS-4,MTC,No,Ordinary,31-03-2011,Inactive
Saidapet Depot,I0796,TN01N5054,Ashok Leyland,BS-3,MTC,No,Ordinary,01-11-2007,Inactive
Perambur Depot,I3399,TN01N9794,Ashok Leyland,BS-4,MTC,No,Ordinary,05-09-2011,Inactive
Thiruvanmiyur Depot,K1276,TN01AN5918,Ashok Leyland,BS-6,MTC,No,Ordinary,02-01-2026,Active
Vadapalani Depot,K1267,TN01AN5861,Ashok Leyland,BS-6,MTC,No,Ordinary,02-01-2026,Active
Padiyanallur Depot,K1269,TN01AN5838,Ashok Leyland,BS-6,MTC,No,Ordinary,23-12-2025,Active
Chrompet -I Depot,K1281,TN01AN5896,Ashok Leyland,BS-6,MTC,No,Ordinary,02-01-2026,Active
Tondiarpet-2 Depot,K1292,TN01AN5920,Ashok Leyland,BS-6,MTC,No,Ordinary,02-01-2026,Active
Ayanavaram Depot,K1263,TN01AN5854,Ashok Leyland,BS-6,MTC,No,Ordinary,02-01-2026,Active
Perambur Depot,K1275,TN01AN5871,Ashok Leyland,BS-6,MTC,No,Ordinary,02-01-2026,Active
Padiyanallur Depot,K1291,TN01AN5874,Ashok Leyland,BS-6,MTC,No,Ordinary,02-01-2026,Active
Ayanavaram Depot,K1262,TN01AN5892,Ashok Leyland,BS-6,MTC,No,Ordinary,02-01-2026,Active
Anna Nagar Depot,K1288,TN01AN5911,Ashok Leyland,BS-6,MTC,No,Ordinary,02-01-2026,Active
Avadi Depot,K1295,TN01AN5913,Ashok Leyland,BS-6,MTC,No,Ordinary,02-01-2026,Active
Iyyapanthangal Depot,K1268,TN01AN5917,Ashok Leyland,BS-6,MTC,No,Ordinary,02-01-2026,Active
Anna Nagar Depot,K1296,TN01AN5862,Ashok Leyland,BS-6,MTC,No,Ordinary,02-01-2026,Active
Kannagi Nagar Depot,K1283,TN01AN5868,Ashok Leyland,BS-6,MTC,No,Ordinary,02-01-2026,Active
Anna Nagar Depot,K1300,TN01AN5909,Ashok Leyland,BS-6,MTC,No,Ordinary,02-01-2026,Active
Ennore Depot,K1287,TN01AN5914,Ashok Leyland,BS-6,MTC,No,Ordinary,02-01-2026,Active
Madhavaram Depot,K1265,TN01AN5842,Ashok Leyland,BS-6,MTC,No,Ordinary,02-01-2026,Active
Madhavaram Depot,K1284,TN01AN5889,Ashok Leyland,BS-6,MTC,No,Ordinary,02-01-2026,Active
Madhavaram Depot,K1253,TN01AN5879,Ashok Leyland,BS-6,MTC,No,Ordinary,23-12-2025,Active
Madhavaram Depot,K1062,TN01AN5494,Ashok Leyland,BS-6,MTC,No,Ordinary,,Active
Adyar Depot,K1260,TN01AN5924,Ashok Leyland,BS-6,MTC,No,Ordinary,02-01-2026,Active
Ayanavaram Depot,K1273,TN01AN5919,Ashok Leyland,BS-6,MTC,No,Ordinary,02-01-2026,Active
Anna Nagar Depot,K1259,TN01AN5836,Ashok Leyland,BS-6,MTC,No,Ordinary,02-01-2026,Active
Avadi Depot,K1261,TN01AN5928,Ashok Leyland,BS-6,MTC,No,Ordinary,02-01-2026,Active
Tondiarpet-2 Depot,K1279,TN01AN5878,Ashok Leyland,BS-6,MTC,No,Ordinary,02-01-2026,Active
Tondiarpet-2 Depot,K1257,TN01AN5877,Ashok Leyland,BS-6,MTC,No,Ordinary,02-01-2026,Active
Anna Nagar Depot,K0338,TN01AN4878,Ashok Leyland,BS-6,MTC,No,Ordinary,,Active
Anna Nagar Depot,K0337,TN01AN4852,Ashok Leyland,BS-6,MTC,No,Ordinary,,Active
Basin Bridge Depot,K0341,TN01AN4880,Ashok Leyland,BS-6,MTC,No,Ordinary,,Active
N/A,I2978,TN01N9451,Ashok Leyland,BS-3,MTC,No,Ordinary,11-04-2010,Inactive
N/A,I2976,TN01N9479,Ashok Leyland,BS-3,MTC,No,Ordinary,12-04-2010,Inactive
N/A,I2963,TN01N9367,Ashok Leyland,BS-3,MTC,No,Ordinary,31-03-2010,Inactive
N/A,I2960,TN01N9291,Ashok Leyland,BS-3,MTC,No,Ordinary,30-03-2010,Inactive
N/A,I2950,TN01N9137,Ashok Leyland,BS-3,MTC,No,Ordinary,19-03-2010,Inactive
N/A,I2949,TN01N9138,Ashok Leyland,BS-3,MTC,No,Ordinary,19-03-2010,Inactive
N/A,I2942,TN01N8932,Ashok Leyland,BS-3,MTC,No,Ordinary,11-03-2010,Inactive
N/A,I2936,TN01N8896,Ashok Leyland,BS-3,MTC,No,Ordinary,08-03-2010,Inactive
N/A,I2926,TN01N8856,Ashok Leyland,BS-3,MTC,No,Ordinary,01-03-2010,Inactive
N/A,I2925,TN01N8859,Ashok Leyland,BS-3,MTC,No,Ordinary,01-03-2010,Inactive
N/A,I2924,TN01N8858,Ashok Leyland,BS-3,MTC,No,Ordinary,01-03-2010,Inactive
Z Dummy Depot,I1125,TN01N5423,Ashok Leyland,BS-3,MTC,No,Ordinary,31-12-2007,Inactive
N/A,I1638,TN01N7288,Ashok Leyland,BS-3,MTC,No,Ordinary,14-08-2008,Inactive
N/A,I2955,TN01N9132,Ashok Leyland,BS-3,MTC,No,Ordinary,19-03-2010,Inactive
N/A,I2997,TN01N9520,Ashok Leyland,BS-3,MTC,No,Ordinary,19-04-2010,Inactive
Madhavaram Depot,I2994,TN01N9527,Ashok Leyland,BS-3,MTC,No,Ordinary,20-04-2010,Inactive
Iyyapanthangal Depot,K0016,TN01AN4050,Ashok Leyland,BS-6,MTC,No,Ordinary,27-06-2019,Active
Iyyapanthangal Depot,K0018,TN01AN4064,Ashok Leyland,BS-6,MTC,No,Ordinary,27-06-2019,Active
Saidapet Depot,K1249,TN01AN5808,Ashok Leyland,BS-6,MTC,No,Ordinary,01-12-2025,Active
Saidapet Depot,K1251,TN01AN5773,Ashok Leyland,BS-6,MTC,No,Ordinary,01-12-2025,Active
Iyyapanthangal Depot,K0002,TN01AN3982,Ashok Leyland,BS-6,MTC,No,Ordinary,,Active
Iyyapanthangal Depot,K1022,TN01AN5496,Ashok Leyland,BS-6,MTC,No,Ordinary,,Active
Avadi Depot,AVD15,AV01DU0015,Ashok Leyland,BS-4,MTC - Dummy,No,Small Bus(Express),,Active
Chrompet -I Depot,DX0078,TN01BX2562,Ashok Leyland,BS-4,MTC - Dummy,No,Deluxe,24-12-2018,Active
Chrompet -I Depot,DX0029,TN01MB2121,Ashok Leyland,BS-4,MTC - Dummy,No,Ordinary,24-12-2018,Active
Chrompet -I Depot,DX0009,TN01VC3322,Ashok Leyland,BS-4,MTC - Dummy,No,Deluxe,24-12-2018,Active
Chrompet -I Depot,DX0085,TN01DZ5268,Ashok Leyland,BS-4,MTC - Dummy,No,Deluxe,24-12-2018,Active
Chrompet -I Depot,DX0092,TN01BC5225,Ashok Leyland,BS-4,MTC - Dummy,No,Ordinary,24-12-2018,Active
Chrompet -I Depot,DX0076,TN01BZ5205,Ashok Leyland,BS-4,MTC - Dummy,No,Ordinary,24-12-2018,Active
Chrompet -I Depot,J0849,TN01AN1660,Ashok Leyland,BS-4,MTC,No,Ordinary,07-09-2016,Active
Chrompet -I Depot,K1004,TN01AN5400,Ashok Leyland,BS-6,MTC,No,Ordinary,12-04-2016,Active
Chrompet -I Depot,J0761,TN01AN1473,Ashok Leyland,BS-4,MTC,No,Ordinary,12-04-2016,Active
Chrompet -I Depot,DX0038,TN01BZ5521,Ashok Leyland,BS-4,MTC - Dummy,No,Deluxe,23-12-2018,Active
Central Depot EV,ZZ869,ZZ01TR0009,Ashok Leyland,BS-6,MTC - Dummy,No,Deluxe,,Inactive
Z Dummy Depot,DZ001,DZ01AN2999,Tata,BS-6,MTC - Dummy,No,Deluxe,16-10-2025,Inactive
Mandaveli Depot,AMNEXTEST2,TN02AN0002,Ashok Leyland,BS-6,MTC,No,Ordinary,17-11-2025,Inactive
Chrompet -I Depot,DX0004,TN01AN2003,Ashok Leyland,BS-4,MTC - Dummy,No,Deluxe,23-12-2018,Active
Chrompet -I Depot,DX0002,TN01AN3001,Ashok Leyland,BS-4,MTC - Dummy,No,Deluxe,23-08-2018,Active
Chrompet -I Depot,DX0001,TN02J5220,Ashok Leyland,BS-6,MTC - Dummy,No,Small Bus(Express),23-11-2019,Active
Ayanavaram Depot,K1271,TN01AN5853,Ashok Leyland,BS-6,MTC,No,Ordinary,19-12-2025,Active
Avadi Depot,K1258,TN01AN5893,Ashok Leyland,BS-6,MTC,No,Ordinary,19-12-2025,Active
Basin Bridge Depot,K1274,TN01AN5839,Ashok Leyland,BS-6,MTC,No,Ordinary,19-12-2025,Active
Chrompet -I Depot,J1857,TN01AN3642,Ashok Leyland,BS-4,MTC,No,Deluxe,02-03-2020,Active
Madhavaram Depot,J0867,TN01AN1594,Ashok Leyland,BS-4,MTC,No,Ordinary,07-09-2016,Active
Madhavaram Depot,J0766,TN01AN1490,Ashok Leyland,BS-4,MTC,No,Ordinary,14-04-2016,Active
Madhavaram Depot,J0793,TN01AN1548,Ashok Leyland,BS-4,MTC,No,Ordinary,16-05-2016,Active
Vadapalani Depot,K1255,TN01AN5855,Ashok Leyland,BS-6,MTC,No,Ordinary,18-12-2025,Active
K.K. Nagar Depot,J1617,TN01AN3106,Tata,BS-4,MTC,No,Deluxe,24-09-2019,Active
Anna Nagar Depot,K1254,TN01AN5754,Ashok Leyland,BS-6,MTC,No,Ordinary,15-12-2025,Active
Anna Nagar Depot,K1252,TN01AN5739,Ashok Leyland,BS-6,MTC,No,Ordinary,15-12-2025,Active
Padiyanallur Depot,J2043,TN01AN3880,Ashok Leyland,BS-4,MTC,No,Deluxe,22-03-2020,Active
Padiyanallur Depot,J1461,TN01AN2729,Ashok Leyland,BS-4,MTC,No,Deluxe,27-06-2019,Active
Mandaveli Depot,AMNETEST4,TN08AN0008,Tata,BS-6,MTC,No,Ordinary,24-11-2025,Inactive
Mandaveli Depot,AMNEXTEST3,TN03AN0003,Tata,BS-6,MTC,No,Ordinary,21-11-2025,Inactive
Chrompet -I Depot,J1809,TN01AN3631,Ashok Leyland,BS-4,MTC,No,Deluxe,02-03-2020,Active
Poonamallee Depot,J1687,TN01AN3288,Tata,BS-4,MTC,No,Deluxe,31-10-2019,Active
Tambaram Depot,J2104,TN01AN3979,Ashok Leyland,BS-4,MTC,No,Deluxe,22-03-2020,Active
Poonamallee Depot,J1682,TN01AN3278,Tata,BS-4,MTC,No,Deluxe,31-10-2019,Active
Poonamallee Depot,J1690,TN01AN3241,Tata,BS-4,MTC,No,Deluxe,08-12-2019,Active
Ambattur Depot,J0341,TN01AN0805,Tata,BS-4,MTC,No,Small Bus(Express),18-02-2014,Inactive
K.K. Nagar Depot,J0349,TN01AN0740,Tata,BS-4,MTC,No,Small Bus(Express),18-02-2014,Inactive
Tambaram Depot,J0267,TN01AN0714,Tata,BS-4,MTC,No,Ordinary,21-10-2013,Inactive
Adambakkam Depot,J0305,TN01AN0752,Tata,BS-4,MTC,No,Express,18-02-2014,Inactive
Alandur Depot EV,J0271,TN01AN0681,Tata,BS-4,MTC,No,Small Bus(Express),21-10-2013,Inactive
Adambakkam Depot,J0330,TN01AN0758,Tata,BS-4,MTC,No,Small Bus (Ordinary),18-02-2014,Inactive
Adambakkam Depot,J0269,TN01AN0711,Tata,BS-4,MTC,No,Small Bus (Ordinary),21-10-2013,Inactive
Madhavaram Depot,J0335,TN01AN0761,Tata,BS-4,MTC,No,Ordinary,18-02-2014,Inactive
Thiruvanmiyur Depot,J0326,TN01AN0756,Tata,BS-4,MTC,No,Small Bus,18-02-2014,Inactive
Adambakkam Depot,J0303,TN01AN0776,Tata,BS-4,MTC,No,Small Bus (Ordinary),18-02-2014,Inactive
Tondiarpet-1 Depot EV,J0324,TN01AN0804,Tata,BS-4,MTC,No,Express,18-02-2014,Inactive
Ambattur Depot,J0320,TN01AN0775,Tata,BS-4,MTC,No,Express,18-02-2014,Inactive
Adambakkam Depot,J0295,TN01AN0695,Tata,BS-4,MTC,No,Ordinary,21-10-2013,Inactive
Alandur Depot EV,J0290,TN01AN0689,Tata,BS-4,MTC,No,Small Bus(Express),21-10-2013,Inactive
Saidapet Depot,SPD14,SP01DU0014,Ashok Leyland,BS-4,MTC - Dummy,No,Ordinary,,Active
Saidapet Depot,SPD11,SP01DU0011,Ashok Leyland,BS-4,MTC - Dummy,No,Ordinary,,Active
Saidapet Depot,SPD04,SP01DU0004,Ashok Leyland,BS-4,MTC - Dummy,No,Ordinary,,Active
Saidapet Depot,SPD10,SP01DU0010,Ashok Leyland,BS-4,MTC - Dummy,No,Ordinary,,Active
Saidapet Depot,SPD13,SP01DU0013,Ashok Leyland,BS-4,MTC - Dummy,No,Ordinary,,Active
Saidapet Depot,I0935,TN01N5242,Ashok Leyland,BS-3,MTC,No,Ordinary,27-12-2007,Inactive
Poonamallee Depot,J1689,TN01AN3286,Tata,BS-4,MTC,No,Deluxe,31-10-2019,Active
Vadapalani Depot,J0288,TN01AN0700,Tata,BS-4,MTC,No,Small Bus(Express),21-10-2013,Active
Vadapalani Depot,J0696,TN01AN1400,Tata,BS-4,MTC,No,Small Bus(Express),29-02-2016,Active
Vadapalani Depot,J0688,TN01AN1364,Tata,BS-4,MTC,No,Small Bus(Express),29-02-2016,Active
Vadapalani Depot,J0319,TN01AN0778,Tata,BS-4,MTC,No,Small Bus(Express),18-02-2014,Active
Vadapalani Depot,J0286,TN01AN0688,Tata,BS-4,MTC,No,Small Bus(Express),21-10-2013,Active
Vadapalani Depot,J0689,TN01AN1360,Tata,BS-4,MTC,No,Small Bus(Express),29-02-2016,Active
Poonamallee Depot,J1716,TN01AN3341,Tata,BS-4,MTC,No,Deluxe,01-01-2020,Active
Poonamallee Depot,J1714,TN01AN3334,Tata,BS-4,MTC,No,Deluxe,01-01-2020,Active
Poonamallee Depot,J1713,TN01AN3335,Tata,BS-4,MTC,No,Deluxe,01-01-2020,Active
Poonamallee Depot,J1693,TN01AN3424,Tata,BS-4,MTC,No,Deluxe,09-12-2019,Active
Adambakkam Depot,K1250,TN01AN5695,Ashok Leyland,BS-6,MTC,No,Ordinary,21-11-2025,Active
Iyyapanthangal Depot,Z0916,TN01AN0008,Ashok Leyland,BS-4,MTC - Dummy,No,Ordinary,04-09-2012,Active
Iyyapanthangal Depot,Z0913,TN01AN0005,Ashok Leyland,BS-4,MTC - Dummy,No,Deluxe,,Active
Iyyapanthangal Depot,Z0920,TN01AN0012,Ashok Leyland,BS-4,MTC - Dummy,No,Express,04-09-2012,Active
Iyyapanthangal Depot,Z15979,AD01DU1956,Ashok Leyland,BS-6,MTC - Dummy,No,Ordinary,18-02-2014,Active
Iyyapanthangal Depot,Z15980,AD01DU1957,Ashok Leyland,BS-6,MTC - Dummy,No,Ordinary,18-02-2014,Active
Iyyapanthangal Depot,Z15981,AD01DU1958,Ashok Leyland,BS-6,MTC - Dummy,No,Ordinary,18-02-2014,Active
Iyyapanthangal Depot,Z15991,AD01DU1968,Ashok Leyland,BS-4,MTC - Dummy,No,Ordinary,18-02-2014,Active
Iyyapanthangal Depot,Z0915,TN01AN0007,Ashok Leyland,BS-4,MTC - Dummy,No,Ordinary,29-02-2016,Active
Iyyapanthangal Depot,Z0917,TN01AN0009,Ashok Leyland,BS-4,MTC - Dummy,No,Ordinary,29-02-2016,Active
Iyyapanthangal Depot,Z0926,TN01AN0018,Ashok Leyland,BS-4,MTC - Dummy,No,Deluxe,23-06-2019,Active
Iyyapanthangal Depot,Z15990,AD01DU1967,Ashok Leyland,BS-4,MTC - Dummy,No,Ordinary,18-02-2014,Active
Iyyapanthangal Depot,Z15986,AD01DU1963,Ashok Leyland,BS-6,MTC - Dummy,No,Ordinary,18-02-2014,Active
Kilambakkam Depot,Z2571,TN00AG1888,Ashok Leyland,BS-4,MTC - Dummy,No,Ordinary,,Active
Kilambakkam Depot,Z2574,TN00AG1891,Ashok Leyland,BS-4,MTC - Dummy,No,Ordinary,,Active
Kilambakkam Depot,Z2573,TN00AG1890,Ashok Leyland,BS-4,MTC - Dummy,No,Ordinary,,Active
Avadi Depot,K1046,TN01AN5401,Ashok Leyland,BS-6,MTC,No,Ordinary,,Active
Iyyapanthangal Depot,K1228,TN01AN5657,Ashok Leyland,BS-6,MTC,No,Ordinary,21-11-2025,Active
Adambakkam Depot,K1231,TN01AN5719,Ashok Leyland,BS-6,MTC,No,Ordinary,21-11-2025,Active
Adambakkam Depot,K1234,TN01AN5691,Ashok Leyland,BS-6,MTC,No,Ordinary,21-11-2025,Active
Avadi Depot,K1204,TN01AN5655,Ashok Leyland,BS-6,MTC,No,Ordinary,21-11-2025,Active
Anna Nagar Depot,K1223,TN01AN5682,Ashok Leyland,BS-6,MTC,No,Ordinary,21-11-2025,Active
Adambakkam Depot,K1244,TN01AN5674,Ashok Leyland,BS-6,MTC,No,Ordinary,21-11-2025,Active
Anna Nagar Depot,K1229,TN01AN5697,Ashok Leyland,BS-6,MTC,No,Ordinary,21-11-2025,Active
Avadi Depot,K1206,TN01AN5692,Ashok Leyland,BS-6,MTC,No,Ordinary,21-11-2025,Active
Ayanavaram Depot,K1209,TN01AN5640,Ashok Leyland,BS-6,MTC,No,Ordinary,21-11-2025,Active
Adambakkam Depot,K1235,TN01AN5648,Ashok Leyland,BS-6,MTC,No,Ordinary,21-11-2025,Active
Adambakkam Depot,K1207,TN01AN5720,Ashok Leyland,BS-6,MTC,No,Ordinary,21-11-2025,Active
Anna Nagar Depot,K1210,TN01AN5670,Ashok Leyland,BS-6,MTC,No,Ordinary,21-11-2025,Active
Madhavaram Depot,K1208,TN01AN5677,Ashok Leyland,BS-6,MTC,No,Ordinary,21-11-2025,Active
Ennore Depot,K1219,TN01AN5656,Ashok Leyland,BS-6,MTC,No,Ordinary,21-11-2025,Active
Ennore Depot,K1227,TN01AN5680,Ashok Leyland,BS-6,MTC,No,Ordinary,21-11-2025,Active
Adambakkam Depot,K1242,TN01AN5666,Ashok Leyland,BS-6,MTC,No,Ordinary,21-11-2025,Active
Vadapalani Depot,K1226,TN01AN5683,Ashok Leyland,BS-6,MTC,No,Ordinary,21-11-2025,Active
Adambakkam Depot,K1216,TN01AN5724,Ashok Leyland,BS-6,MTC,No,Ordinary,21-11-2025,Active
Ayanavaram Depot,K1215,TN01AN5645,Ashok Leyland,BS-6,MTC,No,Ordinary,21-11-2025,Active
Iyyapanthangal Depot,K1212,TN01AN5693,Ashok Leyland,BS-6,MTC,No,Ordinary,21-11-2025,Active
Madhavaram Depot,K1211,TN01AN5726,Ashok Leyland,BS-6,MTC,No,Ordinary,21-11-2025,Active
Chrompet -I Depot,K1118,TN01AN5558,Ashok Leyland,BS-6,MTC,No,Ordinary,,Active
Iyyapanthangal Depot,K0047,TN01AN4072,Ashok Leyland,BS-6,MTC,No,Ordinary,,Active
Iyyapanthangal Depot,K0046,TN01AN4077,Ashok Leyland,BS-6,MTC,No,Ordinary,,Active
Iyyapanthangal Depot,K0001,TN01AN3998,Ashok Leyland,BS-6,MTC,No,Ordinary,,Active
Iyyapanthangal Depot,K0006,TN01AN4017,Ashok Leyland,BS-6,MTC,No,Ordinary,,Active
Iyyapanthangal Depot,K0032,TN01AN3993,Ashok Leyland,BS-6,MTC,No,Ordinary,,Active
Iyyapanthangal Depot,K0007,TN01AN4059,Ashok Leyland,BS-6,MTC,No,Ordinary,,Active
Iyyapanthangal Depot,K0054,TN01AN4042,Ashok Leyland,BS-6,MTC,No,Ordinary,,Active
Iyyapanthangal Depot,K0037,TN01AN4048,Ashok Leyland,BS-6,MTC,No,Ordinary,,Active
Iyyapanthangal Depot,K0036,TN01AN4079,Ashok Leyland,BS-6,MTC,No,Ordinary,,Active
Iyyapanthangal Depot,K0031,TN01AN3960,Ashok Leyland,BS-6,MTC,No,Ordinary,,Active
Vadapalani Depot,K1041,TN01AN5352,Ashok Leyland,BS-6,MTC,No,Ordinary,,Active
Vadapalani Depot,K1039,TN01AN5448,Ashok Leyland,BS-6,MTC,No,Ordinary,,Active
Vadapalani Depot,K0880,TN01AN5398,Ashok Leyland,BS-6,MTC,No,Ordinary,,Active
Vadapalani Depot,K0247,TN01AN4779,Ashok Leyland,BS-6,MTC,No,Ordinary,07-09-2016,Active
Vadapalani Depot,K0246,TN01AN4771,Ashok Leyland,BS-6,MTC,No,Ordinary,22-03-2020,Active
Iyyapanthangal Depot,K0017,TN01AN4109,Ashok Leyland,BS-6,MTC,No,Ordinary,,Active
Tambaram Depot,J2080,TN01AN3804,Ashok Leyland,BS-4,MTC,No,Deluxe,06-03-2020,Active
Padiyanallur Depot,J2085,TN01AN4025,Ashok Leyland,BS-4,MTC,No,Deluxe,22-03-2020,Active
Ennore Depot,J2081,TN01AN3754,Ashok Leyland,BS-4,MTC,No,Deluxe,08-03-2020,Active
K.K. Nagar Depot,J0747,TN01AN1705,Tata,BS-4,MTC,No,Ordinary,20-09-2016,Active
K.K. Nagar Depot,J0492,TN01AN1184,Tata,BS-4,MTC,No,Ordinary,09-10-2015,Active
K.K. Nagar Depot,J0406,TN01AN0833,Tata,BS-4,MTC,No,Ordinary,16-06-2014,Active
Mandaveli Depot,AMNEX01,TN01AM0001,Tata,BS-4,MTC,No,Ordinary,05-11-2025,Inactive
T.Nagar Depot,J0424,TN01AN0852,Tata,BS-4,MTC,No,Ordinary,16-06-2014,Active
Madhavaram Depot,I2992,TN01N9509,Ashok Leyland,BS-3,MTC,No,Ordinary,18-04-2010,Inactive
Madhavaram Depot,I1458,TN01N5776,Ashok Leyland,BS-3,MTC,No,Ordinary,04-02-2008,Inactive
Madhavaram Depot,I1113,TN01N5214,Ashok Leyland,BS-3,MTC,No,Ordinary,26-12-2007,Inactive
Anna Nagar Depot,I1118,TN01N5404,Ashok Leyland,BS-3,MTC,No,Ordinary,31-12-2007,Inactive
Anna Nagar Depot,I1302,TN01N5475,Ashok Leyland,BS-3,MTC,No,Ordinary,31-12-2007,Inactive
Anna Nagar Depot,I1293,TN01N5452,Ashok Leyland,BS-3,MTC,No,Ordinary,31-12-2007,Inactive
Tambaram Depot,I1145,TN01N5439,Ashok Leyland,BS-3,MTC,No,Ordinary,31-12-2007,Inactive
Tambaram Depot,I1164,TN01N5577,Ashok Leyland,BS-3,MTC,No,Ordinary,02-01-2008,Inactive
N/A,I0952,TN01N5034,Ashok Leyland,BS-3,MTC,No,Ordinary,01-11-2007,Inactive
N/A,I1135,TN01N5772,Ashok Leyland,BS-3,MTC,No,Ordinary,04-02-2008,Inactive
Anna Nagar Depot,I1141,TN01N5487,Ashok Leyland,BS-3,MTC,No,Ordinary,31-12-2007,Inactive
Kannagi Nagar Depot,I0957,TN01N5362,Ashok Leyland,BS-3,MTC,No,Ordinary,28-12-2007,Inactive
Central Depot EV,I1624,TN01N5997,Ashok Leyland,BS-3,MTC,No,Ordinary,31-07-2008,Inactive
Anna Nagar Depot,I1049,TN01N5303,Ashok Leyland,BS-3,MTC,No,Ordinary,28-12-2007,Inactive
Tambaram Depot,I0717,TN01N4752,Ashok Leyland,BS-3,MTC,No,Ordinary,03-09-2007,Inactive
Vadapalani Depot,I1086,TN01N5131,Ashok Leyland,BS-3,MTC,No,Ordinary,26-12-2007,Inactive
Anna Nagar Depot,I0905,TN01N5256,Ashok Leyland,BS-3,MTC,No,Ordinary,27-12-2007,Inactive
Anna Nagar Depot,I1111,TN01N5278,Ashok Leyland,BS-3,MTC,No,Ordinary,28-12-2007,Inactive
Ambattur Depot,I1430,TN01N5673,Ashok Leyland,BS-3,MTC,No,Ordinary,11-01-2008,Inactive
Central Depot EV,I0721,TN01N4691,Ashok Leyland,BS-3,MTC,No,Ordinary,22-08-2007,Inactive
Central Depot EV,I1461,TN01N5783,Ashok Leyland,BS-3,MTC,No,Ordinary,04-02-2008,Inactive
Kannagi Nagar Depot,I1073,TN01N5113,Ashok Leyland,BS-3,MTC,No,Ordinary,26-12-2007,Inactive
Kundrathur Depot,I1470,TN01N5837,Ashok Leyland,BS-3,MTC,No,Ordinary,29-02-2008,Inactive
Adambakkam Depot,I1143,TN01N5436,Ashok Leyland,BS-3,MTC,No,Ordinary,31-12-2007,Inactive
Central Depot EV,I0722,TN01N4782,Ashok Leyland,BS-3,MTC,No,Ordinary,03-09-2007,Inactive
Kannagi Nagar Depot,I1006,TN01N5087,Ashok Leyland,BS-3,MTC,No,Ordinary,26-12-2007,Inactive
Kannagi Nagar Depot,I1464,TN01N5821,Ashok Leyland,BS-3,MTC,No,Ordinary,21-02-2008,Inactive
Kannagi Nagar Depot,I1319,TN01N5375,Ashok Leyland,BS-3,MTC,No,Ordinary,31-12-2007,Inactive
Iyyapanthangal Depot,I1050,TN01N5079,Ashok Leyland,BS-3,MTC,No,Ordinary,26-12-2007,Inactive
Perambur Depot,K0078,TN01AN4119,Ashok Leyland,BS-6,MTC,No,Ordinary,,Active
Iyyapanthangal Depot,Z0921,TN01AN0013,Ashok Leyland,BS-4,MTC - Dummy,No,Ordinary,02-03-2020,Active
Iyyapanthangal Depot,Z0914,TN01AN0006,Ashok Leyland,BS-4,MTC - Dummy,No,Deluxe,23-06-2019,Active
Iyyapanthangal Depot,Z0928,TN01AN0020,Ashok Leyland,BS-4,MTC - Dummy,No,Ordinary,23-06-2019,Active
Iyyapanthangal Depot,Z0925,TN01AN0017,Ashok Leyland,BS-4,MTC - Dummy,No,Ordinary,08-03-2020,Active
Iyyapanthangal Depot,Z0927,TN01AN0019,Ashok Leyland,BS-4,MTC - Dummy,No,Ordinary,23-06-2019,Active
Iyyapanthangal Depot,Z0918,TN01AN0010,Ashok Leyland,BS-4,MTC - Dummy,No,Deluxe,29-02-2016,Active
Iyyapanthangal Depot,Z0924,TN01AN0016,Ashok Leyland,BS-4,MTC - Dummy,No,Deluxe,20-05-2019,Active
Iyyapanthangal Depot,Z0923,TN01AN0015,Ashok Leyland,BS-4,MTC - Dummy,No,Deluxe,20-02-2020,Active
Iyyapanthangal Depot,Z0919,TN01AN0011,Ashok Leyland,BS-4,MTC - Dummy,No,Ordinary,29-02-2016,Active
Iyyapanthangal Depot,Z0922,TN01AN0014,Ashok Leyland,BS-4,MTC - Dummy,No,Deluxe,06-05-2019,Active
Iyyapanthangal Depot,Z0909,TN01AN0001,Ashok Leyland,BS-4,MTC - Dummy,No,Ordinary,06-05-2019,Active
Vadapalani Depot,I1109,TN01N5512,Ashok Leyland,BS-3,MTC,No,Ordinary,31-12-2007,Inactive
Central Depot EV,I1140,TN01N5515,Ashok Leyland,BS-3,MTC,No,Ordinary,31-12-2007,Inactive
Ambattur Depot,I1360,TN01N5646,Ashok Leyland,BS-3,MTC,No,Ordinary,07-01-2008,Inactive
Ambattur Depot,I1362,TN01N5698,Ashok Leyland,BS-3,MTC,No,Ordinary,11-01-2008,Inactive
Avadi Depot,I1435,TN01N5755,Ashok Leyland,BS-3,MTC,No,Ordinary,21-01-2008,Inactive
Avadi Depot,I1442,TN01N5740,Ashok Leyland,BS-3,MTC,No,Ordinary,21-01-2008,Inactive
Tondiarpet-1 Depot EV,I1602,TN01N5980,Ashok Leyland,BS-3,MTC,No,Ordinary,30-07-2008,Inactive
Tondiarpet-1 Depot EV,I1609,TN01N5961,Ashok Leyland,BS-3,MTC,No,Ordinary,30-07-2008,Inactive
Adyar Depot,I0936,TN01N5253,Ashok Leyland,BS-3,MTC,No,Ordinary,27-12-2007,Inactive
Adyar Depot,I0937,TN01N5238,Ashok Leyland,BS-3,MTC,No,Ordinary,27-12-2007,Inactive
Semmenchery Depot,I1002,TN01N5359,Ashok Leyland,BS-3,MTC,No,Ordinary,28-12-2007,Inactive
Semmenchery Depot,I1043,TN01N5197,Ashok Leyland,BS-3,MTC,No,Ordinary,26-12-2007,Inactive
Kundrathur Depot,I1097,TN01N5134,Ashok Leyland,BS-3,MTC,No,Ordinary,26-12-2007,Inactive
Thiruvanmiyur Depot,I1112,TN01N5170,Ashok Leyland,BS-3,MTC,No,Ordinary,26-12-2007,Inactive
Tambaram Depot,I0740,TN01N4822,Ashok Leyland,BS-3,MTC,No,Ordinary,10-09-2007,Inactive
Perambur Depot,PA126,ZZ02TR2214,Ashok Leyland,BS-6,MTC - Dummy,No,Deluxe,,Active
Perambur Depot,PA100,ZZ02TR0209,Ashok Leyland,BS-6,MTC - Dummy,No,Ordinary,,Active
Perambur Depot,PA125,ZZ02TR2213,Ashok Leyland,BS-6,MTC - Dummy,No,Ordinary,,Active
Perambur Depot,PA122,ZZ02TR2210,Ashok Leyland,BS-6,MTC - Dummy,No,Ordinary,,Active
Perambur Depot,PA123,ZZ02TR2211,Ashok Leyland,BS-6,MTC - Dummy,No,Ordinary,,Active
Perambur Depot,PA124,ZZ02TR2212,Ashok Leyland,BS-6,MTC - Dummy,No,Ordinary,,Active
Perambur Depot,PA127,ZZ02TR2215,Ashok Leyland,BS-6,MTC - Dummy,No,Deluxe,,Active
Perambur Depot,PA129,ZZ02TR2217,Ashok Leyland,BS-6,MTC - Dummy,No,Deluxe,,Active
Tondiarpet-1 Depot EV,I0723,TN01N4784,Ashok Leyland,BS-3,MTC,No,Ordinary,03-09-2007,Inactive
Avadi Depot,I1014,TN01N5333,Ashok Leyland,BS-3,MTC,No,Ordinary,28-12-2007,Inactive
Ambattur Depot,I0718,TN01N4702,Ashok Leyland,BS-3,MTC,No,Ordinary,03-09-2007,Inactive
Kannagi Nagar Depot,I0732,TN01N4887,Ashok Leyland,BS-3,MTC,No,Ordinary,17-09-2007,Inactive
Madhavaram Depot,K0990,TN01AN5629,Ashok Leyland,BS-4,MTC,No,Ordinary,,Active
Semmenchery Depot,I1281,TN01N5437,Ashok Leyland,BS-3,MTC,No,Ordinary,31-12-2007,Inactive
Chrompet -I Depot,J1942,TN01AN3677,Ashok Leyland,BS-4,MTC,No,Deluxe,02-03-2020,Active
Chrompet -I Depot,J1898,TN01AN3749,Ashok Leyland,BS-4,MTC,No,Deluxe,05-03-2020,Active
Chrompet -I Depot,J0803,TN01AN1571,Ashok Leyland,BS-4,MTC,No,Ordinary,16-05-2016,Active
Iyyapanthangal Depot,J1999,TN01AN3965,Ashok Leyland,BS-4,MTC,No,Deluxe,22-03-2020,Active
Iyyapanthangal Depot,Z15992,AD01DU1969,Ashok Leyland,BS-4,MTC - Dummy,No,Ordinary,18-02-2014,Active
Iyyapanthangal Depot,Z15989,AD01DU1966,Ashok Leyland,BS-6,MTC - Dummy,No,Ordinary,18-02-2014,Active
Iyyapanthangal Depot,Z15988,AD01DU1965,Ashok Leyland,BS-6,MTC - Dummy,No,Ordinary,18-02-2014,Active
Iyyapanthangal Depot,Z15987,AD01DU1964,Ashok Leyland,BS-6,MTC - Dummy,No,Ordinary,18-02-2014,Active
Iyyapanthangal Depot,Z15977,AD01DU1954,Ashok Leyland,BS-6,MTC - Dummy,No,Express,,Active
Iyyapanthangal Depot,Z15976,AD01DU1953,Ashok Leyland,BS-6,MTC - Dummy,No,Express,,Active
Chrompet -I Depot,K0308,TN01AN4659,Ashok Leyland,BS-6,MTC,No,Ordinary,22-03-2020,Active
Chrompet -I Depot,K0989,TN01AN5393,Ashok Leyland,BS-6,MTC,No,Ordinary,24-06-2019,Active
Chrompet -I Depot,K0955,TN01AN5239,Ashok Leyland,BS-6,MTC,No,Ordinary,24-06-2019,Active
Chrompet -I Depot,J0763,TN01AN1488,Ashok Leyland,BS-4,MTC,No,Ordinary,14-04-2016,Active
Chrompet -I Depot,J0228,TN01AN0576,Ashok Leyland,BS-4,MTC,No,Ordinary,21-11-2012,Active
Chrompet -I Depot,J1539,TN01AN2873,Ashok Leyland,BS-4,MTC,No,Deluxe,11-07-2019,Active
Chrompet -I Depot,J1897,TN01AN3732,Ashok Leyland,BS-4,MTC,No,Deluxe,09-03-2020,Active
Chrompet -I Depot,J1565,TN01AN3013,Ashok Leyland,BS-4,MTC,No,Deluxe,07-08-2019,Active
Chrompet -I Depot,J1892,TN01AN3756,Ashok Leyland,BS-4,MTC,No,Deluxe,06-03-2020,Active
Chrompet -I Depot,J1813,TN01AN3672,Ashok Leyland,BS-4,MTC,No,Deluxe,04-03-2020,Active
Chrompet -I Depot,J2012,TN01AN3819,Ashok Leyland,BS-4,MTC,No,Deluxe,06-03-2020,Active
Chrompet -I Depot,J1195,TN01AN2236,Ashok Leyland,BS-4,MTC,No,Deluxe,13-05-2019,Active
Chrompet -I Depot,K0125,TN01AN4164,Ashok Leyland,BS-6,MTC,No,Ordinary,,Active
Chrompet -I Depot,K1006,TN01AN5373,Ashok Leyland,BS-6,MTC,No,Ordinary,,Active
Chrompet -I Depot,K1007,TN01AN5382,Ashok Leyland,BS-6,MTC,No,Ordinary,,Active
Chrompet -I Depot,J1046,TN01AN1985,Ashok Leyland,BS-4,MTC,No,Deluxe,22-04-2019,Active
Chrompet -I Depot,J1871,TN01AN3665,Ashok Leyland,BS-4,MTC,No,Deluxe,04-03-2020,Active
Chrompet -I Depot,K0108,TN01AN4149,Ashok Leyland,BS-6,MTC,No,Ordinary,22-04-2019,Active
Chrompet -I Depot,K0101,TN01AN4178,Ashok Leyland,BS-6,MTC,No,Ordinary,,Active
Chrompet -I Depot,J1841,TN01AN3670,Ashok Leyland,BS-4,MTC,No,Deluxe,02-03-2020,Active
Chrompet -I Depot,J2027,TN01AN3767,Ashok Leyland,BS-4,MTC,No,Deluxe,06-03-2020,Active
Mandaveli Depot,J1691,TN01AN3339,Tata,BS-4,MTC,No,Deluxe,09-12-2019,Active
Mandaveli Depot,J0577,TN01AN1445,Tata,BS-4,MTC,No,Ordinary,31-03-2016,Active
Kannagi Nagar Depot,J1859,TN01AN3637,Ashok Leyland,BS-4,MTC,No,Deluxe,02-03-2020,Active
Padiyanallur Depot,J1372,TN01AN2919,Ashok Leyland,BS-4,MTC,No,Deluxe,11-07-2019,Active
Ayanavaram Depot,J1427,TN01AN2650,Ashok Leyland,BS-4,MTC,No,Deluxe,25-06-2019,Active
Kannagi Nagar Depot,J0840,TN01AN1651,Ashok Leyland,BS-4,MTC,No,Ordinary,07-09-2016,Active
Iyyapanthangal Depot,J0841,TN01AN1672,Ashok Leyland,BS-4,MTC,No,Ordinary,07-09-2016,Active
Central Depot EV,I2000,TN01N8096,Ashok Leyland,BS-3,MTC,No,Ordinary,10-12-2008,Inactive
Adambakkam Depot,Z0358,ZZ10MV0102,Ashok Leyland,BS-4,MTC - Dummy,No,Ordinary,,Inactive
Z Dummy Depot,I1644,TN01N7281,Ashok Leyland,BS-3,MTC,No,Ordinary,14-08-2008,Inactive
Central Depot EV,I1151,TN01N5433,Ashok Leyland,BS-3,MTC,No,Ordinary,31-12-2007,Inactive
Z Dummy Depot,I1983,TN01N8042,Ashok Leyland,BS-3,MTC,No,Ordinary,01-12-2008,Inactive
Central Depot EV,I0710,TN01N4772,Ashok Leyland,BS-3,MTC,No,Ordinary,03-09-2007,Inactive
Central Depot EV,I1910,TN01N7403,Ashok Leyland,BS-3,MTC,No,Ordinary,29-08-2008,Inactive
Semmenchery Depot,I1945,TN01N7720,Ashok Leyland,BS-3,MTC,No,Ordinary,07-10-2008,Inactive
Thiruvanmiyur Depot,I0735,TN01N4738,Ashok Leyland,BS-3,MTC,No,Ordinary,03-09-2007,Inactive
Anna Nagar Depot,I1990,TN01N8064,Ashok Leyland,BS-3,MTC,No,Ordinary,02-12-2008,Inactive
Adyar Depot,I0951,TN01N5320,Ashok Leyland,BS-3,MTC,No,Ordinary,28-12-2007,Inactive
Madhavaram Depot,I1316,TN01N5420,Ashok Leyland,BS-3,MTC,No,Ordinary,31-12-2007,Inactive
Madhavaram Depot,I1953,TN01N7769,Ashok Leyland,BS-3,MTC,No,Ordinary,17-10-2008,Inactive
Madhavaram Depot,I2901,TN01N8696,Ashok Leyland,BS-3,MTC,No,Ordinary,12-01-2010,Inactive
Madhavaram Depot,I1158,TN01N5671,Ashok Leyland,BS-3,MTC,No,Ordinary,11-01-2008,Inactive
Ambattur Depot,I1337,TN01N5793,Ashok Leyland,BS-3,MTC,No,Ordinary,06-02-2008,Inactive
Ayanavaram Depot,I0757,TN01N4933,Ashok Leyland,BS-3,MTC,No,Ordinary,03-10-2007,Inactive
Ayanavaram Depot,I1361,TN01N5639,Ashok Leyland,BS-3,MTC,No,Ordinary,07-01-2008,Inactive
Ayanavaram Depot,I1042,TN01N5288,Ashok Leyland,BS-3,MTC,No,Ordinary,28-12-2007,Inactive
Ayanavaram Depot,I0938,TN01N5234,Ashok Leyland,BS-3,MTC,No,Ordinary,27-12-2007,Inactive
Ayanavaram Depot,I1675,TN01N7499,Ashok Leyland,BS-3,MTC,No,Ordinary,09-09-2008,Inactive
Ayanavaram Depot,I0775,TN01N5020,Ashok Leyland,BS-3,MTC,No,Ordinary,19-10-2007,Inactive
Ayanavaram Depot,I1431,TN01N5719,Ashok Leyland,BS-3,MTC,No,Ordinary,21-01-2008,Inactive
Ayanavaram Depot,I0913,TN01N5078,Ashok Leyland,BS-3,MTC,No,Ordinary,14-12-2007,Inactive
Madhavaram Depot,I1690,TN01N7678,Ashok Leyland,BS-3,MTC,No,Ordinary,03-10-2008,Inactive
Madhavaram Depot,I1045,TN01N5339,Ashok Leyland,BS-3,MTC,No,Ordinary,28-12-2007,Inactive
Ambattur Depot,I1025,TN01N5331,Ashok Leyland,BS-3,MTC,No,Ordinary,28-12-2007,Inactive
Ennore Depot,I1001,TN01N5187,Ashok Leyland,BS-3,MTC,No,Ordinary,26-12-2007,Inactive
Tambaram Depot,I2045,TN01N8110,Ashok Leyland,BS-3,MTC,No,Ordinary,16-12-2008,Inactive
Semmenchery Depot,I1321,TN01N5441,Ashok Leyland,BS-3,MTC,No,Ordinary,31-12-2007,Inactive
Semmenchery Depot,I0970,TN01N5173,Ashok Leyland,BS-3,MTC,No,Ordinary,26-12-2007,Inactive
Semmenchery Depot,I1078,TN01N5263,Ashok Leyland,BS-3,MTC,No,Ordinary,28-12-2007,Inactive
Madhavaram Depot,I2904,TN01N8710,Ashok Leyland,BS-3,MTC,No,Ordinary,01-02-2010,Inactive
Madhavaram Depot,I2071,TN01N8152,Ashok Leyland,BS-3,MTC,No,Ordinary,31-12-2008,Inactive
Madhavaram Depot,I2970,TN01N9483,Ashok Leyland,BS-3,MTC,No,Ordinary,18-04-2010,Inactive
Madhavaram Depot,I1979,TN01N7914,Ashok Leyland,BS-3,MTC,No,Ordinary,13-11-2008,Inactive
Avadi Depot,I1625,TN01N7232,Ashok Leyland,BS-3,MTC,No,Ordinary,31-07-2008,Inactive
Avadi Depot,I2965,TN01N9428,Ashok Leyland,BS-3,MTC,No,Ordinary,31-03-2010,Inactive
Anna Nagar Depot,I1984,TN01N8022,Ashok Leyland,BS-3,MTC,No,Ordinary,01-12-2008,Inactive
Ayanavaram Depot,I2066,TN01N8139,Ashok Leyland,BS-3,MTC,No,Ordinary,30-12-2008,Inactive
Kannagi Nagar Depot,I0602,TN01N4641,Ashok Leyland,BS-3,MTC,No,Ordinary,13-08-2007,Inactive
Thiruvanmiyur Depot,I0926,TN01N5194,Ashok Leyland,BS-3,MTC,No,Ordinary,26-12-2007,Inactive
Thiruvanmiyur Depot,I1103,TN01N5416,Ashok Leyland,BS-3,MTC,No,Ordinary,31-12-2007,Inactive
Thiruvanmiyur Depot,I1176,TN01N5593,Ashok Leyland,BS-3,MTC,No,Ordinary,02-01-2008,Inactive
Madhavaram Depot,K0997,TN01AN5554,Ashok Leyland,BS-6,MTC,No,Ordinary,,Active
Madhavaram Depot,K0998,TN01AN5620,Ashok Leyland,BS-6,MTC,No,Ordinary,,Active
Vadapalani Depot,K1110,TN01AN5562,Ashok Leyland,BS-6,MTC,No,Ordinary,,Active
Anna Nagar Depot,K1002,TN01AN5568,Ashok Leyland,BS-6,MTC,No,Ordinary,,Active
Avadi Depot,K1113,TN01AN5596,Ashok Leyland,BS-6,MTC,No,Ordinary,,Active
Anna Nagar Depot,K1000,TN01AN5610,Ashok Leyland,BS-6,MTC,No,Ordinary,,Active
Vadapalani Depot,K1105,TN01AN5592,Ashok Leyland,BS-6,MTC,No,Ordinary,,Active
Anna Nagar Depot,K1106,TN01AN5625,Ashok Leyland,BS-6,MTC,No,Ordinary,,Active
Anna Nagar Depot,K1103,TN01AN5565,Ashok Leyland,BS-6,MTC,No,Ordinary,,Active
Avadi Depot,K1108,TN01AN5614,Ashok Leyland,BS-6,MTC,No,Ordinary,,Active
Vadapalani Depot,K1104,TN01AN5546,Ashok Leyland,BS-6,MTC,No,Ordinary,,Active
Vadapalani Depot,K1114,TN01AN5587,Ashok Leyland,BS-6,MTC,No,Ordinary,,Active
Avadi Depot,K0996,TN01AN5577,Ashok Leyland,BS-6,MTC,No,Ordinary,,Active
Padiyanallur Depot,J1839,TN01AN3724,Ashok Leyland,BS-4,MTC,No,Deluxe,02-03-2020,Active
Padiyanallur Depot,I1406,TN01N5684,Ashok Leyland,BS-3,MTC,No,Ordinary,11-01-2008,Inactive
Padiyanallur Depot,I0921,TN01N5265,Ashok Leyland,BS-3,MTC,No,Ordinary,28-12-2007,Inactive
Padiyanallur Depot,I1149,TN01N5398,Ashok Leyland,BS-3,MTC,No,Ordinary,31-12-2007,Inactive
Padiyanallur Depot,I1996,TN01N8101,Ashok Leyland,BS-3,MTC,No,Ordinary,12-12-2008,Inactive
Padiyanallur Depot,I1902,TN01N7350,Ashok Leyland,BS-3,MTC,No,Ordinary,27-08-2008,Inactive
Padiyanallur Depot,I1465,TN01N5824,Ashok Leyland,BS-3,MTC,No,Ordinary,21-02-2008,Inactive
Madhavaram Depot,I2050,TN01N8120,Ashok Leyland,BS-3,MTC,No,Ordinary,19-12-2008,Inactive
Madhavaram Depot,I0998,TN01N5295,Ashok Leyland,BS-3,MTC,No,Ordinary,28-12-2007,Inactive
Madhavaram Depot,I1190,TN01N5611,Ashok Leyland,BS-3,MTC,No,Ordinary,03-01-2008,Inactive
Ennore Depot,I2962,TN01N9245,Ashok Leyland,BS-3,MTC,No,Ordinary,30-03-2010,Inactive
Ennore Depot,I2917,TN01N8773,Ashok Leyland,BS-3,MTC,No,Ordinary,17-02-2010,Inactive
Ennore Depot,I1960,TN01N7806,Ashok Leyland,BS-3,MTC,No,Ordinary,30-10-2008,Inactive
Ennore Depot,I1047,TN01N5314,Ashok Leyland,BS-3,MTC,No,Ordinary,28-12-2007,Inactive
Tondiarpet-2 Depot,I2049,TN01N8123,Ashok Leyland,BS-3,MTC,No,Ordinary,19-12-2008,Inactive
Tondiarpet-2 Depot,I1277,TN01N5504,Ashok Leyland,BS-3,MTC,No,Ordinary,31-12-2007,Inactive
Tondiarpet-2 Depot,I2048,TN01N8119,Ashok Leyland,BS-3,MTC,No,Ordinary,18-12-2008,Inactive
Tondiarpet-1 Depot EV,I2043,TN01N8109,Ashok Leyland,BS-3,MTC,No,Ordinary,15-12-2008,Inactive
Tondiarpet-1 Depot EV,I2061,TN01N8134,Ashok Leyland,BS-3,MTC,No,Ordinary,30-12-2008,Inactive
Tondiarpet-1 Depot EV,I1460,TN01N5779,Ashok Leyland,BS-3,MTC,No,Ordinary,04-02-2008,Inactive
Tondiarpet-1 Depot EV,I1065,TN01N5335,Ashok Leyland,BS-3,MTC,No,Ordinary,28-12-2007,Inactive
Tondiarpet-1 Depot EV,I1420,TN01N5749,Ashok Leyland,BS-3,MTC,No,Ordinary,21-01-2008,Inactive
Tondiarpet-1 Depot EV,I2034,TN01N7751,Ashok Leyland,BS-3,MTC,No,Ordinary,15-10-2008,Inactive
Tondiarpet-1 Depot EV,I2057,TN01N8137,Ashok Leyland,BS-3,MTC,No,Ordinary,30-12-2008,Inactive
Tondiarpet-1 Depot EV,I2028,TN01N7687,Ashok Leyland,BS-3,MTC,No,Ordinary,06-10-2008,Inactive
Avadi Depot,I1963,TN01N7798,Ashok Leyland,BS-3,MTC,No,Ordinary,30-10-2008,Inactive
Avadi Depot,I2902,TN01N8706,Ashok Leyland,BS-3,MTC,No,Ordinary,01-02-2010,Inactive
Avadi Depot,I2073,TN01N8150,Ashok Leyland,BS-3,MTC,No,Ordinary,31-12-2008,Inactive
Avadi Depot,I2935,TN01N8874,Ashok Leyland,BS-3,MTC,No,Ordinary,05-03-2010,Inactive
Avadi Depot,I2027,TN01N7679,Ashok Leyland,BS-3,MTC,No,Ordinary,06-10-2008,Inactive
Ambattur Depot,I1056,TN01N5458,Ashok Leyland,BS-3,MTC,No,Ordinary,31-12-2007,Inactive
Anna Nagar Depot,I1640,TN01N7290,Ashok Leyland,BS-3,MTC,No,Ordinary,14-08-2008,Inactive
Anna Nagar Depot,I1128,TN01N5526,Ashok Leyland,BS-3,MTC,No,Ordinary,31-12-2007,Inactive
Anna Nagar Depot,I2939,TN01N8879,Ashok Leyland,BS-3,MTC,No,Ordinary,08-03-2010,Inactive
Anna Nagar Depot,I1069,TN01N5312,Ashok Leyland,BS-3,MTC,No,Ordinary,28-12-2007,Inactive
Anna Nagar Depot,I1379,TN01N5658,Ashok Leyland,BS-3,MTC,No,Ordinary,11-01-2008,Inactive
Anna Nagar Depot,I2056,TN01N8140,Ashok Leyland,BS-3,MTC,No,Ordinary,30-12-2008,Inactive
Anna Nagar Depot,I0996,TN01N5241,Ashok Leyland,BS-3,MTC,No,Ordinary,27-12-2007,Inactive
Anna Nagar Depot,I2021,TN01N7734,Ashok Leyland,BS-3,MTC,No,Ordinary,10-10-2008,Inactive
Anna Nagar Depot,I1357,TN01N5707,Ashok Leyland,BS-3,MTC,No,Ordinary,11-01-2008,Inactive
Anna Nagar Depot,I0508,TN01N4556,Ashok Leyland,BS-3,MTC,No,Ordinary,13-07-2007,Inactive
Anna Nagar Depot,I0767,TN01N4926,Ashok Leyland,BS-3,MTC,No,Ordinary,03-10-2007,Inactive
Anna Nagar Depot,I0504,TN01N4554,Ashok Leyland,BS-3,MTC,No,Ordinary,13-07-2007,Inactive
Anna Nagar Depot,I2053,TN01N8125,Ashok Leyland,BS-3,MTC,No,Ordinary,22-12-2008,Inactive
Basin Bridge Depot,I2946,TN01N9126,Ashok Leyland,BS-3,MTC,No,Ordinary,18-03-2010,Inactive
Basin Bridge Depot,I1400,TN01N5675,Ashok Leyland,BS-3,MTC,No,Ordinary,11-01-2008,Inactive
Basin Bridge Depot,I1089,TN01N5126,Ashok Leyland,BS-3,MTC,No,Ordinary,26-12-2007,Inactive
Basin Bridge Depot,I2975,TN01N9443,Ashok Leyland,BS-3,MTC,No,Ordinary,08-04-2010,Inactive
Basin Bridge Depot,I0706,TN01N4666,Ashok Leyland,BS-3,MTC,No,Ordinary,17-08-2007,Inactive
Perambur Depot,I0547,TN01N4644,Ashok Leyland,BS-3,MTC,No,Ordinary,13-08-2007,Inactive
Perambur Depot,I1433,TN01N5731,Ashok Leyland,BS-3,MTC,No,Ordinary,21-01-2008,Inactive
Perambur Depot,I0992,TN01N5239,Ashok Leyland,BS-3,MTC,No,Ordinary,27-12-2007,Inactive
Perambur Depot,I0994,TN01N5252,Ashok Leyland,BS-3,MTC,No,Ordinary,27-12-2007,Inactive
Perambur Depot,I1117,TN01N5484,Ashok Leyland,BS-3,MTC,No,Ordinary,31-12-2007,Inactive
Central Depot EV,I1958,TN01N7799,Ashok Leyland,BS-3,MTC,No,Ordinary,30-10-2008,Inactive
Central Depot EV,I1449,TN01N5737,Ashok Leyland,BS-3,MTC,No,Ordinary,21-01-2008,Inactive
Central Depot EV,I1938,TN01N7661,Ashok Leyland,BS-3,MTC,No,Ordinary,03-10-2008,Inactive
Central Depot EV,I1965,TN01N7826,Ashok Leyland,BS-3,MTC,No,Ordinary,31-10-2008,Inactive
Central Depot EV,I2055,TN01N8145,Ashok Leyland,BS-3,MTC,No,Ordinary,30-12-2008,Inactive
Vadapalani Depot,I1323,TN01N5592,Ashok Leyland,BS-3,MTC,No,Ordinary,02-01-2008,Inactive
Vadapalani Depot,I1081,TN01N5321,Ashok Leyland,BS-3,MTC,No,Ordinary,28-12-2007,Inactive
Vadapalani Depot,I1066,TN01N5218,Ashok Leyland,BS-3,MTC,No,Ordinary,26-12-2007,Inactive
Vadapalani Depot,I1062,TN01N5118,Ashok Leyland,BS-3,MTC,No,Ordinary,26-12-2007,Inactive
Vadapalani Depot,I1060,TN01N5198,Ashok Leyland,BS-3,MTC,No,Ordinary,26-12-2007,Inactive
Kundrathur Depot,I1448,TN01N5738,Ashok Leyland,BS-3,MTC,No,Ordinary,21-01-2008,Inactive
Kundrathur Depot,I2928,TN01N8867,Ashok Leyland,BS-3,MTC,No,Ordinary,02-03-2010,Inactive
Kundrathur Depot,I1311,TN01N5459,Ashok Leyland,BS-3,MTC,No,Ordinary,31-12-2007,Inactive
Kundrathur Depot,I1022,TN01N5353,Ashok Leyland,BS-3,MTC,No,Ordinary,28-12-2007,Inactive
Kundrathur Depot,I1314,TN01N5434,Ashok Leyland,BS-3,MTC,No,Ordinary,31-12-2007,Inactive
Tambaram Depot,I1028,TN01N5528,Ashok Leyland,BS-3,MTC,No,Ordinary,31-12-2007,Inactive
Tambaram Depot,I0716,TN01N4825,Ashok Leyland,BS-3,MTC,No,Ordinary,10-09-2007,Inactive
Tambaram Depot,I1987,TN01N8017,Ashok Leyland,BS-3,MTC,No,Ordinary,01-12-2008,Inactive
Tambaram Depot,I0772,TN01N4998,Ashok Leyland,BS-3,MTC,No,Ordinary,12-10-2007,Inactive
Tambaram Depot,I1475,TN01N5841,Ashok Leyland,BS-3,MTC,No,Ordinary,03-03-2008,Inactive
Tambaram Depot,I0714,TN01N4647,Ashok Leyland,BS-3,MTC,No,Ordinary,17-08-2007,Inactive
Saidapet Depot,I1154,TN01N5584,Ashok Leyland,BS-3,MTC,No,Ordinary,02-01-2008,Inactive
Saidapet Depot,I1155,TN01N5586,Ashok Leyland,BS-3,MTC,No,Ordinary,02-01-2008,Inactive
Saidapet Depot,I1971,TN01N7897,Ashok Leyland,BS-3,MTC,No,Ordinary,12-11-2008,Inactive
Saidapet Depot,I1139,TN01N5496,Ashok Leyland,BS-3,MTC,No,Ordinary,31-12-2007,Inactive
Saidapet Depot,I1392,TN01N5665,Ashok Leyland,BS-3,MTC,No,Ordinary,11-01-2008,Inactive
Saidapet Depot,I1152,TN01N5403,Ashok Leyland,BS-3,MTC,No,Ordinary,31-12-2007,Inactive
Saidapet Depot,I1961,TN01N7801,Ashok Leyland,BS-3,MTC,No,Ordinary,30-10-2008,Inactive
Saidapet Depot,I1393,TN01N5694,Ashok Leyland,BS-3,MTC,No,Ordinary,11-01-2008,Inactive
Semmenchery Depot,I1326,TN01N5565,Ashok Leyland,BS-3,MTC,No,Ordinary,02-01-2008,Inactive
Semmenchery Depot,I1348,TN01N5819,Ashok Leyland,BS-3,MTC,No,Ordinary,21-02-2008,Inactive
Thiruvanmiyur Depot,I0975,TN01N5361,Ashok Leyland,BS-3,MTC,No,Ordinary,28-12-2007,Inactive
Thiruvanmiyur Depot,I1029,TN01N5220,Ashok Leyland,BS-3,MTC,No,Ordinary,26-12-2007,Inactive
Adambakkam Depot,I1395,TN01N5697,Ashok Leyland,BS-3,MTC,No,Ordinary,11-01-2008,Inactive
Adambakkam Depot,I2062,TN01N8130,Ashok Leyland,BS-3,MTC,No,Ordinary,30-12-2008,Inactive
Adambakkam Depot,I2072,TN01N8146,Ashok Leyland,BS-3,MTC,No,Ordinary,31-12-2008,Inactive
Adambakkam Depot,I2044,TN01N8112,Ashok Leyland,BS-3,MTC,No,Ordinary,16-12-2008,Inactive
Adambakkam Depot,I1686,TN01N7635,Ashok Leyland,BS-3,MTC,No,Ordinary,30-09-2008,Inactive
Adyar Depot,I1011,TN01N5317,Ashok Leyland,BS-3,MTC,No,Ordinary,28-12-2007,Inactive
Adyar Depot,I1279,TN01N5478,Ashok Leyland,BS-3,MTC,No,Ordinary,31-12-2007,Inactive
Adyar Depot,I1120,TN01N5094,Ashok Leyland,BS-3,MTC,No,Ordinary,26-12-2007,Inactive
Adyar Depot,I1091,TN01N5095,Ashok Leyland,BS-3,MTC,No,Ordinary,26-12-2007,Inactive
Adyar Depot,I0776,TN01N4966,Ashok Leyland,BS-3,MTC,No,Ordinary,05-10-2007,Inactive
Adyar Depot,I0510,TN01N4568,Ashok Leyland,BS-3,MTC,No,Ordinary,19-07-2007,Inactive
Adyar Depot,I0744,TN01N4867,Ashok Leyland,BS-3,MTC,No,Ordinary,14-09-2007,Inactive
Z Dummy Depot,ZZ832,ZZ01KA0012,Ashok Leyland,BS-6,MTC - Dummy,No,Deluxe,,Active
Chrompet -I Depot,J1156,TN01AN2063,Ashok Leyland,BS-4,MTC,No,Deluxe,01-05-2019,Active
Vadapalani Depot,K0928,TN01AN5261,Ashok Leyland,BS-6,MTC,No,Ordinary,,Active
Padiyanallur Depot,J1917,TN01AN3812,Ashok Leyland,BS-4,MTC,No,Deluxe,14-03-2020,Active
Tambaram Depot,K1049,TN01AN5361,Ashok Leyland,BS-6,MTC,No,Ordinary,,Active
Thiruvanmiyur Depot,K0939,TN01AN5314,Ashok Leyland,BS-6,MTC,No,Ordinary,,Active
Anna Nagar Depot,K1043,TN01AN5389,Ashok Leyland,BS-6,MTC,No,Ordinary,,Active
Tondiarpet-2 Depot,K1072,TN01AN5463,Ashok Leyland,BS-6,MTC,No,Ordinary,,Active
Iyyapanthangal Depot,K1048,TN01AN5495,Ashok Leyland,BS-6,MTC,No,Ordinary,,Active
Semmenchery Depot,K1042,TN01AN5466,Ashok Leyland,BS-6,MTC,No,Ordinary,,Active
Tambaram Depot,K1071,TN01AN5333,Ashok Leyland,BS-6,MTC,No,Ordinary,,Active
Ayanavaram Depot,K1070,TN01AN5492,Ashok Leyland,BS-6,MTC,No,Ordinary,,Active
Tondiarpet-2 Depot,K0940,TN01AN5289,Ashok Leyland,BS-6,MTC,No,Ordinary,,Active
Padiyanallur Depot,K0974,TN01AN5275,Ashok Leyland,BS-6,MTC,No,Ordinary,,Active
Ayanavaram Depot,K1069,TN01AN5337,Ashok Leyland,BS-6,MTC,No,Ordinary,,Active
Madhavaram Depot,K0970,TN01AN5384,Ashok Leyland,BS-6,MTC,No,Ordinary,,Active
Madhavaram Depot,K0969,TN01AN5290,Ashok Leyland,BS-6,MTC,No,Ordinary,,Active
Thiruvanmiyur Depot,K0942,TN01AN5296,Ashok Leyland,BS-6,MTC,No,Ordinary,,Active
Madhavaram Depot,K0965,TN01AN5343,Ashok Leyland,BS-6,MTC,No,Ordinary,,Active
Basin Bridge Depot,K0964,TN01AN5244,Ashok Leyland,BS-6,MTC,No,Ordinary,,Active
Saidapet Depot,K0962,TN01AN5324,Ashok Leyland,BS-6,MTC,No,Ordinary,,Active
Thiruvanmiyur Depot,K0943,TN01AN5287,Ashok Leyland,BS-6,MTC,No,Ordinary,,Active
Chrompet -II Depot,K0944,TN01AN5396,Ashok Leyland,BS-6,MTC,No,Ordinary,,Active
Tondiarpet-2 Depot,K0948,TN01AN5253,Ashok Leyland,BS-6,MTC,No,Ordinary,,Active
Basin Bridge Depot,K0966,TN01AN5295,Ashok Leyland,BS-6,MTC,No,Ordinary,,Active
Thiruvanmiyur Depot,K1013,TN01AN5526,Ashok Leyland,BS-6,MTC,No,Ordinary,,Active
Kannagi Nagar Depot,K1014,TN01AN5467,Ashok Leyland,BS-6,MTC,No,Ordinary,,Active
Madhavaram Depot,K0972,TN01AN5414,Ashok Leyland,BS-6,MTC,No,Ordinary,,Active
Madhavaram Depot,K0937,TN01AN5241,Ashok Leyland,BS-6,MTC,No,Ordinary,,Active
Tambaram Depot,K1015,TN01AN5454,Ashok Leyland,BS-6,MTC,No,Ordinary,,Active
Tambaram Depot,K0949,TN01AN5524,Ashok Leyland,BS-6,MTC,No,Ordinary,,Active
Tambaram Depot,K1012,TN01AN5481,Ashok Leyland,BS-6,MTC,No,Ordinary,,Active
Anna Nagar Depot,K0986,TN01AN5407,Ashok Leyland,BS-6,MTC,No,Ordinary,,Active
Iyyapanthangal Depot,K1038,TN01AN5503,Ashok Leyland,BS-6,MTC,No,Ordinary,,Active
Ayanavaram Depot,K1066,TN01AN5433,Ashok Leyland,BS-6,MTC,No,Ordinary,,Active
Ayanavaram Depot,K1067,TN01AN5484,Ashok Leyland,BS-6,MTC,No,Ordinary,,Active
Saidapet Depot,K1030,TN01AN5410,Ashok Leyland,BS-6,MTC,No,Ordinary,,Active
Saidapet Depot,K1055,TN01AN5478,Ashok Leyland,BS-6,MTC,No,Ordinary,,Active
Perambur Depot,K1100,TN01AN5459,Ashok Leyland,BS-6,MTC,No,Ordinary,,Active
Saidapet Depot,K1065,TN01AN5490,Ashok Leyland,BS-6,MTC,No,Ordinary,,Active
Ennore Depot,K1064,TN01AN5514,Ashok Leyland,BS-6,MTC,No,Ordinary,,Active
Perambur Depot,K1078,TN01AN5477,Ashok Leyland,BS-6,MTC,No,Ordinary,,Active
Saidapet Depot,K1077,TN01AN5432,Ashok Leyland,BS-6,MTC,No,Ordinary,,Active
Ayanavaram Depot,K1075,TN01AN5476,Ashok Leyland,BS-6,MTC,No,Ordinary,,Active
Tambaram Depot,K1074,TN01AN5437,Ashok Leyland,BS-6,MTC,No,Ordinary,,Active
Anna Nagar Depot,K1054,TN01AN5513,Ashok Leyland,BS-6,MTC,No,Ordinary,,Active
Adambakkam Depot,K1034,TN01AN5472,Ashok Leyland,BS-6,MTC,No,Ordinary,,Active
Adyar Depot,K0987,TN01AN5529,Ashok Leyland,BS-6,MTC,No,Ordinary,,Active
Avadi Depot,K0988,TN01AN5392,Ashok Leyland,BS-6,MTC,No,Ordinary,,Active
Perambur Depot,K0991,TN01AN5603,Ashok Leyland,BS-6,MTC,No,Ordinary,,Active
Anna Nagar Depot,K0993,TN01AN5560,Ashok Leyland,BS-6,MTC,No,Ordinary,,Active
Perambur Depot,K0994,TN01AN5553,Ashok Leyland,BS-6,MTC,No,Ordinary,,Active
Padiyanallur Depot,K0995,TN01AN5532,Ashok Leyland,BS-6,MTC,No,Ordinary,,Active
Semmenchery Depot,K0855,TN01AN5418,Ashok Leyland,BS-6,MTC,No,Ordinary,,Active
Semmenchery Depot,K0856,TN01AN5380,Ashok Leyland,BS-6,MTC,No,Ordinary,,Active
Ayanavaram Depot,K0857,TN01AN5379,Ashok Leyland,BS-6,MTC,No,Ordinary,,Active
Ayanavaram Depot,K0886,TN01AN5285,Ashok Leyland,BS-6,MTC,No,Ordinary,,Active
Vadapalani Depot,K0887,TN01AN5301,Ashok Leyland,BS-6,MTC,No,Ordinary,,Active
Avadi Depot,K0910,TN01AN5280,Ashok Leyland,BS-6,MTC,No,Ordinary,,Active
Padiyanallur Depot,K0885,TN01AN5319,Ashok Leyland,BS-6,MTC,No,Ordinary,,Active
Ennore Depot,K0883,TN01AN5231,Ashok Leyland,BS-6,MTC,No,Ordinary,,Active
Iyyapanthangal Depot,K0876,TN01AN5409,Ashok Leyland,BS-6,MTC,No,Ordinary,,Active
Perambur Depot,K0874,TN01AN5254,Ashok Leyland,BS-6,MTC,No,Ordinary,,Active
Chrompet -II Depot,K0877,TN01AN5348,Ashok Leyland,BS-6,MTC,No,Ordinary,,Active
Perambur Depot,K0873,TN01AN5249,Ashok Leyland,BS-6,MTC,No,Ordinary,,Active
Ennore Depot,K0909,TN01AN5292,Ashok Leyland,BS-6,MTC,No,Ordinary,,Active
Madhavaram Depot,K0908,TN01AN5329,Ashok Leyland,BS-6,MTC,No,Ordinary,,Active
Chrompet -I Depot,K0907,TN01AN5235,Ashok Leyland,BS-6,MTC,No,Ordinary,,Active
Avadi Depot,K0906,TN01AN5330,Ashok Leyland,BS-6,MTC,No,Ordinary,,Active
Madhavaram Depot,K0905,TN01AN5278,Ashok Leyland,BS-6,MTC,No,Ordinary,,Active
Adyar Depot,K0894,TN01AN5267,Ashok Leyland,BS-6,MTC,No,Ordinary,,Active
Avadi Depot,K0918,TN01AN5248,Ashok Leyland,BS-6,MTC,No,Ordinary,,Active
Kannagi Nagar Depot,K0912,TN01AN5284,Ashok Leyland,BS-6,MTC,No,Ordinary,,Active
Vadapalani Depot,K0911,TN01AN5326,Ashok Leyland,BS-6,MTC,No,Ordinary,,Active
Perambur Depot,K0889,TN01AN5461,Ashok Leyland,BS-6,MTC,No,Ordinary,,Active
Adyar Depot,K0919,TN01AN5243,Ashok Leyland,BS-6,MTC,No,Ordinary,,Active
Avadi Depot,K0917,TN01AN5312,Ashok Leyland,BS-6,MTC,No,Ordinary,,Active
Ayanavaram Depot,K0930,TN01AN5405,Ashok Leyland,BS-6,MTC,No,Ordinary,,Active
Tambaram Depot,K0929,TN01AN5323,Ashok Leyland,BS-6,MTC,No,Ordinary,,Active
Chrompet -II Depot,K1080,TN01AN5493,Ashok Leyland,BS-6,MTC,No,Ordinary,,Active
Kannagi Nagar Depot,K0916,TN01AN5308,Ashok Leyland,BS-6,MTC,No,Ordinary,,Active
Vadapalani Depot,K0915,TN01AN5262,Ashok Leyland,BS-6,MTC,No,Ordinary,,Active
Adambakkam Depot,K0858,TN01AN5368,Ashok Leyland,BS-6,MTC,No,Ordinary,,Active
Ayanavaram Depot,K0859,TN01AN5367,Ashok Leyland,BS-6,MTC,No,Ordinary,,Active
Adambakkam Depot,K0860,TN01AN5378,Ashok Leyland,BS-6,MTC,No,Ordinary,,Active
Perambur Depot,K0861,TN01AN5268,Ashok Leyland,BS-6,MTC,No,Ordinary,,Active
Ayanavaram Depot,K0863,TN01AN5416,Ashok Leyland,BS-6,MTC,No,Ordinary,,Active
Chrompet -II Depot,K0864,TN01AN5356,Ashok Leyland,BS-6,MTC,No,Ordinary,,Active
Ayanavaram Depot,K0865,TN01AN5340,Ashok Leyland,BS-6,MTC,No,Ordinary,,Active
Chrompet -I Depot,K0891,TN01AN5242,Ashok Leyland,BS-6,MTC,No,Ordinary,,Active
Ayanavaram Depot,K0888,TN01AN5313,Ashok Leyland,BS-6,MTC,No,Ordinary,,Active
Perambur Depot,K1101,TN01AN5457,Ashok Leyland,BS-6,MTC,No,Ordinary,,Active
Avadi Depot,K1099,TN01AN5505,Ashok Leyland,BS-6,MTC,No,Ordinary,,Active
Perambur Depot,K1098,TN01AN5564,Ashok Leyland,BS-6,MTC,No,Ordinary,,Active
Ayanavaram Depot,K0933,TN01AN5421,Ashok Leyland,BS-6,MTC,No,Ordinary,,Active
Tambaram Depot,K0938,TN01AN5325,Ashok Leyland,BS-6,MTC,No,Ordinary,,Active
Basin Bridge Depot,K0945,TN01AN5376,Ashok Leyland,BS-6,MTC,No,Ordinary,,Active
Iyyapanthangal Depot,K0946,TN01AN5339,Ashok Leyland,BS-6,MTC,No,Ordinary,,Active
Adyar Depot,K0947,TN01AN5522,Ashok Leyland,BS-6,MTC,No,Ordinary,,Active
Vadapalani Depot,K1027,TN01AN5423,Ashok Leyland,BS-6,MTC,No,Ordinary,,Active
Vadapalani Depot,K1028,TN01AN5353,Ashok Leyland,BS-6,MTC,No,Ordinary,,Active
Tambaram Depot,K1073,TN01AN5427,Ashok Leyland,BS-6,MTC,No,Ordinary,,Active
Saidapet Depot,K1058,TN01AN5441,Ashok Leyland,BS-6,MTC,No,Ordinary,,Active
Tambaram Depot,K1056,TN01AN5429,Ashok Leyland,BS-6,MTC,No,Ordinary,,Active
Anna Nagar Depot,K1035,TN01AN5420,Ashok Leyland,BS-6,MTC,No,Ordinary,,Active
Adambakkam Depot,K1036,TN01AN5527,Ashok Leyland,BS-6,MTC,No,Ordinary,,Active
Iyyapanthangal Depot,K1023,TN01AN5360,Ashok Leyland,BS-6,MTC,No,Ordinary,,Active
Padiyanallur Depot,K1024,TN01AN5388,Ashok Leyland,BS-6,MTC,No,Ordinary,,Active
Padiyanallur Depot,K1025,TN01AN5424,Ashok Leyland,BS-6,MTC,No,Ordinary,,Active
Tambaram Depot,K1047,TN01AN5350,Ashok Leyland,BS-6,MTC,No,Ordinary,,Active
Saidapet Depot,K1050,TN01AN5470,Ashok Leyland,BS-6,MTC,No,Ordinary,,Active
Vadapalani Depot,K1052,TN01AN5482,Ashok Leyland,BS-6,MTC,No,Ordinary,,Active
Ayanavaram Depot,K1060,TN01AN5406,Ashok Leyland,BS-6,MTC,No,Ordinary,,Active
Ennore Depot,K1061,TN01AN5452,Ashok Leyland,BS-6,MTC,No,Ordinary,,Active
Perambur Depot,K1068,TN01AN5465,Ashok Leyland,BS-6,MTC,No,Ordinary,,Active
Adyar Depot,K1084,TN01AN5387,Ashok Leyland,BS-6,MTC,No,Ordinary,,Active
Iyyapanthangal Depot,K1086,TN01AN5521,Ashok Leyland,BS-6,MTC,No,Ordinary,,Active
Ayanavaram Depot,K1123,TN01AN5446,Ashok Leyland,BS-6,MTC,No,Ordinary,,Active
Vadapalani Depot,K1057,TN01AN5431,Ashok Leyland,BS-6,MTC,No,Ordinary,,Active
Madhavaram Depot,K1096,TN01AN5511,Ashok Leyland,BS-6,MTC,No,Ordinary,,Active
Perambur Depot,K1097,TN01AN5557,Ashok Leyland,BS-6,MTC,No,Ordinary,,Active
Perambur Depot,K1095,TN01AN5486,Ashok Leyland,BS-6,MTC,No,Ordinary,,Active
Vadapalani Depot,K1094,TN01AN5440,Ashok Leyland,BS-6,MTC,No,Ordinary,,Active
Madhavaram Depot,K1089,TN01AN5438,Ashok Leyland,BS-6,MTC,No,Ordinary,,Active
Padiyanallur Depot,K0960,TN01AN5328,Ashok Leyland,BS-6,MTC,No,Ordinary,,Active
Kannagi Nagar Depot,K0959,TN01AN5391,Ashok Leyland,BS-6,MTC,No,Ordinary,,Active
Saidapet Depot,K0958,TN01AN5236,Ashok Leyland,BS-6,MTC,No,Ordinary,,Active
Padiyanallur Depot,K0957,TN01AN5293,Ashok Leyland,BS-6,MTC,No,Ordinary,,Active
Saidapet Depot,K0956,TN01AN5315,Ashok Leyland,BS-6,MTC,No,Ordinary,,Active
Anna Nagar Depot,K0954,TN01AN5386,Ashok Leyland,BS-6,MTC,No,Ordinary,,Active
Kannagi Nagar Depot,K0953,TN01AN5355,Ashok Leyland,BS-6,MTC,No,Ordinary,,Active
Ennore Depot,K0952,TN01AN5497,Ashok Leyland,BS-6,MTC,No,Ordinary,,Active
Ayanavaram Depot,K0951,TN01AN5518,Ashok Leyland,BS-6,MTC,No,Ordinary,,Active
Perambur Depot,K0881,TN01AN5346,Ashok Leyland,BS-6,MTC,No,Ordinary,,Active
Semmenchery Depot,K1031,TN01AN5512,Ashok Leyland,BS-6,MTC,No,Ordinary,,Active
Chrompet -II Depot,K1082,TN01AN5369,Ashok Leyland,BS-6,MTC,No,Ordinary,,Active
Adyar Depot,K1083,TN01AN5411,Ashok Leyland,BS-6,MTC,No,Ordinary,,Active
Ayanavaram Depot,K1081,TN01AN5483,Ashok Leyland,BS-6,MTC,No,Ordinary,,Active
Perambur Depot,K0950,TN01AN5397,Ashok Leyland,BS-6,MTC,No,Ordinary,,Active
Ayanavaram Depot,K0854,TN01AN5428,Ashok Leyland,BS-6,MTC,No,Ordinary,,Active
Semmenchery Depot,K0896,TN01AN5523,Ashok Leyland,BS-6,MTC,No,Ordinary,,Active
Anna Nagar Depot,K0899,TN01AN5375,Ashok Leyland,BS-6,MTC,No,Ordinary,,Active
Ennore Depot,K0890,TN01AN5294,Ashok Leyland,BS-6,MTC,No,Ordinary,,Active
Chrompet -I Depot,K0895,TN01AN5258,Ashok Leyland,BS-6,MTC,No,Ordinary,,Active
Vadapalani Depot,K0897,TN01AN5274,Ashok Leyland,BS-6,MTC,No,Ordinary,,Active
Thiruvanmiyur Depot,K0898,TN01AN5451,Ashok Leyland,BS-6,MTC,No,Ordinary,,Active
Ayanavaram Depot,K1092,TN01AN5530,Ashok Leyland,BS-6,MTC,No,Ordinary,,Active
Iyyapanthangal Depot,K1091,TN01AN5519,Ashok Leyland,BS-6,MTC,No,Ordinary,,Active
Anna Nagar Depot,K1033,TN01AN5359,Ashok Leyland,BS-6,MTC,No,Ordinary,,Active
Adambakkam Depot,K0901,TN01AN5517,Ashok Leyland,BS-6,MTC,No,Ordinary,,Active
Adyar Depot,K0902,TN01AN5288,Ashok Leyland,BS-6,MTC,No,Ordinary,,Active
Semmenchery Depot,K1040,TN01AN5439,Ashok Leyland,BS-6,MTC,No,Ordinary,,Active
Adambakkam Depot,K1044,TN01AN5445,Ashok Leyland,BS-6,MTC,No,Ordinary,,Active
Avadi Depot,K0903,TN01AN5317,Ashok Leyland,BS-6,MTC,No,Ordinary,,Active
Ennore Depot,K0904,TN01AN5251,Ashok Leyland,BS-6,MTC,No,Ordinary,,Active
Avadi Depot,K1088,TN01AN5334,Ashok Leyland,BS-6,MTC,No,Ordinary,,Active
Basin Bridge Depot,K1016,TN01AN5447,Ashok Leyland,BS-6,MTC,No,Ordinary,,Active
Iyyapanthangal Depot,K1018,TN01AN5344,Ashok Leyland,BS-6,MTC,No,Ordinary,,Active
Perambur Depot,K0927,TN01AN5544,Ashok Leyland,BS-6,MTC,No,Ordinary,,Active
Ennore Depot,K0882,TN01AN5310,Ashok Leyland,BS-6,MTC,No,Ordinary,,Active
Iyyapanthangal Depot,K0878,TN01AN5402,Ashok Leyland,BS-6,MTC,No,Ordinary,,Active
Iyyapanthangal Depot,K0879,TN01AN5422,Ashok Leyland,BS-6,MTC,No,Ordinary,,Active
Tambaram Depot,K0920,TN01AN5272,Ashok Leyland,BS-6,MTC,No,Ordinary,,Active
Tambaram Depot,K0921,TN01AN5316,Ashok Leyland,BS-6,MTC,No,Ordinary,,Active
Tambaram Depot,K0922,TN01AN5277,Ashok Leyland,BS-6,MTC,No,Ordinary,,Active
Anna Nagar Depot,K1019,TN01AN5443,Ashok Leyland,BS-6,MTC,No,Ordinary,,Active
Tambaram Depot,K1020,TN01AN5349,Ashok Leyland,BS-6,MTC,No,Ordinary,,Active
Anna Nagar Depot,K1017,TN01AN5509,Ashok Leyland,BS-6,MTC,No,Ordinary,,Active
Perambur Depot,K0923,TN01AN5623,Ashok Leyland,BS-6,MTC,No,Ordinary,,Active
Avadi Depot,K0926,TN01AN5449,Ashok Leyland,BS-6,MTC,No,Ordinary,,Active
Anna Nagar Depot,K0924,TN01AN5508,Ashok Leyland,BS-6,MTC,No,Ordinary,,Active
Chrompet -I Depot,K0892,TN01AN5270,Ashok Leyland,BS-6,MTC,No,Ordinary,,Active
Anna Nagar Depot,K0893,TN01AN5371,Ashok Leyland,BS-6,MTC,No,Ordinary,,Active
Thiruvanmiyur Depot,K1029,TN01AN5425,Ashok Leyland,BS-6,MTC,No,Ordinary,,Active
Basin Bridge Depot,K0867,TN01AN5394,Ashok Leyland,BS-6,MTC,No,Ordinary,,Active
Ayanavaram Depot,K1079,TN01AN5442,Ashok Leyland,BS-6,MTC,No,Ordinary,,Active
Basin Bridge Depot,K0870,TN01AN5385,Ashok Leyland,BS-6,MTC,No,Ordinary,,Active
Vadapalani Depot,K1026,TN01AN5335,Ashok Leyland,BS-6,MTC,No,Ordinary,,Active
Madhavaram Depot,K1109,TN01AN5621,Ashok Leyland,BS-6,MTC,No,Ordinary,,Active
Madhavaram Depot,K1115,TN01AN5608,Ashok Leyland,BS-6,MTC,No,Ordinary,,Active
Madhavaram Depot,K1116,TN01AN5533,Ashok Leyland,BS-6,MTC,No,Ordinary,,Active
Iyyapanthangal Depot,K1119,TN01AN5460,Ashok Leyland,BS-6,MTC,No,Ordinary,,Active
Perambur Depot,K1120,TN01AN5528,Ashok Leyland,BS-6,MTC,No,Ordinary,,Active
Saidapet Depot,K1121,TN01AN5485,Ashok Leyland,BS-6,MTC,No,Ordinary,,Active
Perambur Depot,K1122,TN01AN5383,Ashok Leyland,BS-6,MTC,No,Ordinary,,Active
Ayanavaram Depot,K0978,TN01AN5404,Ashok Leyland,BS-6,MTC,No,Ordinary,,Active
Madhavaram Depot,K0979,TN01AN5238,Ashok Leyland,BS-6,MTC,No,Ordinary,,Active
Avadi Depot,K0980,TN01AN5403,Ashok Leyland,BS-6,MTC,No,Ordinary,,Active
Avadi Depot,K0981,TN01AN5342,Ashok Leyland,BS-6,MTC,No,Ordinary,,Active
Anna Nagar Depot,K0983,TN01AN5279,Ashok Leyland,BS-6,MTC,No,Ordinary,,Active
Avadi Depot,K0984,TN01AN5377,Ashok Leyland,BS-6,MTC,No,Ordinary,,Active
Adyar Depot,K1005,TN01AN5520,Ashok Leyland,BS-6,MTC,No,Ordinary,,Active
Perambur Depot,K1011,TN01AN5358,Ashok Leyland,BS-6,MTC,No,Ordinary,,Active
Iyyapanthangal Depot,K0875,TN01AN5366,Ashok Leyland,BS-6,MTC,No,Ordinary,,Active
Chrompet -II Depot,K0872,TN01AN5395,Ashok Leyland,BS-6,MTC,No,Ordinary,,Active
Avadi Depot,J1089,TN01AN2181,Ashok Leyland,BS-4,MTC,No,Deluxe,02-05-2019,Active
Kannagi Nagar Depot,ZZ835,ZZ01KA0015,Ashok Leyland,BS-6,MTC - Dummy,No,Ordinary,,Active
Chrompet -I Depot,Z0036,ZZ01CR0006,Ashok Leyland,BS-6,MTC - Dummy,No,Small Bus(Express),,Active
Chrompet -I Depot,ZO1O0,TN02N7659,Ashok Leyland,BS-4,MTC - Dummy,No,Deluxe,18-05-2025,Active
Chrompet -I Depot,Z0037,ZZ01CR0007,Ashok Leyland,BS-6,MTC - Dummy,No,Ordinary,,Active
Chrompet -I Depot,Z01010,TN02AN2301,Ashok Leyland,BS-6,MTC - Dummy,No,Deluxe,18-05-2025,Active
Chrompet -I Depot,Z0038,ZZ01CR0008,Ashok Leyland,BS-6,MTC - Dummy,No,Ordinary,,Active
Z Dummy Depot,Z4321,GJ01AA4321,Tata,BS-4,MTC - Dummy,No,Ordinary,17-06-2024,Inactive
Z Dummy Depot,J000,TN01AN0000,Ashok Leyland,BS-4,MTC - Dummy,Yes,AC,02-07-2024,Inactive
Thiruvanmiyur Depot,ZZ879,ZZ01TR0019,Ashok Leyland,BS-6,MTC - Dummy,No,Ordinary,,Active
Chrompet -I Depot,J0809,TN01AN1557,Ashok Leyland,BS-4,MTC,No,Ordinary,16-05-2016,Active
Chrompet -I Depot,J0810,TN01AN1544,Ashok Leyland,BS-4,MTC,No,Ordinary,16-05-2016,Active
K.K. Nagar Depot,ZZ854,ZZ01KK0014,Ashok Leyland,BS-6,MTC - Dummy,No,Deluxe,,Active
Anna Nagar Depot,J0815,TN01AN1559,Ashok Leyland,BS-4,MTC,No,Ordinary,16-05-2016,Active
Basin Bridge Depot,J1370,TN01AN2799,Ashok Leyland,BS-4,MTC,No,Deluxe,02-07-2019,Active
Mandaveli Depot,J1683,TN01AN3255,Tata,BS-4,MTC,No,Deluxe,31-10-2019,Active
Madhavaram Depot,Z0202,ZZ10MV0101,Ashok Leyland,BS-6,MTC - Dummy,No,Small Bus(Express),25-07-2025,Active
Madhavaram Depot,Z0201,ZZ01MV0033,Ashok Leyland,BS-6,MTC - Dummy,No,Small Bus(Express),25-07-2025,Active
Chrompet -I Depot,J2086,TN01AN4028,Ashok Leyland,BS-4,MTC,No,Deluxe,22-03-2020,Active
Madhavaram Depot,Z0111,ZZ01MV0062,Ashok Leyland,BS-6,MTC - Dummy,No,Ordinary,24-07-2025,Active
Madhavaram Depot,Z0110,ZZ01MV0061,Ashok Leyland,BS-6,MTC - Dummy,No,Ordinary,24-07-2025,Active
Madhavaram Depot,Z0108,ZZ01MV0047,Ashok Leyland,BS-6,MTC - Dummy,No,Ordinary,24-07-2025,Active
Madhavaram Depot,Z0106,ZZ01MV0046,Ashok Leyland,BS-6,MTC - Dummy,No,Deluxe,24-07-2025,Active
Madhavaram Depot,Z0105,ZZ01MV0044,Ashok Leyland,BS-6,MTC - Dummy,No,Ordinary,24-07-2025,Active
Madhavaram Depot,Z0103,ZZ01MV0042,Ashok Leyland,BS-6,MTC - Dummy,No,Ordinary,24-07-2025,Active
Madhavaram Depot,Z0102,ZZ01MV0041,Ashok Leyland,BS-6,MTC - Dummy,No,Ordinary,24-07-2025,Active
Madhavaram Depot,Z0101,ZZ01MV0040,Ashok Leyland,BS-6,MTC - Dummy,No,Ordinary,24-07-2025,Active
Madhavaram Depot,I2961,TN01N9381,Ashok Leyland,BS-3,MTC,No,Ordinary,31-03-2010,Inactive
K.K. Nagar Depot,J0524,TN01AN1253,Tata,BS-4,MTC,No,Ordinary,05-02-2016,Active
K.K. Nagar Depot,J0567,TN01AN1454,Tata,BS-4,MTC,No,Ordinary,31-03-2016,Active
K.K. Nagar Depot,Z1239,KN01TN0025,Ashok Leyland,BS-4,MTC - Dummy,No,Ordinary,,Active
K.K. Nagar Depot,ZZ841,ZZ01KK0001,Ashok Leyland,BS-6,MTC - Dummy,No,Ordinary,,Active
K.K. Nagar Depot,ZZ842,ZZ01KK0002,Ashok Leyland,BS-6,MTC - Dummy,No,Ordinary,,Active
K.K. Nagar Depot,ZZ843,ZZ01KK0003,Ashok Leyland,BS-6,MTC - Dummy,No,Deluxe,,Active
K.K. Nagar Depot,ZZ845,ZZ01KK0005,Ashok Leyland,BS-6,MTC - Dummy,No,Deluxe,,Active
K.K. Nagar Depot,ZZ844,ZZ01KK0004,Ashok Leyland,BS-6,MTC - Dummy,No,Deluxe,,Active
Basin Bridge Depot,J1846,TN01AN3593,Ashok Leyland,BS-4,MTC,No,Deluxe,23-02-2020,Active
Anna Nagar East Depot,J2018,TN01AN3871,Ashok Leyland,BS-4,MTC,No,Deluxe,22-03-2020,Active
Anna Nagar East Depot,J1940,TN01AN3792,Ashok Leyland,BS-4,MTC,No,Deluxe,13-03-2020,Active
Padiyanallur Depot,K0236,TN01AN4479,Ashok Leyland,BS-6,MTC,No,Ordinary,22-03-2020,Active
Padiyanallur Depot,Z0067,ZZ01PL0007,Ashok Leyland,BS-6,MTC - Dummy,No,Express,03-01-2019,Active
Padiyanallur Depot,Z0066,ZZ01PL0006,Ashok Leyland,BS-6,MTC - Dummy,No,Express,03-01-2019,Active
Padiyanallur Depot,Z0062,ZZ01PL0002,Ashok Leyland,BS-6,MTC - Dummy,No,Deluxe,03-01-2019,Active
K.K. Nagar Depot,ZZ858,ZZ01KK0018,Ashok Leyland,BS-6,MTC - Dummy,No,Deluxe,,Active
K.K. Nagar Depot,ZZ857,ZZ01KK0017,Ashok Leyland,BS-6,MTC - Dummy,No,Ordinary,,Active
K.K. Nagar Depot,ZZ852,ZZ01KK0012,Ashok Leyland,BS-6,MTC - Dummy,No,Ordinary,,Active
K.K. Nagar Depot,ZZ851,ZZ01KK0011,Ashok Leyland,BS-6,MTC - Dummy,No,Ordinary,,Active
K.K. Nagar Depot,ZZ850,ZZ01KK0010,Ashok Leyland,BS-6,MTC - Dummy,No,Ordinary,,Active
Avadi Depot,AVD03,AV01DU0003,Ashok Leyland,BS-4,MTC - Dummy,No,Deluxe,20-10-2019,Active
Avadi Depot,AVD04,AV01DU0004,Ashok Leyland,BS-4,MTC - Dummy,No,Ordinary,,Active
Avadi Depot,AVD05,AV01DU0005,Ashok Leyland,BS-4,MTC - Dummy,No,Ordinary,,Active
Avadi Depot,AVD07,AV01DU0007,Ashok Leyland,BS-4,MTC - Dummy,No,Ordinary,,Active
Avadi Depot,AVD08,AV01DU0008,Ashok Leyland,BS-4,MTC - Dummy,No,Ordinary,,Active
Avadi Depot,AVD09,AV01DU0009,Ashok Leyland,BS-4,MTC - Dummy,No,Ordinary,,Active
Avadi Depot,AVD10,AV01DU0010,Ashok Leyland,BS-4,MTC - Dummy,No,Ordinary,05-02-2016,Active
Avadi Depot,AVD14,AV01DU0014,Ashok Leyland,BS-4,MTC - Dummy,No,Small Bus(Express),05-02-2016,Active
Avadi Depot,AVD16,AV01DU0016,Ashok Leyland,BS-4,MTC - Dummy,No,Ordinary,,Active
Avadi Depot,AVD17,AV01DU0017,Ashok Leyland,BS-4,MTC - Dummy,No,Ordinary,,Active
Avadi Depot,AVD18,AV01DU0018,Ashok Leyland,BS-4,MTC - Dummy,No,Ordinary,,Active
Avadi Depot,AVD19,AV01DU0019,Ashok Leyland,BS-4,MTC - Dummy,No,Ordinary,,Active
Avadi Depot,AVD20,AV01DU0020,Ashok Leyland,BS-4,MTC - Dummy,No,Ordinary,,Active
Avadi Depot,AVD21,ZZ01AV0021,Ashok Leyland,BS-6,MTC - Dummy,No,Deluxe,,Active
Avadi Depot,AVD22,ZZ01AV0022,Ashok Leyland,BS-6,MTC - Dummy,No,Deluxe,,Active
Avadi Depot,AVD23,ZZ01AV0023,Ashok Leyland,BS-6,MTC - Dummy,No,Deluxe,,Active
Avadi Depot,AVD29,ZZ01AV0029,Ashok Leyland,BS-6,MTC - Dummy,No,Deluxe,,Active
Avadi Depot,AVD31,ZZ01AV0031,Ashok Leyland,BS-6,MTC - Dummy,No,Deluxe,,Active
Avadi Depot,AVD40,ZZ01AV0040,Ashok Leyland,BS-6,MTC - Dummy,No,Deluxe,,Active
Avadi Depot,AVD38,ZZ01AV0038,Ashok Leyland,BS-6,MTC - Dummy,No,Deluxe,,Active
Avadi Depot,AVD39,ZZ01AV0039,Ashok Leyland,BS-6,MTC - Dummy,No,Deluxe,,Active
Avadi Depot,AVD36,ZZ01AV0036,Ashok Leyland,BS-6,MTC - Dummy,No,Deluxe,,Active
Avadi Depot,AVD37,ZZ01AV0037,Ashok Leyland,BS-6,MTC - Dummy,No,Deluxe,,Active
Avadi Depot,AVD34,ZZ01AV0034,Ashok Leyland,BS-6,MTC - Dummy,No,Deluxe,,Active
Avadi Depot,AVD32,ZZ01AV0032,Ashok Leyland,BS-6,MTC - Dummy,No,Deluxe,,Active
Avadi Depot,AVD30,ZZ01AV0030,Ashok Leyland,BS-6,MTC - Dummy,No,Deluxe,,Active
Avadi Depot,AVD33,ZZ01AV0033,Ashok Leyland,BS-6,MTC - Dummy,No,Deluxe,,Active
Avadi Depot,AVD35,ZZ01AV0035,Ashok Leyland,BS-6,MTC - Dummy,No,Deluxe,,Active
Tambaram Depot,K0081,TN01AN4336,Ashok Leyland,BS-6,MTC,No,Ordinary,,Active
Tambaram Depot,K0233,TN01AN4377,Ashok Leyland,BS-6,MTC,No,Ordinary,,Active
Mandaveli Depot,J1692,TN01AN3294,Tata,BS-4,MTC,No,Deluxe,08-12-2019,Active
Padiyanallur Depot,J0817,TN01AN1545,Ashok Leyland,BS-4,MTC,No,Ordinary,16-05-2016,Active
Chrompet -I Depot,J1884,TN01AN3628,Ashok Leyland,BS-4,MTC,No,Deluxe,23-02-2020,Active
Tondiarpet-1 Depot EV,I1926,TN01N7605,Ashok Leyland,BS-3,MTC,No,Ordinary,29-09-2008,Inactive
Avadi Depot,J1926,TN01AN3898,Ashok Leyland,BS-4,MTC,No,Deluxe,22-03-2020,Active
Saidapet Depot,SPD08,SP01DU0008,Ashok Leyland,BS-4,MTC - Dummy,No,Ordinary,,Active
Saidapet Depot,SPD07,SP01DU0007,Ashok Leyland,BS-4,MTC - Dummy,No,Ordinary,,Active
Saidapet Depot,SPD06,SP01DU0006,Ashok Leyland,BS-4,MTC - Dummy,No,Ordinary,,Active
Saidapet Depot,SPD05,SP01DU0005,Ashok Leyland,BS-4,MTC - Dummy,No,Ordinary,,Active
Saidapet Depot,SPD03,SP01DU0003,Ashok Leyland,BS-4,MTC - Dummy,No,Ordinary,,Active
Ayanavaram Depot,I1192,TN01N5627,Ashok Leyland,BS-3,MTC,No,Ordinary,03-01-2008,Inactive
Anna Nagar Depot,I0001,TN01N4053,Ashok Leyland,BS-3,MTC,No,Ordinary,10-07-2006,Inactive
Kilambakkam Depot,Z2568,TN00AG1885,Ashok Leyland,BS-4,MTC - Dummy,No,Ordinary,,Inactive
Kilambakkam Depot,Z2570,TN00AG1887,Ashok Leyland,BS-4,MTC - Dummy,No,Ordinary,,Inactive
Kilambakkam Depot,Z2572,TN00AG1889,Ashok Leyland,BS-4,MTC - Dummy,No,Ordinary,,Inactive
Vadapalani Depot,Z9002,TN70AB2063,Ashok Leyland,BS-4,MTC - Dummy,No,Ordinary,07-06-2025,Inactive
Vadapalani Depot,Z9003,TN70AB2064,Ashok Leyland,BS-4,MTC - Dummy,No,Ordinary,07-06-2025,Inactive
Vadapalani Depot,Z9005,TN70AB2066,Ashok Leyland,BS-4,MTC - Dummy,No,Ordinary,07-06-2025,Inactive
Vadapalani Depot,Z9007,TN70AB2068,Ashok Leyland,BS-4,MTC - Dummy,No,Ordinary,07-06-2025,Inactive
Vadapalani Depot,Z9008,TN70AB2069,Ashok Leyland,BS-4,MTC - Dummy,No,Ordinary,07-06-2025,Inactive
Adyar Depot,Z9888,AD01DU1248,Ashok Leyland,BS-4,MTC - Dummy,No,Ordinary,,Inactive
Adyar Depot,Z9889,AD01DU1249,Ashok Leyland,BS-4,MTC - Dummy,No,Express,,Inactive
Adyar Depot,Z9890,AD01DU1250,Ashok Leyland,BS-4,MTC - Dummy,No,Ordinary,,Inactive
Adyar Depot,Z9891,AD01DU1251,Ashok Leyland,BS-4,MTC - Dummy,No,Ordinary,,Inactive
Adyar Depot,Z9892,AD01DU1252,Ashok Leyland,BS-4,MTC - Dummy,No,Ordinary,,Inactive
Adyar Depot,Z9893,AD01DU1253,Ashok Leyland,BS-4,MTC - Dummy,No,Ordinary,,Inactive
Adyar Depot,Z9894,AD01DU1254,Ashok Leyland,BS-4,MTC - Dummy,No,Ordinary,,Inactive
Adyar Depot,Z9895,AD01DU1255,Ashok Leyland,BS-4,MTC - Dummy,No,Ordinary,,Inactive
Adyar Depot,Z9896,AD01DU1256,Ashok Leyland,BS-4,MTC - Dummy,No,Deluxe,,Inactive
Adyar Depot,Z9897,AD01DU1257,Ashok Leyland,BS-4,MTC - Dummy,No,Deluxe,,Inactive
Adyar Depot,Z9898,AD01DU1258,Ashok Leyland,BS-4,MTC - Dummy,No,Ordinary,,Inactive
Adyar Depot,Z9899,AD01DU1259,Ashok Leyland,BS-4,MTC - Dummy,No,Ordinary,,Inactive
Adyar Depot,Z9900,AD01DU1260,Ashok Leyland,BS-4,MTC - Dummy,No,Ordinary,,Inactive
Adyar Depot,Z9901,AD01DU1261,Ashok Leyland,BS-4,MTC - Dummy,No,Ordinary,,Inactive
Adyar Depot,Z9902,AD01DU1262,Ashok Leyland,BS-4,MTC - Dummy,No,Deluxe,,Inactive
Mandaveli Depot,ZZ0001,ZZ00ZZ0001,Ashok Leyland,BS-4,MTC - Dummy,No,Ordinary,11-09-2024,Inactive
Mandaveli Depot,ZZ0002,ZZ00ZZ0002,Ashok Leyland,BS-3,MTC - Dummy,No,Ordinary,11-09-2024,Inactive
Mandaveli Depot,ZZ0004,ZZ00ZZ0004,Ashok Leyland,BS-3,MTC - Dummy,No,Ordinary,11-09-2024,Inactive
Kannagi Nagar Depot,ZZ121,ZZ02TR2222,Ashok Leyland,BS-6,MTC - Dummy,No,Ordinary,,Inactive
Kannagi Nagar Depot,ZZ122,ZZ02TR2223,Ashok Leyland,BS-6,MTC - Dummy,No,Ordinary,,Inactive
Kannagi Nagar Depot,ZZ123,ZZ02TR2224,Ashok Leyland,BS-6,MTC - Dummy,No,Ordinary,,Inactive
Kannagi Nagar Depot,ZZ124,ZZ02TR2225,Ashok Leyland,BS-6,MTC - Dummy,No,Ordinary,,Inactive
Kannagi Nagar Depot,ZZ125,ZZ02TR2226,Ashok Leyland,BS-6,MTC - Dummy,No,Ordinary,,Inactive
Kannagi Nagar Depot,ZZ126,ZZ02TR2227,Ashok Leyland,BS-6,MTC - Dummy,No,Deluxe,,Inactive
Kannagi Nagar Depot,ZZ127,ZZ02TR2228,Ashok Leyland,BS-6,MTC - Dummy,No,Deluxe,,Inactive
Kannagi Nagar Depot,ZZ128,ZZ02TR2229,Ashok Leyland,BS-6,MTC - Dummy,No,Deluxe,,Inactive
Kannagi Nagar Depot,ZZ129,ZZ02TR2230,Ashok Leyland,BS-6,MTC - Dummy,No,Deluxe,,Inactive
Anna Nagar Depot,ZZ806,ZZ01AN0026,Ashok Leyland,BS-6,MTC - Dummy,No,Ordinary,,Inactive
Anna Nagar Depot,ZZ807,ZZ01AN0027,Ashok Leyland,BS-6,MTC - Dummy,No,Ordinary,,Inactive
Anna Nagar Depot,ZZ808,ZZ01AN0028,Ashok Leyland,BS-6,MTC - Dummy,No,Ordinary,,Inactive
Anna Nagar Depot,ZZ810,ZZ01AN0030,Ashok Leyland,BS-6,MTC - Dummy,No,Ordinary,,Inactive
Anna Nagar Depot,ZZ809,ZZ01AN0029,Ashok Leyland,BS-6,MTC - Dummy,No,Ordinary,,Inactive
K.K. Nagar Depot,Z1238,KN01TN0029,Ashok Leyland,BS-4,MTC - Dummy,No,Small Bus,,Inactive
K.K. Nagar Depot,Z1237,KN01TN0028,Ashok Leyland,BS-4,MTC - Dummy,No,Small Bus,,Inactive
K.K. Nagar Depot,Z1236,KN01TN0027,Ashok Leyland,BS-6,MTC - Dummy,No,Small Bus,,Inactive
K.K. Nagar Depot,Z1235,KN01TN0026,Ashok Leyland,BS-4,MTC - Dummy,No,Small Bus,,Inactive
Basin Bridge Depot,Z1100,TN21N0053,Ashok Leyland,BS-3,MTC - Dummy,No,Ordinary,06-04-2025,Inactive
Mandaveli Depot,Z1010,TZ01ZZ1000,Tata,BS-4,MTC - Dummy,No,Ordinary,30-12-2024,Inactive
Vadapalani Depot,Z0709,TN01AN1655,Ashok Leyland,BS-4,MTC - Dummy,No,Express,07-06-2025,Inactive
Vadapalani Depot,Z0699,TN01AN1722,Ashok Leyland,BS-4,MTC - Dummy,No,Ordinary,07-06-2025,Inactive
Vadapalani Depot,Z0695,TN01AN1718,Ashok Leyland,BS-6,MTC - Dummy,No,Deluxe,07-06-2025,Inactive
Adambakkam Depot,Z0363,TN01AN5633,Ashok Leyland,BS-4,MTC - Dummy,No,Ordinary,,Inactive
Adambakkam Depot,Z0360,TN01AN5630,Ashok Leyland,BS-4,MTC - Dummy,No,Ordinary,,Inactive
Vadapalani Depot,Z0317,TN70AB2061,Ashok Leyland,BS-4,MTC - Dummy,No,Ordinary,07-06-2025,Inactive
Vadapalani Depot,Z0316,TN70AB2060,Ashok Leyland,BS-4,MTC - Dummy,No,Ordinary,07-06-2025,Inactive
Vadapalani Depot,Z0315,TN70AB2059,Ashok Leyland,BS-4,MTC - Dummy,No,Ordinary,07-06-2025,Inactive
Vadapalani Depot,Z0314,TN70AB2058,Ashok Leyland,BS-4,MTC - Dummy,No,Ordinary,07-06-2025,Inactive
Central Depot EV,Z0282,TN01AN0380,Ashok Leyland,BS-4,MTC - Dummy,No,Express,,Inactive
Central Depot EV,Z0281,TN01AN0379,Ashok Leyland,BS-4,MTC - Dummy,No,Express,,Inactive
Central Depot EV,Z0280,TN01AN0378,Ashok Leyland,BS-4,MTC - Dummy,No,Express,,Inactive
Central Depot EV,Z0279,TN01AN0377,Ashok Leyland,BS-4,MTC - Dummy,No,Express,,Inactive
Central Depot EV,Z0278,TN01AN0376,Ashok Leyland,BS-4,MTC - Dummy,No,Express,,Inactive
Central Depot EV,Z0277,TN01AN0375,Ashok Leyland,BS-4,MTC - Dummy,No,Express,,Inactive
Central Depot EV,Z0276,TN01AN0374,Ashok Leyland,BS-4,MTC - Dummy,No,Ordinary,,Inactive
Central Depot EV,Z0275,TN01AN0373,Ashok Leyland,BS-4,MTC - Dummy,No,Ordinary,,Inactive
Central Depot EV,Z0274,TN01AN0372,Ashok Leyland,BS-4,MTC - Dummy,No,Ordinary,,Inactive
Central Depot EV,Z0273,TN01AN0371,Ashok Leyland,BS-4,MTC - Dummy,No,Ordinary,,Inactive
Central Depot EV,Z0272,TN01AN0370,Ashok Leyland,BS-4,MTC - Dummy,No,Ordinary,,Inactive
Central Depot EV,Z0271,TN01AN0369,Ashok Leyland,BS-4,MTC - Dummy,No,Ordinary,,Inactive
Central Depot EV,Z0270,TN01AN0368,Ashok Leyland,BS-4,MTC - Dummy,No,Ordinary,,Inactive
Central Depot EV,Z0269,TN01AN0367,Ashok Leyland,BS-4,MTC - Dummy,No,Ordinary,,Inactive
Central Depot EV,Z0268,TN01AN0366,Ashok Leyland,BS-4,MTC - Dummy,No,Ordinary,,Inactive
Central Depot EV,Z0267,TN01AN0365,Ashok Leyland,BS-4,MTC - Dummy,No,Ordinary,,Inactive
Central Depot EV,Z0266,TN01AN0364,Ashok Leyland,BS-4,MTC - Dummy,No,Ordinary,,Inactive
Central Depot EV,Z0263,TN01AN0361,Ashok Leyland,BS-4,MTC - Dummy,No,Deluxe,,Inactive
Central Depot EV,Z0262,TN01AN0360,Ashok Leyland,BS-4,MTC - Dummy,No,Deluxe,,Inactive
Central Depot EV,Z0261,TN01AN0359,Ashok Leyland,BS-4,MTC - Dummy,No,Deluxe,,Inactive
Central Depot EV,Z0260,TN01AN0358,Ashok Leyland,BS-4,MTC - Dummy,No,Deluxe,,Inactive
Central Depot EV,Z0256,TN01AN0354,Ashok Leyland,BS-4,MTC - Dummy,No,Deluxe,,Inactive
Adambakkam Depot,Z0242,TN01AN8802,Ashok Leyland,BS-4,MTC - Dummy,No,Ordinary,,Inactive
Adambakkam Depot,Z0241,TN01AN8801,Ashok Leyland,BS-4,MTC - Dummy,No,Ordinary,,Inactive
Adambakkam Depot,Z0240,TN01AN8800,Ashok Leyland,BS-4,MTC - Dummy,No,Ordinary,,Inactive
Adambakkam Depot,Z0239,TN01AN8799,Ashok Leyland,BS-4,MTC - Dummy,No,Ordinary,,Inactive
Adambakkam Depot,Z0238,TN01AN8798,Ashok Leyland,BS-4,MTC - Dummy,No,Ordinary,,Inactive
Adambakkam Depot,Z0237,TN01AN8797,Ashok Leyland,BS-4,MTC - Dummy,No,Ordinary,,Inactive
Adambakkam Depot,Z0236,TN01AN8796,Ashok Leyland,BS-4,MTC - Dummy,No,Ordinary,,Inactive
Adambakkam Depot,Z0235,TN01AN8795,Ashok Leyland,BS-4,MTC - Dummy,No,Ordinary,,Inactive
Adambakkam Depot,Z0234,TN01AN8794,Ashok Leyland,BS-4,MTC - Dummy,No,Ordinary,,Inactive
Tambaram Depot,Z0090,ZZ01TA0020,Ashok Leyland,BS-6,MTC - Dummy,No,Deluxe,,Inactive
Tambaram Depot,Z0079,ZZ01TA0009,Ashok Leyland,BS-6,MTC - Dummy,No,Ordinary,,Inactive
Ayanavaram Depot,Z0049,ZZ01AY0009,Ashok Leyland,BS-6,MTC - Dummy,No,Ordinary,,Inactive
Ayanavaram Depot,Z0048,ZZ01AY0008,Ashok Leyland,BS-6,MTC - Dummy,No,Ordinary,,Inactive
Chrompet -I Depot,Z0040,ZZ01CR0010,Ashok Leyland,BS-6,MTC - Dummy,No,Ordinary,,Inactive
Chrompet -I Depot,Z0039,ZZ01CR0009,Ashok Leyland,BS-6,MTC - Dummy,No,Ordinary,,Inactive
Madhavaram Depot,Z0028,ZZ01MV0008,Ashok Leyland,BS-6,MTC - Dummy,No,Ordinary,,Inactive
Madhavaram Depot,Z0027,ZZ01MV0007,Ashok Leyland,BS-6,MTC - Dummy,No,Ordinary,,Inactive
Madhavaram Depot,Z0026,ZZ01MV0006,Ashok Leyland,BS-6,MTC - Dummy,No,Ordinary,,Inactive
Madhavaram Depot,Z0025,ZZ01MV0005,Ashok Leyland,BS-6,MTC - Dummy,No,Ordinary,,Inactive
Madhavaram Depot,Z0024,ZZ01MV0004,Ashok Leyland,BS-6,MTC - Dummy,No,Ordinary,,Inactive
Madhavaram Depot,Z0023,ZZ01MV0003,Ashok Leyland,BS-6,MTC - Dummy,No,Ordinary,,Inactive
Ennore Depot,Z0020,ZZ01EN0010,Ashok Leyland,BS-6,MTC - Dummy,No,Ordinary,,Inactive
Ennore Depot,Z0019,ZZ01EN0009,Ashok Leyland,BS-6,MTC - Dummy,No,Ordinary,,Inactive
Ennore Depot,Z0018,ZZ01EN0008,Ashok Leyland,BS-6,MTC - Dummy,No,Ordinary,,Inactive
Ennore Depot,Z0017,ZZ01EN0007,Ashok Leyland,BS-6,MTC - Dummy,No,Ordinary,,Inactive
Ennore Depot,Z0016,ZZ01EN0006,Ashok Leyland,BS-6,MTC - Dummy,No,Ordinary,,Inactive
Ennore Depot,Z0015,ZZ01EN0005,Ashok Leyland,BS-6,MTC - Dummy,No,Ordinary,,Inactive
Ennore Depot,Z0014,ZZ01EN0004,Ashok Leyland,BS-6,MTC - Dummy,No,Ordinary,,Inactive
Ennore Depot,Z0013,ZZ01EN0003,Ashok Leyland,BS-6,MTC - Dummy,No,Ordinary,,Inactive
Ennore Depot,Z0012,ZZ01EN0002,Ashok Leyland,BS-6,MTC - Dummy,No,Ordinary,,Inactive
T.Nagar Depot,Z0003,ZZ01TN0003,Ashok Leyland,BS-6,MTC - Dummy,No,Ordinary,,Inactive
T.Nagar Depot,Z0002,ZZ01TN0002,Ashok Leyland,BS-6,MTC - Dummy,No,Ordinary,,Inactive
Mandaveli Depot,Z00011,DM00DM2637,Tata,BS-4,MTC - Dummy,No,Deluxe,30-12-2024,Inactive
T.Nagar Depot,Z0001,ZZ01TN0001,Ashok Leyland,BS-6,MTC - Dummy,No,Ordinary,,Inactive
T.Nagar Depot,JZ004,TZ04TZ0004,eSSL,uFace-302,MTC - Dummy,No,Deluxe,30-11-2024,Inactive
T.Nagar Depot,JZ001,TZ01TZ0001,eSSL,uFace-302,MTC - Dummy,No,Deluxe,30-11-2024,Inactive
Basin Bridge Depot,X1230,TN01N4562,Ashok Leyland,BS-3,MTC - Dummy,No,Ordinary,06-04-2025,Inactive
Vysarpadi Depot EV,ZVY017,TN01LO6497,Ashok Leyland,BS-4,MTC - Dummy,No,Ordinary,19-04-2025,Inactive
Vysarpadi Depot EV,ZVY010,TN01OP5645,Ashok Leyland,BS-4,MTC - Dummy,No,Ordinary,07-04-2025,Inactive
Vysarpadi Depot EV,ZVY003,TN01AV3636,Ashok Leyland,BS-4,MTC - Dummy,No,Ordinary,12-02-2025,Inactive
Vysarpadi Depot EV,ZVY004,TN01BC5454,Ashok Leyland,BS-3,MTC - Dummy,No,Ordinary,05-04-2025,Inactive
Vysarpadi Depot EV,ZVY006,TN05DA2345,Ashok Leyland,BS-4,MTC - Dummy,No,Ordinary,07-04-2025,Inactive
Vysarpadi Depot EV,ZVY009,TN01HQ2564,Ashok Leyland,BS-4,MTC - Dummy,No,Ordinary,07-04-2025,Inactive
Vysarpadi Depot EV,ZVY011,TN01L3345,Ashok Leyland,BS-3,MTC - Dummy,No,Ordinary,19-04-2025,Inactive
Vysarpadi Depot EV,ZVY015,TN01GH5282,Ashok Leyland,BS-4,MTC - Dummy,No,Ordinary,19-04-2025,Inactive
Vysarpadi Depot EV,ZVY014,TN01FD5056,Ashok Leyland,BS-4,MTC - Dummy,No,Ordinary,19-04-2025,Inactive
Vysarpadi Depot EV,ZVY016,TN01OP6456,Ashok Leyland,BS-4,MTC - Dummy,No,Ordinary,19-04-2025,Inactive
Vysarpadi Depot EV,ZVY018,TN01DE5314,Ashok Leyland,BS-4,MTC - Dummy,No,Ordinary,19-04-2025,Inactive
K.K. Nagar Depot,T0123,TN01AN1111,Tata,BS-4,MTC - Dummy,No,Deluxe,23-07-2024,Inactive
N/A,T0321,TN01AN0123,Tata,BS-4,MTC - Dummy,No,AC,17-07-2024,Inactive
Basin Bridge Depot,ZR0001,TN05RA4561,Ashok Leyland,BS-4,MTC - Dummy,No,Ordinary,27-02-2010,Inactive
T.Nagar Depot,ZTN025,TN01AN9856,Tata,BS-4,MTC - Dummy,No,Ordinary,05-02-2025,Inactive
T.Nagar Depot,JTN005,TN02F8792,Ashok Leyland,BS-4,MTC - Dummy,No,Deluxe,06-02-2025,Inactive
T.Nagar Depot,JTN004,TN05D5651,Ashok Leyland,BS-4,MTC - Dummy,No,Deluxe,06-02-2025,Inactive
T.Nagar Depot,JTN003,TN05BN6466,Ashok Leyland,BS-4,MTC - Dummy,No,Deluxe,06-02-2025,Inactive
T.Nagar Depot,JTN002,TN03AN5287,Ashok Leyland,BS-4,MTC - Dummy,No,Deluxe,06-02-2025,Inactive
T.Nagar Depot,JTN001,TN02AN9852,Ashok Leyland,BS-4,MTC - Dummy,No,Deluxe,06-02-2025,Inactive
Poonamallee Depot,PMD13,PM01DU0032,Ashok Leyland,BS-4,MTC - Dummy,No,Ordinary,,Inactive
Poonamallee Depot,PMD02,PM01DU0021,Ashok Leyland,BS-4,MTC - Dummy,No,Deluxe,,Inactive
Poonamallee Depot,PMD03,PM01DU0022,Ashok Leyland,BS-4,MTC - Dummy,No,Deluxe,,Inactive
Poonamallee Depot,PMD06,PM01DU0025,Ashok Leyland,BS-4,MTC - Dummy,No,Deluxe,,Inactive
Poonamallee Depot,PMD05,PM01DU0024,Ashok Leyland,BS-4,MTC - Dummy,No,Deluxe,,Inactive
Poonamallee Depot,PMD07,PM01DU0026,Ashok Leyland,BS-4,MTC - Dummy,No,Deluxe,,Inactive
Poonamallee Depot,PMD09,PM01DU0028,Ashok Leyland,BS-4,MTC - Dummy,No,Ordinary,,Inactive
Poonamallee Depot,PMD08,PM01DU0027,Ashok Leyland,BS-4,MTC - Dummy,No,Ordinary,,Inactive
Poonamallee Depot,PMD11,PM01DU0030,Ashok Leyland,BS-4,MTC - Dummy,No,Ordinary,,Inactive
Poonamallee Depot,PMD10,PM01DU0029,Ashok Leyland,BS-4,MTC - Dummy,No,Ordinary,,Inactive
Poonamallee Depot,PMD12,PM01DU0031,Ashok Leyland,BS-4,MTC - Dummy,No,Ordinary,,Inactive
Poonamallee Depot,PMD14,PM01DU0033,Ashok Leyland,BS-4,MTC - Dummy,No,Ordinary,,Inactive
Poonamallee Depot,PMD15,PM01DU0034,Ashok Leyland,BS-4,MTC - Dummy,No,Ordinary,,Inactive
Basin Bridge Depot,B1234,TN12N0010,Ashok Leyland,BS-3,MTC - Dummy,No,Ordinary,06-04-2025,Inactive
Perumbakkam Depot EV,PA001,ZZ01PA0001,Ashok Leyland,BS-6,MTC - Dummy,No,Deluxe,,Inactive
Perumbakkam Depot EV,PA002,ZZ01PA0002,Ashok Leyland,BS-6,MTC - Dummy,No,Deluxe,,Inactive
Perumbakkam Depot EV,PA003,ZZ01PA0003,Ashok Leyland,BS-6,MTC - Dummy,No,Deluxe,,Inactive
Perumbakkam Depot EV,PA012,ZZ01PA0012,Ashok Leyland,BS-6,MTC - Dummy,No,Deluxe,,Inactive
Madhavaram Depot,I2989,TN01N9477,Ashok Leyland,BS-3,MTC,No,Ordinary,12-04-2010,Inactive
Anna Nagar Depot,I1646,TN01N7257,Ashok Leyland,BS-3,MTC,No,Ordinary,07-08-2008,Inactive
Madhavaram Depot,I1618,TN01N5995,Ashok Leyland,BS-3,MTC,No,Ordinary,31-07-2008,Inactive
Madhavaram Depot,I1616,TN01N5990,Ashok Leyland,BS-3,MTC,No,Ordinary,31-07-2008,Inactive
Tondiarpet-2 Depot,I1906,TN01N7411,Ashok Leyland,BS-3,MTC,No,Ordinary,29-08-2008,Inactive
Tondiarpet-2 Depot,I1622,TN01N7229,Ashok Leyland,BS-3,MTC,No,Ordinary,31-07-2008,Inactive
Tondiarpet-1 Depot EV,I1903,TN01N7395,Ashok Leyland,BS-3,MTC,No,Ordinary,28-08-2008,Inactive
Avadi Depot,I2972,TN01N9382,Ashok Leyland,BS-3,MTC,No,Ordinary,04-04-2010,Inactive
Avadi Depot,I1647,TN01N7258,Ashok Leyland,BS-3,MTC,No,Ordinary,07-08-2008,Inactive
Avadi Depot,I1607,TN01N5982,Ashok Leyland,BS-3,MTC,No,Ordinary,30-07-2008,Inactive
Ambattur Depot,I1639,TN01N7286,Ashok Leyland,BS-3,MTC,No,Ordinary,14-08-2008,Inactive
Ambattur Depot,I1636,TN01N7241,Ashok Leyland,BS-3,MTC,No,Ordinary,04-08-2008,Inactive
Anna Nagar Depot,I2033,TN01N7749,Ashok Leyland,BS-3,MTC,No,Ordinary,15-10-2008,Inactive
Anna Nagar Depot,I1939,TN01N7673,Ashok Leyland,BS-3,MTC,No,Ordinary,03-10-2008,Inactive
Anna Nagar Depot,I1697,TN01N7719,Ashok Leyland,BS-3,MTC,No,Ordinary,07-10-2008,Inactive
Anna Nagar Depot,I1694,TN01N7680,Ashok Leyland,BS-3,MTC,No,Ordinary,06-10-2008,Inactive
Anna Nagar Depot,I1651,TN01N7295,Ashok Leyland,BS-3,MTC,No,Ordinary,18-08-2008,Inactive
Anna Nagar Depot,I1055,TN01N5448,Ashok Leyland,BS-3,MTC,No,Ordinary,31-12-2007,Inactive
Perambur Depot,I1914,TN01N7517,Ashok Leyland,BS-3,MTC,No,Ordinary,10-09-2008,Inactive
Perambur Depot,I1611,TN01N5978,Ashok Leyland,BS-3,MTC,No,Ordinary,30-07-2008,Inactive
Ayanavaram Depot,I1605,TN01N5972,Ashok Leyland,BS-3,MTC,No,Ordinary,30-07-2008,Inactive
Ayanavaram Depot,I1603,TN01N5970,Ashok Leyland,BS-3,MTC,No,Ordinary,30-07-2008,Inactive
Central Depot EV,I1907,TN01N7513,Ashok Leyland,BS-3,MTC,No,Ordinary,10-09-2008,Inactive
Central Depot EV,I1677,TN01N7515,Ashok Leyland,BS-3,MTC,No,Ordinary,10-09-2008,Inactive
Central Depot EV,I1674,TN01N7506,Ashok Leyland,BS-3,MTC,No,Ordinary,09-09-2008,Inactive
Central Depot EV,I1669,TN01N7407,Ashok Leyland,BS-3,MTC,No,Ordinary,29-08-2008,Inactive
Vadapalani Depot,I2952,TN01N9127,Ashok Leyland,BS-3,MTC,No,Ordinary,18-03-2010,Inactive
Vadapalani Depot,I1627,TN01N7230,Ashok Leyland,BS-3,MTC,No,Ordinary,31-07-2008,Inactive
Vadapalani Depot,I1383,TN01N5686,Ashok Leyland,BS-3,MTC,No,Ordinary,11-01-2008,Inactive
Chrompet -I Depot,I1921,TN01N7544,Ashok Leyland,BS-3,MTC,No,Ordinary,16-09-2008,Inactive
Chrompet -I Depot,I1681,TN01N7608,Ashok Leyland,BS-3,MTC,No,Ordinary,29-09-2008,Inactive
Chrompet -I Depot,I1668,TN01N7408,Ashok Leyland,BS-3,MTC,No,Ordinary,29-08-2008,Inactive
Chrompet -I Depot,I1666,TN01N7421,Ashok Leyland,BS-3,MTC,No,Ordinary,29-08-2008,Inactive
Chrompet -I Depot,I1608,TN01N5974,Ashok Leyland,BS-3,MTC,No,Ordinary,30-07-2008,Inactive
Tondiarpet-1 Depot EV,ZZ897,ZZ01TD0017,Ashok Leyland,BS-6,MTC - Dummy,No,Deluxe,,Inactive
Semmenchery Depot,I1660,TN01N7374,Ashok Leyland,BS-3,MTC,No,Ordinary,27-08-2008,Inactive
Semmenchery Depot,I1659,TN01N7363,Ashok Leyland,BS-3,MTC,No,Ordinary,27-08-2008,Inactive
Adyar Depot,I1615,TN01N5960,Ashok Leyland,BS-3,MTC,No,Ordinary,30-07-2008,Inactive
Thiruvanmiyur Depot,ZZ915,ZZ02TR0105,Ashok Leyland,BS-3,MTC - Dummy,No,Deluxe,24-04-2025,Active
Avadi Depot,J2048,TN01AN3846,Ashok Leyland,BS-4,MTC,No,Deluxe,18-03-2020,Active
Ayanavaram Depot,J2042,TN01AN3872,Ashok Leyland,BS-4,MTC,No,Deluxe,22-03-2020,Active
Chrompet -I Depot,J1985,TN01AN3836,Ashok Leyland,BS-4,MTC,No,Deluxe,22-03-2020,Active
Tondiarpet-1 Depot EV,I1942,TN01N7705,Ashok Leyland,BS-3,MTC,No,Ordinary,07-10-2008,Inactive
Adyar Depot,I1673,TN01N7501,Ashok Leyland,BS-3,MTC,No,Ordinary,09-09-2008,Inactive
Semmenchery Depot,I1623,TN01N5964,Ashok Leyland,BS-3,MTC,No,Ordinary,30-07-2008,Inactive
Kundrathur Depot,J1816,TN45N4232,Ashok Leyland,BS-4,MTC,No,Deluxe,01-01-2020,Active
Avadi Depot,J0890,TN01AN1613,Ashok Leyland,BS-4,MTC,No,Ordinary,07-09-2016,Active
Avadi Depot,J1792,TN01AN3555,Ashok Leyland,BS-4,MTC,No,Deluxe,09-02-2020,Active
Avadi Depot,J1805,TN01AN3633,Ashok Leyland,BS-4,MTC,No,Deluxe,02-03-2020,Active
K.K. Nagar Depot,J1630,TN01AN3096,Tata,BS-4,MTC,No,Deluxe,24-09-2019,Active
K.K. Nagar Depot,J0711,TN01AN1494,Tata,BS-4,MTC,No,Ordinary,17-04-2016,Active
K.K. Nagar Depot,J0559,TN01AN1368,Tata,BS-4,MTC,No,Ordinary,29-02-2016,Active
Avadi Depot,J1842,TN01AN3800,Ashok Leyland,BS-4,MTC,No,Deluxe,11-03-2020,Active
Avadi Depot,J1778,TN01AN3548,Ashok Leyland,BS-4,MTC,No,Deluxe,06-02-2020,Active
Avadi Depot,J1900,TN01AN3829,Ashok Leyland,BS-4,MTC,No,Deluxe,06-03-2020,Active
Vysarpadi Depot EV,ZVY012,TN01KJ1425,Ashok Leyland,BS-4,MTC - Dummy,No,Deluxe,19-04-2025,Inactive
Vysarpadi Depot EV,ZVY002,TN01AB2525,Ashok Leyland,BS-4,MTC - Dummy,No,Deluxe,05-04-2025,Inactive
Vysarpadi Depot EV,ZVY008,TN01FD5046,Ashok Leyland,BS-4,MTC - Dummy,No,Ordinary,07-04-2025,Inactive
Vysarpadi Depot EV,ZVY005,TN01AC5759,Ashok Leyland,BS-6,MTC - Dummy,No,Ordinary,01-02-2025,Inactive
Vysarpadi Depot EV,ZVY020,TN01GF5678,Ashok Leyland,BS-4,MTC - Dummy,No,Ordinary,19-04-2025,Inactive
Madhavaram Depot,K0311,TN01AN4826,Ashok Leyland,BS-6,MTC,No,Ordinary,22-10-2024,Active
Madhavaram Depot,K0316,TN01AN4739,Ashok Leyland,BS-6,MTC,No,Ordinary,22-10-2024,Active
Madhavaram Depot,K0315,TN01AN4810,Ashok Leyland,BS-6,MTC,No,Ordinary,14-12-2024,Active
Madhavaram Depot,J0784,TN01AN1523,Ashok Leyland,BS-4,MTC,No,Ordinary,01-05-2016,Active
Madhavaram Depot,J0788,TN01AN1525,Ashok Leyland,BS-4,MTC,No,Ordinary,01-05-2016,Active
T.Nagar Depot,J0579,TN01AN1456,Tata,BS-4,MTC,No,Ordinary,31-03-2016,Active
Avadi Depot,J1081,TN01AN2148,Ashok Leyland,BS-4,MTC,No,Deluxe,01-05-2019,Active
Padiyanallur Depot,J2004,TN01AN3920,Ashok Leyland,BS-4,MTC,No,Deluxe,22-03-2020,Active
Padiyanallur Depot,J2052,TN01AN3840,Ashok Leyland,BS-4,MTC,No,Deluxe,22-03-2020,Active
Padiyanallur Depot,J1183,TN01AN2326,Ashok Leyland,BS-4,MTC,No,Deluxe,06-05-2019,Active
Padiyanallur Depot,J2062,TN01AN3892,Ashok Leyland,BS-4,MTC,No,Deluxe,22-03-2020,Active
Padiyanallur Depot,J1925,TN01AN3884,Ashok Leyland,BS-4,MTC,No,Deluxe,17-03-2020,Active
Avadi Depot,AVD12,AV01DU0012,Ashok Leyland,BS-4,MTC - Dummy,No,Deluxe,05-02-2016,Active
Ennore Depot,J0218,TN01AN0579,Ashok Leyland,BS-4,MTC,No,Ordinary,21-11-2012,Active
K.K. Nagar Depot,J0723,TN01AN1587,Tata,BS-4,MTC,No,Ordinary,07-09-2016,Active
Thiruvanmiyur Depot,ZZ875,ZZ01TR0015,Ashok Leyland,BS-6,MTC - Dummy,No,Deluxe,,Active
Thiruvanmiyur Depot,ZZ919,ZZ02TR0109,Ashok Leyland,BS-4,MTC - Dummy,No,Small Bus(Express),24-04-2025,Active
Thiruvanmiyur Depot,ZZ873,ZZ01TR0013,Ashok Leyland,BS-6,MTC - Dummy,No,Small Bus(Express),,Active
K.K. Nagar Depot,J0742,TN01AN1658,Tata,BS-4,MTC,No,Ordinary,07-09-2016,Active
K.K. Nagar Depot,J0523,TN01AN1264,Tata,BS-4,MTC,No,Ordinary,05-02-2016,Active
Thiruvanmiyur Depot,ZZ866,ZZ01TR0006,Ashok Leyland,BS-6,MTC - Dummy,No,Ordinary,,Active
K.K. Nagar Depot,J0724,TN01AN1669,Tata,BS-4,MTC,No,Ordinary,07-09-2016,Active
K.K. Nagar Depot,J0537,TN01AN1294,Tata,BS-4,MTC,No,Ordinary,05-02-2016,Active
Semmenchery Depot,I1352,TN01N5630,Ashok Leyland,BS-3,MTC,No,Ordinary,03-01-2008,Inactive
Chrompet -I Depot,I2512,TN01N8388,Ashok Leyland,BS-3,MTC,No,Express,20-10-2009,Inactive
Adambakkam Depot,I1308,TN01N5518,Ashok Leyland,BS-3,MTC,No,Ordinary,31-12-2007,Inactive
Adambakkam Depot,I2302,TN01N8307,Ashok Leyland,BS-3,MTC,No,Ordinary,14-10-2009,Inactive
Adambakkam Depot,I0981,TN01N5371,Ashok Leyland,BS-3,MTC,No,Ordinary,31-12-2007,Inactive
Adambakkam Depot,I2337,TN01N8557,Ashok Leyland,BS-3,MTC,No,Ordinary,03-12-2009,Inactive
Adambakkam Depot,I1305,TN01N5445,Ashok Leyland,BS-3,MTC,No,Ordinary,31-12-2007,Inactive
Central Depot EV,I2977,TN01N9441,Ashok Leyland,BS-3,MTC,No,Ordinary,07-04-2010,Inactive
Perumbakkam Depot EV,I1661,TN01N7392,Ashok Leyland,BS-3,MTC,No,Ordinary,28-08-2008,Inactive
Tambaram Depot,I1999,TN01N8098,Ashok Leyland,BS-3,MTC,No,Ordinary,12-12-2008,Inactive
Adambakkam Depot,I0982,TN01N5378,Ashok Leyland,BS-3,MTC,No,Ordinary,31-12-2007,Inactive
Adambakkam Depot,I1124,TN01N5428,Ashok Leyland,BS-3,MTC,No,Ordinary,31-12-2007,Inactive
Vadapalani Depot,Z0686,TN01AN1709,Ashok Leyland,BS-4,MTC - Dummy,No,Ordinary,07-06-2025,Active
Vadapalani Depot,Z0684,TN01AN1707,Ashok Leyland,BS-4,MTC - Dummy,No,Ordinary,07-06-2025,Active
Vadapalani Depot,Z0698,TN01AN0224,Ashok Leyland,BS-4,MTC - Dummy,No,Ordinary,07-06-2025,Active
Vadapalani Depot,Z9004,TN70AB2065,Ashok Leyland,BS-4,MTC - Dummy,No,Ordinary,07-06-2025,Active
Vadapalani Depot,Z9006,TN70AB2067,Ashok Leyland,BS-4,MTC - Dummy,No,Ordinary,07-06-2025,Active
Vadapalani Depot,Z0309,TN70AB2053,Ashok Leyland,BS-4,MTC - Dummy,No,Ordinary,07-06-2025,Active
Vadapalani Depot,Z0312,TN70AB2056,Ashok Leyland,BS-4,MTC - Dummy,No,Ordinary,07-06-2025,Active
Vadapalani Depot,Z0682,TN01AN1628,Ashok Leyland,BS-4,MTC - Dummy,No,Ordinary,07-06-2025,Active
Vadapalani Depot,Z0313,TN70AB2057,Ashok Leyland,BS-4,MTC - Dummy,No,Ordinary,07-06-2025,Active
Vadapalani Depot,Z0692,TN01AN1358,Ashok Leyland,BS-4,MTC - Dummy,No,Ordinary,07-06-2025,Active
Vadapalani Depot,Z0718,TN01AN1664,Ashok Leyland,BS-4,MTC - Dummy,No,Ordinary,07-06-2025,Active
Vadapalani Depot,Z0700,TN01AN1646,Ashok Leyland,BS-4,MTC - Dummy,No,Ordinary,07-06-2025,Active
Vadapalani Depot,Z0310,TN70AB2054,Ashok Leyland,BS-4,MTC - Dummy,No,Ordinary,07-06-2025,Active
Vadapalani Depot,Z0683,TN01AN1349,Ashok Leyland,BS-4,MTC - Dummy,No,Ordinary,07-06-2025,Active
Vadapalani Depot,Z0689,TN01AN1635,Ashok Leyland,BS-4,MTC - Dummy,No,Ordinary,07-06-2025,Active
Vadapalani Depot,Z0691,TN01AN1637,Ashok Leyland,BS-4,MTC - Dummy,No,Ordinary,07-06-2025,Active
Vadapalani Depot,Z0696,TN01AN0222,Ashok Leyland,BS-4,MTC - Dummy,No,Ordinary,07-06-2025,Active
Vadapalani Depot,Z9001,TN70AB2062,Ashok Leyland,BS-4,MTC - Dummy,No,Ordinary,07-06-2025,Active
Vadapalani Depot,Z0311,TN70AB2055,Ashok Leyland,BS-4,MTC - Dummy,No,Ordinary,07-06-2025,Active
Tondiarpet-2 Depot,ZTD001,TN05SN6363,Ashok Leyland,BS-3,MTC - Dummy,No,Ordinary,07-06-2025,Active
Perumbakkam Depot EV,PA011,ZZ01PA0011,Ashok Leyland,BS-6,MTC - Dummy,No,Deluxe,,Inactive
Perumbakkam Depot EV,PA010,ZZ01PA0010,Ashok Leyland,BS-6,MTC - Dummy,No,Deluxe,,Inactive
Perumbakkam Depot EV,PA007,ZZ01PA0007,Ashok Leyland,BS-6,MTC - Dummy,No,Deluxe,,Inactive
Adyar Depot,K0292,TN01AN4820,Ashok Leyland,BS-6,MTC,No,Ordinary,,Active
Adyar Depot,K0291,TN01AN4741,Ashok Leyland,BS-6,MTC,No,Ordinary,,Active
Adyar Depot,I1688,TN01N7668,Ashok Leyland,BS-3,MTC,No,Ordinary,03-10-2008,Inactive
Adambakkam Depot,K0293,TN01AN4806,Ashok Leyland,BS-6,MTC,No,Ordinary,,Active
Semmenchery Depot,J0869,TN01AN1644,Ashok Leyland,BS-4,MTC,No,Ordinary,07-09-2016,Active
Semmenchery Depot,I1672,TN01N7468,Ashok Leyland,BS-3,MTC,No,Ordinary,05-09-2008,Inactive
Semmenchery Depot,J0871,TN01AN1666,Ashok Leyland,BS-4,MTC,No,Ordinary,07-09-2016,Active
Semmenchery Depot,J0883,TN01AN1614,Ashok Leyland,BS-4,MTC,No,Ordinary,07-09-2016,Active
Semmenchery Depot,J1204,TN01AN2048,Ashok Leyland,BS-4,MTC,No,Deluxe,22-04-2019,Active
Semmenchery Depot,K0289,TN01AN4763,Ashok Leyland,BS-6,MTC,No,Ordinary,,Active
Semmenchery Depot,K0290,TN01AN4828,Ashok Leyland,BS-6,MTC,No,Ordinary,,Active
Padiyanallur Depot,I1656,TN01N7391,Ashok Leyland,BS-3,MTC,No,Ordinary,28-08-2008,Inactive
Adambakkam Depot,I0973,TN01N5474,Ashok Leyland,BS-3,MTC,No,Ordinary,31-12-2007,Inactive
Adambakkam Depot,I0983,TN01N5468,Ashok Leyland,BS-3,MTC,No,Ordinary,31-12-2007,Inactive
Ennore Depot,J0780,TN01AN1510,Ashok Leyland,BS-4,MTC,No,Ordinary,01-05-2016,Active
Ennore Depot,J1867,TN01AN3697,Ashok Leyland,BS-4,MTC,No,Deluxe,02-03-2020,Active
Tambaram Depot,I1398,TN01N5680,Ashok Leyland,BS-3,MTC,No,Ordinary,11-01-2008,Inactive
Padiyanallur Depot,I1696,TN01N7684,Ashok Leyland,BS-3,MTC,No,Ordinary,06-10-2008,Inactive
Saidapet Depot,SPD02,SP01DU0002,Ashok Leyland,BS-4,MTC - Dummy,No,Deluxe,03-01-2019,Active
Saidapet Depot,SPD09,SP01DU0009,Ashok Leyland,BS-4,MTC - Dummy,No,Deluxe,03-01-2019,Active
Adambakkam Depot,I1919,TN01N7545,Ashok Leyland,BS-3,MTC,No,Ordinary,17-09-2008,Inactive
Poonamallee Depot,J0585,TN01AN1463,Tata,BS-4,MTC,No,Ordinary,06-04-2016,Active
Poonamallee Depot,J0584,TN01AN1464,Tata,BS-4,MTC,No,Ordinary,06-04-2016,Active
Poonamallee Depot,J0582,TN01AN1447,Tata,BS-4,MTC,No,Ordinary,31-03-2016,Active
Poonamallee Depot,J0583,TN01AN1435,Tata,BS-4,MTC,No,Ordinary,31-03-2016,Active
Tambaram Depot,K0329,TN01AN5022,Ashok Leyland,BS-6,MTC,No,Ordinary,,Active
Ennore Depot,K0124,TN01AN4224,Ashok Leyland,BS-6,MTC,No,Ordinary,,Active
Padiyanallur Depot,J0992,TN01AN2619,Ashok Leyland,BS-4,MTC,No,Deluxe,24-06-2019,Active
Avadi Depot,I2973,TN01N9442,Ashok Leyland,BS-3,MTC,No,Ordinary,07-04-2010,Inactive
Anna Nagar Depot,I1181,TN01N5632,Ashok Leyland,BS-3,MTC,No,Ordinary,03-01-2008,Inactive
Anna Nagar Depot,I1693,TN01N7681,Ashok Leyland,BS-3,MTC,No,Ordinary,06-10-2008,Inactive
Basin Bridge Depot,I2979,TN01N9447,Ashok Leyland,BS-3,MTC,No,Ordinary,11-04-2010,Inactive
Vadapalani Depot,I1320,TN01N5396,Ashok Leyland,BS-3,MTC,No,Ordinary,31-12-2007,Inactive
Tambaram Depot,I2923,TN01N8854,Ashok Leyland,BS-3,MTC,No,Ordinary,01-03-2010,Inactive
Chrompet -I Depot,I1667,TN01N7425,Ashok Leyland,BS-3,MTC,No,Ordinary,29-08-2008,Inactive
Chrompet -I Depot,I1294,TN01N5530,Ashok Leyland,BS-3,MTC,No,Ordinary,31-12-2007,Inactive
Perumbakkam Depot EV,I1324,TN01N5574,Ashok Leyland,BS-3,MTC,No,Ordinary,02-01-2008,Inactive
Thiruvanmiyur Depot,I1187,TN01N5521,Ashok Leyland,BS-3,MTC,No,Ordinary,31-12-2007,Inactive
Adyar Depot,I0771,TN01N4917,Ashok Leyland,BS-3,MTC,No,Ordinary,03-10-2007,Inactive
Central Depot EV,I2047,TN01N8116,Ashok Leyland,BS-3,MTC,No,Deluxe,18-12-2008,Inactive
Vadapalani Depot,K0023,TN01AN4124,Ashok Leyland,BS-6,MTC,No,Ordinary,24-06-2019,Active
Vadapalani Depot,K0058,TN01AN4037,Ashok Leyland,BS-6,MTC,No,Ordinary,29-02-2016,Active
Vadapalani Depot,J0668,TN01AN1387,Tata,BS-4,MTC,No,Small Bus(Express),29-02-2016,Active
Vadapalani Depot,J0767,TN01AN1499,Ashok Leyland,BS-4,MTC,No,Ordinary,17-04-2016,Active
Vadapalani Depot,K0024,TN01AN4069,Ashok Leyland,BS-6,MTC,No,Ordinary,11-07-2019,Active
Vadapalani Depot,K0091,TN01AN4105,Ashok Leyland,BS-6,MTC,No,Ordinary,29-03-2012,Active
Avadi Depot,J1375,TN01AN2839,Ashok Leyland,BS-4,MTC,No,Deluxe,11-07-2019,Active
Ennore Depot,K0126,TN01AN4222,Ashok Leyland,BS-6,MTC,No,Ordinary,,Active
Ennore Depot,J0807,TN01AN1555,Ashok Leyland,BS-4,MTC,No,Ordinary,16-05-2016,Active
Ennore Depot,K0109,TN01AN4074,Ashok Leyland,BS-6,MTC,No,Ordinary,,Active
Ennore Depot,K0128,TN01AN4172,Ashok Leyland,BS-6,MTC,No,Ordinary,,Active
Ennore Depot,J1406,TN01AN2856,Ashok Leyland,BS-4,MTC,No,Deluxe,18-07-2019,Active
Ennore Depot,J2101,TN01AN3999,Ashok Leyland,BS-4,MTC,No,Deluxe,22-03-2020,Active
Ennore Depot,J1557,TN01AN3038,Ashok Leyland,BS-4,MTC,No,Deluxe,12-08-2019,Active
Ennore Depot,J1008,TN01AN2104,Ashok Leyland,BS-4,MTC,No,Deluxe,01-05-2019,Active
Tondiarpet-2 Depot,J1044,TN01AN1931,Ashok Leyland,BS-4,MTC,No,Deluxe,15-04-2019,Active
Tondiarpet-2 Depot,I1652,TN01N7310,Ashok Leyland,BS-3,MTC,No,Ordinary,18-08-2008,Inactive
Tondiarpet-1 Depot EV,I1913,TN01N7510,Ashok Leyland,BS-3,MTC,No,Ordinary,09-09-2008,Inactive
Ennore Depot,J0795,TN01AN1546,Ashok Leyland,BS-4,MTC,No,Ordinary,16-05-2016,Active
Anna Nagar East Depot,J1162,TN01AN2152,Ashok Leyland,BS-4,MTC,No,Deluxe,02-05-2019,Active
Anna Nagar East Depot,J0390,TN01AN0876,Ashok Leyland,BS-4,MTC,No,Ordinary,16-06-2014,Active
Anna Nagar East Depot,K0272,TN01AN4750,Ashok Leyland,BS-6,MTC,No,Ordinary,12-08-2019,Active
Anna Nagar East Depot,K0263,TN01AN4734,Ashok Leyland,BS-6,MTC,No,Ordinary,16-05-2016,Active
Anna Nagar East Depot,K0268,TN01AN4753,Ashok Leyland,BS-6,MTC,No,Ordinary,,Active
Anna Nagar East Depot,K0275,TN01AN4797,Ashok Leyland,BS-6,MTC,No,Ordinary,12-08-2019,Active
Anna Nagar East Depot,K0270,TN01AN4781,Ashok Leyland,BS-6,MTC,No,Ordinary,12-08-2019,Active
Anna Nagar East Depot,J0895,TN01AN1634,Ashok Leyland,BS-4,MTC,No,Ordinary,07-09-2016,Active
Anna Nagar East Depot,J0818,TN01AN1567,Ashok Leyland,BS-4,MTC,No,Ordinary,16-05-2016,Active
Anna Nagar East Depot,J2097,TN01AN3970,Ashok Leyland,BS-4,MTC,No,Deluxe,22-03-2020,Active
Anna Nagar East Depot,J1180,TN01AN2142,Ashok Leyland,BS-4,MTC,No,Deluxe,06-05-2019,Active
Anna Nagar East Depot,J1144,TN01AN2037,Ashok Leyland,BS-4,MTC,No,Deluxe,22-04-2019,Active
Anna Nagar East Depot,J1161,TN01AN2147,Ashok Leyland,BS-4,MTC,No,Deluxe,02-05-2019,Active
Avadi Depot,J1992,TN01AN3921,Ashok Leyland,BS-4,MTC,No,Deluxe,22-03-2020,Active
Thiruvanmiyur Depot,J2095,TN01AN3964,Ashok Leyland,BS-4,MTC,No,Deluxe,22-03-2020,Active
Thiruvanmiyur Depot,J0702,TN01AN1365,Tata,BS-4,MTC,No,Small Bus(Express),29-02-2016,Active
Thiruvanmiyur Depot,J0605,TN01AN1249,Tata,BS-4,MTC,No,Small Bus(Express),05-02-2016,Active
Ennore Depot,J0391,TN01AN0856,Ashok Leyland,BS-4,MTC,No,Ordinary,16-06-2014,Active
Mandaveli Depot,J0382,TN01AN0861,Tata,BS-4,MTC,No,Ordinary,16-06-2014,Active
Ennore Depot,J0844,TN01AN1771,Ashok Leyland,BS-4,MTC,No,Ordinary,18-07-2016,Active
Ayanavaram Depot,J0824,TN01AN1576,Ashok Leyland,BS-4,MTC,No,Ordinary,16-05-2016,Active
Ayanavaram Depot,J0802,TN01AN1551,Ashok Leyland,BS-4,MTC,No,Ordinary,16-05-2016,Active
Tambaram Depot,I0746,TN01N4963,Ashok Leyland,BS-3,MTC,No,Ordinary,03-10-2007,Inactive
Ennore Depot,J0798,TN01AN1572,Ashok Leyland,BS-4,MTC,No,Ordinary,16-05-2016,Active
Tambaram Depot,K0336,TN01AN4982,Ashok Leyland,BS-6,MTC,No,Ordinary,,Active
Tambaram Depot,K0330,TN01AN5027,Ashok Leyland,BS-6,MTC,No,Ordinary,,Active
T.Nagar Depot,J0419,TN01AN0859,Tata,BS-4,MTC,No,Ordinary,16-06-2014,Active
T.Nagar Depot,J0457,TN01AN1143,Tata,BS-4,MTC,No,Ordinary,09-10-2015,Active
Thiruvanmiyur Depot,ZZ914,ZZ02TR0104,Ashok Leyland,BS-3,MTC - Dummy,No,Deluxe,24-04-2025,Active
Thiruvanmiyur Depot,ZZ862,ZZ01TR0002,Ashok Leyland,BS-6,MTC - Dummy,No,Ordinary,,Active
Thiruvanmiyur Depot,K0055,TN01AN4036,Ashok Leyland,BS-6,MTC,No,Ordinary,,Active
Perambur Depot,J0204,TN01AN0492,Ashok Leyland,BS-4,MTC,No,Ordinary,04-09-2012,Active
Perambur Depot,K0075,TN01AN4073,Ashok Leyland,BS-6,MTC,No,Ordinary,,Active
Ayanavaram Depot,I1134,TN01N5706,Ashok Leyland,BS-3,MTC,No,Ordinary,11-01-2008,Inactive
Anna Nagar Depot,I0784,TN01N5035,Ashok Leyland,BS-3,MTC,No,Ordinary,01-11-2007,Inactive
Perumbakkam Depot EV,I1102,TN01N5401,Ashok Leyland,BS-3,MTC,No,Ordinary,31-12-2007,Inactive
Anna Nagar Depot,I1928,TN01N7567,Ashok Leyland,BS-3,MTC,No,Ordinary,20-09-2008,Inactive
Vysarpadi Depot EV,I1955,TN01N7816,Ashok Leyland,BS-3,MTC,No,Ordinary,31-10-2008,Inactive
Tondiarpet-1 Depot EV,I2054,TN01N8124,Ashok Leyland,BS-3,MTC,No,Ordinary,22-12-2008,Inactive
Tondiarpet-1 Depot EV,I1654,TN01N7332,Ashok Leyland,BS-3,MTC,No,Ordinary,20-08-2008,Inactive
Anna Nagar Depot,I2070,TN01N8147,Ashok Leyland,BS-3,MTC,No,Ordinary,31-12-2008,Inactive
Ayanavaram Depot,I0511,TN01N4578,Ashok Leyland,BS-3,MTC,No,Ordinary,01-08-2007,Inactive
Chrompet -I Depot,I1298,TN01N5449,Ashok Leyland,BS-3,MTC,No,Ordinary,31-12-2007,Inactive
Chrompet -I Depot,I1692,TN01N7711,Ashok Leyland,BS-3,MTC,No,Ordinary,07-10-2008,Inactive
Chrompet -I Depot,I1909,TN01N7405,Ashok Leyland,BS-3,MTC,No,Ordinary,29-08-2008,Inactive
Chrompet -I Depot,I1653,TN01N7339,Ashok Leyland,BS-3,MTC,No,Deluxe,20-08-2008,Inactive
Padiyanallur Depot,I0969,TN01N5311,Ashok Leyland,BS-3,MTC,No,Ordinary,28-12-2007,Inactive
Padiyanallur Depot,I0971,TN01N5240,Ashok Leyland,BS-3,MTC,No,Ordinary,27-12-2007,Inactive
Padiyanallur Depot,I1088,TN01N5184,Ashok Leyland,BS-3,MTC,No,Ordinary,26-12-2007,Inactive
Mandaveli Depot,J0532,TN01AN1206,Tata,BS-4,MTC,No,Ordinary,05-02-2016,Active
Mandaveli Depot,J0515,TN01AN1202,Tata,BS-4,MTC,No,Ordinary,05-02-2016,Active
Mandaveli Depot,J0509,TN01AN1222,Tata,BS-4,MTC,No,Ordinary,05-02-2016,Active
Mandaveli Depot,J1686,TN01AN3256,Tata,BS-4,MTC,No,Deluxe,31-10-2019,Active
Mandaveli Depot,J1608,TN01AN3047,Tata,BS-4,MTC,No,Deluxe,24-09-2019,Active
Mandaveli Depot,J0378,TN01AN0893,Tata,BS-4,MTC,No,Ordinary,16-06-2014,Active
Mandaveli Depot,J1622,TN01AN3066,Tata,BS-4,MTC,No,Deluxe,24-09-2019,Active
Mandaveli Depot,J1623,TN01AN3105,Tata,BS-4,MTC,No,Deluxe,24-09-2019,Active
Vysarpadi Depot EV,I1954,TN01N7752,Ashok Leyland,BS-3,MTC,No,Ordinary,15-10-2008,Inactive
Madhavaram Depot,I1995,TN01N8095,Ashok Leyland,BS-3,MTC,No,Ordinary,10-12-2008,Inactive
Perumbakkam Depot EV,PA013,ZZ01PA0013,Ashok Leyland,BS-6,MTC - Dummy,No,Deluxe,,Inactive
Perumbakkam Depot EV,PA014,ZZ01PA0014,Ashok Leyland,BS-6,MTC - Dummy,No,Deluxe,,Inactive
Perumbakkam Depot EV,PA015,ZZ01PA0015,Ashok Leyland,BS-6,MTC - Dummy,No,Deluxe,,Inactive
Perumbakkam Depot EV,PA016,ZZ01PA0016,Ashok Leyland,BS-6,MTC - Dummy,No,Deluxe,,Inactive
Perumbakkam Depot EV,PA017,ZZ01PA0017,Ashok Leyland,BS-6,MTC - Dummy,No,Deluxe,,Inactive
Perumbakkam Depot EV,PA019,ZZ01PA0019,Ashok Leyland,BS-6,MTC - Dummy,No,Deluxe,,Inactive
Perumbakkam Depot EV,PA020,ZZ01PA0020,Ashok Leyland,BS-6,MTC - Dummy,No,Deluxe,,Inactive
Perumbakkam Depot EV,PA009,ZZ01PA0009,Ashok Leyland,BS-6,MTC - Dummy,No,Deluxe,,Inactive
Perumbakkam Depot EV,PA008,ZZ01PA0008,Ashok Leyland,BS-6,MTC - Dummy,No,Deluxe,,Inactive
Perumbakkam Depot EV,PA006,ZZ01PA0006,Ashok Leyland,BS-6,MTC - Dummy,No,Deluxe,,Inactive
Perumbakkam Depot EV,PA005,ZZ01PA0005,Ashok Leyland,BS-6,MTC - Dummy,No,Deluxe,,Inactive
Perumbakkam Depot EV,PA004,ZZ01PA0004,Ashok Leyland,BS-6,MTC - Dummy,No,Deluxe,,Inactive
Perumbakkam Depot EV,PA018,ZZ01PA0018,Ashok Leyland,BS-6,MTC - Dummy,No,Deluxe,,Inactive
Avadi Depot,J1948,TN01AN3992,Ashok Leyland,BS-4,MTC,No,Deluxe,22-03-2020,Active
Chrompet -I Depot,Z0132,TN02AN1544,Ashok Leyland,BS-4,MTC - Dummy,No,Deluxe,18-05-2025,Active
Kundrathur Depot,J0925,TN01AN1872,Ashok Leyland,BS-4,MTC,No,Deluxe,03-01-2019,Active
Kundrathur Depot,J1072,TN01AN2071,Ashok Leyland,BS-4,MTC,No,Deluxe,22-04-2019,Active
Kundrathur Depot,J1339,TN01AN2594,Ashok Leyland,BS-4,MTC,No,Deluxe,24-06-2019,Active
Kundrathur Depot,J1398,TN01AN3026,Ashok Leyland,BS-4,MTC,No,Deluxe,18-07-2019,Active
Kundrathur Depot,J1829,TN45N4159,Ashok Leyland,BS-4,MTC,No,Deluxe,01-01-2020,Active
Kundrathur Depot,J1833,TN45N4213,Ashok Leyland,BS-4,MTC,No,Deluxe,01-01-2020,Active
Kundrathur Depot,J1904,TN01AN3794,Ashok Leyland,BS-4,MTC,No,Deluxe,09-03-2020,Active
Kundrathur Depot,J1905,TN01AN3750,Ashok Leyland,BS-4,MTC,No,Deluxe,09-03-2020,Active
Kundrathur Depot,J1933,TN01AN3669,Ashok Leyland,BS-4,MTC,No,Deluxe,04-03-2020,Active
Kundrathur Depot,J1939,TN01AN3791,Ashok Leyland,BS-4,MTC,No,Deluxe,08-03-2020,Active
Kundrathur Depot,J1993,TN01AN3684,Ashok Leyland,BS-4,MTC,No,Deluxe,04-03-2020,Active
Kundrathur Depot,J2003,TN01AN3678,Ashok Leyland,BS-4,MTC,No,Deluxe,04-03-2020,Active
Kundrathur Depot,J2051,TN01AN3781,Ashok Leyland,BS-4,MTC,No,Deluxe,08-03-2020,Active
Kundrathur Depot,J1825,TN45N4186,Ashok Leyland,BS-4,MTC,No,Deluxe,01-01-2020,Active
Kundrathur Depot,I2929,TN01N8868,Ashok Leyland,BS-3,MTC,No,Ordinary,02-03-2010,Inactive
Padiyanallur Depot,I0533,TN01N4591,Ashok Leyland,BS-3,MTC,No,Ordinary,01-08-2007,Inactive
Thiruvanmiyur Depot,I2238,TN01N8323,Ashok Leyland,BS-3,MTC,No,Ordinary,19-10-2009,Inactive
Anna Nagar Depot,ZZ802,ZZ01AN0022,Ashok Leyland,BS-6,MTC - Dummy,No,Ordinary,,Inactive
Iyyapanthangal Depot,J1997,TN01AN3922,Ashok Leyland,BS-4,MTC,No,Deluxe,22-03-2020,Active
Iyyapanthangal Depot,J1849,TN01AN3721,Ashok Leyland,BS-4,MTC,No,Deluxe,02-03-2020,Active
Iyyapanthangal Depot,J1163,TN01AN2165,Ashok Leyland,BS-4,MTC,No,Deluxe,02-05-2019,Active
Kannagi Nagar Depot,J1036,TN01AN1965,Ashok Leyland,BS-4,MTC,No,Deluxe,15-04-2019,Active
Kannagi Nagar Depot,J1381,TN01AN2847,Ashok Leyland,BS-4,MTC,No,Deluxe,11-07-2019,Active
Kannagi Nagar Depot,J1660,TN01AN3285,Ashok Leyland,BS-4,MTC,No,Deluxe,20-10-2019,Active
Kannagi Nagar Depot,J1837,TN01AN3552,Ashok Leyland,BS-4,MTC,No,Deluxe,13-02-2020,Active
Kannagi Nagar Depot,J2055,TN01AN3910,Ashok Leyland,BS-4,MTC,No,Deluxe,22-03-2020,Active
Iyyapanthangal Depot,J0221,TN01AN0568,Ashok Leyland,BS-4,MTC,No,Ordinary,21-11-2012,Active
Iyyapanthangal Depot,J0902,TN01AN1714,Ashok Leyland,BS-4,MTC,No,Ordinary,20-09-2016,Active
Adyar Depot,J0836,TN01AN1689,Ashok Leyland,BS-4,MTC,No,Ordinary,07-09-2016,Active
Adyar Depot,J0394,TN01AN0855,Ashok Leyland,BS-4,MTC,No,Ordinary,16-06-2014,Active
Adyar Depot,J0900,TN01AN1698,Ashok Leyland,BS-4,MTC,No,Ordinary,20-09-2016,Active
Thiruvanmiyur Depot,K0009,TN01AN4053,Ashok Leyland,BS-6,MTC,No,Ordinary,27-06-2019,Active
Thiruvanmiyur Depot,J0792,TN01AN1535,Ashok Leyland,BS-4,MTC,No,Ordinary,08-05-2016,Active
Thiruvanmiyur Depot,J0843,TN01AN1602,Ashok Leyland,BS-4,MTC,No,Ordinary,07-09-2016,Active
Thiruvanmiyur Depot,J2069,TN01AN3771,Ashok Leyland,BS-4,MTC,No,Deluxe,11-03-2020,Active
Thiruvanmiyur Depot,K0074,TN01AN4088,Ashok Leyland,BS-6,MTC,No,Ordinary,,Active
Thiruvanmiyur Depot,ZZ876,ZZ01TR0016,Ashok Leyland,BS-6,MTC - Dummy,No,Deluxe,,Active
Thiruvanmiyur Depot,K0305,TN01AN4711,Ashok Leyland,BS-6,MTC,No,Ordinary,,Active
Ayanavaram Depot,I0782,TN01N5004,Ashok Leyland,BS-3,MTC,No,Ordinary,15-10-2007,Inactive
Kannagi Nagar Depot,I1671,TN01N7476,Ashok Leyland,BS-3,MTC,No,Ordinary,05-09-2008,Inactive
Thiruvanmiyur Depot,I2069,TN01N8151,Ashok Leyland,BS-3,MTC,No,Ordinary,31-12-2008,Inactive
Madhavaram Depot,I2063,TN01N8131,Ashok Leyland,BS-3,MTC,No,Ordinary,30-12-2008,Inactive
Avadi Depot,I1633,TN01N7243,Ashok Leyland,BS-3,MTC,No,Ordinary,04-08-2008,Inactive
Anna Nagar Depot,I2029,TN01N7690,Ashok Leyland,BS-3,MTC,No,Ordinary,06-10-2008,Inactive
Anna Nagar Depot,I2026,TN01N7682,Ashok Leyland,BS-3,MTC,No,Ordinary,06-10-2008,Inactive
Avadi Depot,I2903,TN01N8705,Ashok Leyland,BS-3,MTC,No,Ordinary,01-02-2010,Inactive
Perambur Depot,I2465,TN01N8449,Ashok Leyland,BS-3,MTC,No,Ordinary,13-11-2009,Inactive
Basin Bridge Depot,I0986,TN01N5305,Ashok Leyland,BS-3,MTC,No,Ordinary,28-12-2007,Inactive
Kundrathur Depot,I3060,TN01N9104,Ashok Leyland,BS-3,MTC,No,Ordinary,17-03-2010,Inactive
Kundrathur Depot,I3063,TN01N9184,Ashok Leyland,BS-3,MTC,No,Ordinary,22-03-2010,Inactive
Kundrathur Depot,I1131,TN01N5537,Ashok Leyland,BS-3,MTC,No,Ordinary,02-01-2008,Inactive
Ayanavaram Depot,I1297,TN01N5514,Ashok Leyland,BS-3,MTC,No,Ordinary,31-12-2007,Inactive
Basin Bridge Depot,I1920,TN01N7530,Ashok Leyland,BS-3,MTC,No,Deluxe,16-09-2008,Inactive
Basin Bridge Depot,J1353,TN01AN2666,Ashok Leyland,BS-4,MTC,No,Deluxe,25-06-2019,Active
Madhavaram Depot,J0248,TN01AN0631,Ashok Leyland,BS-4,MTC,No,Ordinary,14-06-2013,Active
Madhavaram Depot,J0231,TN01AN0550,Ashok Leyland,BS-4,MTC,No,Ordinary,21-11-2012,Active
Madhavaram Depot,I1689,TN01N7618,Ashok Leyland,BS-3,MTC,No,Ordinary,29-09-2008,Inactive
Madhavaram Depot,I1683,TN01N7587,Ashok Leyland,BS-3,MTC,No,Ordinary,29-09-2008,Inactive
K.K. Nagar Depot,J0526,TN01AN1276,Tata,BS-4,MTC,No,Ordinary,05-02-2016,Active
Tondiarpet-2 Depot,K0326,TN01AN4839,Ashok Leyland,BS-6,MTC,No,Ordinary,,Active
Tondiarpet-2 Depot,K0325,TN01AN4900,Ashok Leyland,BS-6,MTC,No,Ordinary,,Active
Tondiarpet-2 Depot,K0323,TN01AN4842,Ashok Leyland,BS-6,MTC,No,Ordinary,,Active
Tondiarpet-2 Depot,K0322,TN01AN4855,Ashok Leyland,BS-6,MTC,No,Ordinary,,Active
Saidapet Depot,J1858,TN01AN3830,Ashok Leyland,BS-4,MTC,No,Deluxe,05-03-2020,Active
Avadi Depot,J0891,TN01AN1640,Ashok Leyland,BS-4,MTC,No,Ordinary,07-09-2016,Active
Anna Nagar Depot,J0791,TN01AN1536,Ashok Leyland,BS-4,MTC,No,Ordinary,08-05-2016,Active
Basin Bridge Depot,J0898,TN01AN1630,Ashok Leyland,BS-4,MTC,No,Ordinary,07-09-2016,Active
Madhavaram Depot,K0255,TN01AN4509,Ashok Leyland,BS-6,MTC,No,Ordinary,,Active
Madhavaram Depot,K0252,TN01AN4501,Ashok Leyland,BS-6,MTC,No,Ordinary,,Active
Madhavaram Depot,K0251,TN01AN4476,Ashok Leyland,BS-6,MTC,No,Ordinary,,Active
Madhavaram Depot,J1930,TN01AN3862,Ashok Leyland,BS-4,MTC,No,Deluxe,22-03-2020,Active
Padiyanallur Depot,K0235,TN01AN4378,Ashok Leyland,BS-6,MTC,No,Ordinary,,Active
Padiyanallur Depot,K0250,TN01AN4518,Ashok Leyland,BS-6,MTC,No,Ordinary,,Active
Padiyanallur Depot,K0249,TN01AN4512,Ashok Leyland,BS-6,MTC,No,Ordinary,,Active
Padiyanallur Depot,J2114,TN01AN4019,Ashok Leyland,BS-4,MTC,No,Deluxe,22-03-2020,Active
Padiyanallur Depot,J1914,TN01AN3706,Ashok Leyland,BS-4,MTC,No,Deluxe,04-03-2020,Active
Padiyanallur Depot,J1794,TN01AN3577,Ashok Leyland,BS-4,MTC,No,Deluxe,12-02-2020,Active
Padiyanallur Depot,J1793,TN01AN3605,Ashok Leyland,BS-4,MTC,No,Deluxe,12-02-2020,Active
Padiyanallur Depot,J1509,TN01AN2925,Ashok Leyland,BS-4,MTC,No,Deluxe,11-07-2019,Active
Padiyanallur Depot,J1119,TN01AN2263,Ashok Leyland,BS-4,MTC,No,Deluxe,13-05-2019,Active
Padiyanallur Depot,J1056,TN01AN1960,Ashok Leyland,BS-4,MTC,No,Deluxe,15-04-2019,Active
Padiyanallur Depot,J0958,TN01AN1887,Ashok Leyland,BS-4,MTC,No,Deluxe,03-01-2019,Active
Iyyapanthangal Depot,J1131,TN01AN2081,Ashok Leyland,BS-4,MTC,No,Deluxe,22-04-2019,Active
Anna Nagar Depot,K0256,TN01AN4368,Ashok Leyland,BS-6,MTC,No,Ordinary,,Active
Anna Nagar Depot,K0253,TN01AN4431,Ashok Leyland,BS-6,MTC,No,Ordinary,,Active
Iyyapanthangal Depot,J1971,TN01AN4023,Ashok Leyland,BS-4,MTC,No,Deluxe,22-03-2020,Active
Poonamallee Depot,J0748,TN01AN1715,Tata,BS-4,MTC,No,Ordinary,20-09-2016,Active
Poonamallee Depot,J0727,TN01AN1603,Tata,BS-4,MTC,No,Ordinary,07-09-2016,Active
Perambur Depot,PA128,ZZ02TR2216,Ashok Leyland,BS-6,MTC - Dummy,No,Deluxe,,Active
Thiruvanmiyur Depot,ZZ918,ZZ02TR0108,Ashok Leyland,BS-4,MTC - Dummy,No,Deluxe,24-04-2025,Active
Thiruvanmiyur Depot,ZZ917,ZZ02TR0107,Ashok Leyland,BS-3,MTC - Dummy,No,Deluxe,24-04-2025,Active
Thiruvanmiyur Depot,ZZ913,ZZ02TR0103,Ashok Leyland,BS-3,MTC - Dummy,No,Deluxe,24-04-2025,Active
Chrompet -I Depot,I1691,TN01N7659,Ashok Leyland,BS-3,MTC,No,Ordinary,03-10-2008,Inactive
Avadi Depot,I0960,TN01N5144,Ashok Leyland,BS-3,MTC,No,Ordinary,26-12-2007,Inactive
T.Nagar Depot,JTN06,TN02T8745,Ashok Leyland,BS-4,MTC - Dummy,No,Deluxe,06-02-2025,Inactive
T.Nagar Depot,JTN007,TN03J5565,Ashok Leyland,BS-4,MTC - Dummy,No,Deluxe,06-02-2025,Inactive
T.Nagar Depot,JTN008,TN05F6598,Ashok Leyland,BS-4,MTC - Dummy,No,Deluxe,06-02-2025,Inactive
T.Nagar Depot,JTN009,TN04A7799,Ashok Leyland,BS-4,MTC - Dummy,No,Deluxe,06-02-2025,Inactive
T.Nagar Depot,JTN010,TN05F6546,Ashok Leyland,BS-4,MTC - Dummy,No,Deluxe,06-02-2025,Inactive
T.Nagar Depot,JTN011,TN04G4789,Ashok Leyland,BS-4,MTC - Dummy,No,Deluxe,06-02-2025,Inactive
T.Nagar Depot,JTN012,TN08F4966,Ashok Leyland,BS-4,MTC - Dummy,No,Deluxe,06-02-2025,Inactive
T.Nagar Depot,JTN013,TN04S4611,Ashok Leyland,BS-4,MTC - Dummy,No,Deluxe,06-02-2025,Inactive
T.Nagar Depot,JTN014,TN01D9166,Ashok Leyland,BS-4,MTC - Dummy,No,Deluxe,06-02-2025,Inactive
Avadi Depot,I2974,TN01N9427,Ashok Leyland,BS-3,MTC,No,Ordinary,04-04-2010,Inactive
Avadi Depot,I1075,TN01N5204,Ashok Leyland,BS-3,MTC,No,Ordinary,26-12-2007,Inactive
T.Nagar Depot,JTN015,TN03V4556,Ashok Leyland,BS-4,MTC - Dummy,No,Deluxe,06-02-2025,Inactive
T.Nagar Depot,JTN016,TN08S9646,Ashok Leyland,BS-4,MTC - Dummy,No,Deluxe,06-02-2025,Inactive
T.Nagar Depot,JTN017,TN07F6645,Ashok Leyland,BS-4,MTC - Dummy,No,Deluxe,06-02-2025,Inactive
T.Nagar Depot,JTN018,TN08A6466,Ashok Leyland,BS-4,MTC - Dummy,No,Deluxe,06-02-2025,Inactive
T.Nagar Depot,JTN019,TN04F6462,Ashok Leyland,BS-4,MTC - Dummy,No,Deluxe,06-02-2025,Inactive
T.Nagar Depot,JTN020,TN08E6644,Ashok Leyland,BS-4,MTC - Dummy,No,Ordinary,06-02-2025,Inactive
T.Nagar Depot,JTN021,TN05Q6463,Ashok Leyland,BS-4,MTC - Dummy,No,Ordinary,06-02-2025,Inactive
T.Nagar Depot,JTN022,TN06J5661,Ashok Leyland,BS-4,MTC - Dummy,No,Ordinary,06-02-2025,Inactive
T.Nagar Depot,JTN023,TN05S5641,Ashok Leyland,BS-4,MTC - Dummy,No,Ordinary,06-02-2025,Inactive
T.Nagar Depot,JTN024,TN09D6466,Ashok Leyland,BS-4,MTC - Dummy,No,Ordinary,06-02-2025,Inactive
T.Nagar Depot,JTN025,TN05A6461,Ashok Leyland,BS-4,MTC - Dummy,No,Ordinary,06-02-2025,Inactive
T.Nagar Depot,JTN026,TN02F4788,Ashok Leyland,BS-4,MTC - Dummy,No,Ordinary,06-02-2025,Inactive
T.Nagar Depot,JTN027,TN06K4466,Ashok Leyland,BS-4,MTC - Dummy,No,Ordinary,06-02-2025,Inactive
T.Nagar Depot,JTN028,TN08H6466,Ashok Leyland,BS-4,MTC - Dummy,No,Ordinary,06-02-2025,Inactive
T.Nagar Depot,JTN029,TN05R5255,Ashok Leyland,BS-4,MTC - Dummy,No,Ordinary,06-02-2025,Inactive
T.Nagar Depot,JTN030,TN09O9266,Ashok Leyland,BS-4,MTC - Dummy,No,Ordinary,06-02-2025,Inactive
T.Nagar Depot,JTN031,TN07E6461,Ashok Leyland,BS-4,MTC - Dummy,No,Ordinary,06-02-2025,Inactive
T.Nagar Depot,JTN032,TN08F8999,Ashok Leyland,BS-4,MTC - Dummy,No,Ordinary,06-02-2025,Inactive
T.Nagar Depot,JTN033,TN08G4755,Ashok Leyland,BS-4,MTC - Dummy,No,Ordinary,06-02-2025,Inactive
T.Nagar Depot,JTN034,TN09S6666,Ashok Leyland,BS-4,MTC - Dummy,No,Ordinary,06-02-2025,Inactive
T.Nagar Depot,JTN035,TN03Y5666,Ashok Leyland,BS-4,MTC - Dummy,No,Ordinary,06-02-2025,Inactive
T.Nagar Depot,JTN036,TN02A6416,Ashok Leyland,BS-4,MTC - Dummy,No,Ordinary,06-02-2025,Inactive
T.Nagar Depot,JTN037,TN05H4633,Ashok Leyland,BS-4,MTC - Dummy,No,Ordinary,06-02-2025,Inactive
T.Nagar Depot,JTN038,TN08X4578,Ashok Leyland,BS-4,MTC - Dummy,No,Ordinary,06-02-2025,Inactive
T.Nagar Depot,JTN039,TN09T6531,Ashok Leyland,BS-4,MTC - Dummy,No,Ordinary,06-02-2025,Inactive
T.Nagar Depot,JTN040,TN06U6546,Ashok Leyland,BS-4,MTC - Dummy,No,Ordinary,06-02-2025,Inactive
T.Nagar Depot,JTN041,TN08H5451,Ashok Leyland,BS-4,MTC - Dummy,No,Ordinary,06-02-2025,Inactive
T.Nagar Depot,JTN042,TN05C3565,Ashok Leyland,BS-4,MTC - Dummy,No,Ordinary,06-02-2025,Inactive
T.Nagar Depot,JTN043,TN09W4111,Ashok Leyland,BS-4,MTC - Dummy,No,Ordinary,06-02-2025,Inactive
T.Nagar Depot,JTN044,TN06Y2666,Ashok Leyland,BS-4,MTC - Dummy,No,Ordinary,06-02-2025,Inactive
T.Nagar Depot,JTN045,TN05E1616,Ashok Leyland,BS-4,MTC - Dummy,No,Ordinary,06-02-2025,Inactive
T.Nagar Depot,JTN046,TN07J4556,Ashok Leyland,BS-4,MTC - Dummy,No,Ordinary,06-02-2025,Inactive
T.Nagar Depot,JTN047,TN03H5666,Ashok Leyland,BS-4,MTC - Dummy,No,Ordinary,06-02-2025,Inactive
T.Nagar Depot,JTN048,TN07R6546,Ashok Leyland,BS-4,MTC - Dummy,No,Ordinary,06-02-2025,Inactive
T.Nagar Depot,JTN049,TN06F5666,Ashok Leyland,BS-4,MTC - Dummy,No,Ordinary,06-02-2025,Inactive
T.Nagar Depot,JTN050,TN08H5666,Ashok Leyland,BS-4,MTC - Dummy,No,Ordinary,06-02-2025,Inactive
T.Nagar Depot,JTN051,TN07G5446,Ashok Leyland,BS-4,MTC - Dummy,No,AC,06-02-2025,Inactive
T.Nagar Depot,JTN052,TN08R6416,Ashok Leyland,BS-4,MTC - Dummy,No,Ordinary,06-02-2025,Inactive
T.Nagar Depot,JTN053,TN05A6546,Ashok Leyland,BS-4,MTC - Dummy,No,Ordinary,06-02-2025,Inactive
T.Nagar Depot,JTN054,TN08R6516,Ashok Leyland,BS-4,MTC - Dummy,No,Ordinary,06-02-2025,Inactive
T.Nagar Depot,JTN055,TN08D6546,Ashok Leyland,BS-4,MTC - Dummy,No,Ordinary,06-02-2025,Inactive
T.Nagar Depot,JTN056,TN07Y6166,Ashok Leyland,BS-4,MTC - Dummy,No,Ordinary,06-02-2025,Inactive
T.Nagar Depot,JTN057,TN06Y1156,Ashok Leyland,BS-4,MTC - Dummy,No,Ordinary,06-02-2025,Inactive
Kannagi Nagar Depot,I2726,TN01N8718,Ashok Leyland,BS-3,MTC,No,Ordinary,03-02-2010,Inactive
Padiyanallur Depot,I1937,TN01N7647,Ashok Leyland,BS-3,MTC,No,Ordinary,30-09-2008,Inactive
Padiyanallur Depot,I2064,TN01N8133,Ashok Leyland,BS-3,MTC,No,Ordinary,30-12-2008,Inactive
Padiyanallur Depot,I2409,TN01N8646,Ashok Leyland,BS-3,MTC,No,Ordinary,05-01-2010,Inactive
Padiyanallur Depot,I2577,TN01N9175,Ashok Leyland,BS-3,MTC,No,Ordinary,22-03-2010,Inactive
Padiyanallur Depot,I2578,TN01N9195,Ashok Leyland,BS-3,MTC,No,Ordinary,22-03-2010,Inactive
Padiyanallur Depot,I2711,TN01N8894,Ashok Leyland,BS-3,MTC,No,Ordinary,08-03-2010,Inactive
Padiyanallur Depot,I2714,TN01N8893,Ashok Leyland,BS-3,MTC,No,Ordinary,08-03-2010,Inactive
Padiyanallur Depot,I2717,TN01N8881,Ashok Leyland,BS-3,MTC,No,Ordinary,08-03-2010,Inactive
Padiyanallur Depot,I2722,TN01N8707,Ashok Leyland,BS-3,MTC,No,Ordinary,01-02-2010,Inactive
Padiyanallur Depot,I2735,TN01N8752,Ashok Leyland,BS-3,MTC,No,Ordinary,16-02-2010,Inactive
Padiyanallur Depot,I2744,TN01N9096,Ashok Leyland,BS-3,MTC,No,Ordinary,17-03-2010,Inactive
Padiyanallur Depot,I2762,TN01N8877,Ashok Leyland,BS-3,MTC,No,Ordinary,08-03-2010,Inactive
Padiyanallur Depot,I2771,TN01N8959,Ashok Leyland,BS-3,MTC,No,Ordinary,12-03-2010,Inactive
Padiyanallur Depot,I2774,TN01N8970,Ashok Leyland,BS-3,MTC,No,Ordinary,12-03-2010,Inactive
Padiyanallur Depot,I2785,TN01N8760,Ashok Leyland,BS-3,MTC,No,Ordinary,16-02-2010,Inactive
Padiyanallur Depot,I2791,TN01N8780,Ashok Leyland,BS-3,MTC,No,Ordinary,19-02-2010,Inactive
Padiyanallur Depot,I2795,TN01N8825,Ashok Leyland,BS-3,MTC,No,Ordinary,26-02-2010,Inactive
Padiyanallur Depot,I2933,TN01N8863,Ashok Leyland,BS-3,MTC,No,Ordinary,02-03-2010,Inactive
Padiyanallur Depot,I2991,TN01N9507,Ashok Leyland,BS-3,MTC,No,Ordinary,18-04-2010,Inactive
Padiyanallur Depot,I2041,TN01N8097,Ashok Leyland,BS-3,MTC,No,Ordinary,10-12-2008,Inactive
Anna Nagar Depot,ZZ931,ZZ01AN1131,Ashok Leyland,BS-6,MTC - Dummy,No,Ordinary,,Active
Anna Nagar Depot,ZZ928,ZZ01AN1128,Ashok Leyland,BS-6,MTC - Dummy,No,Ordinary,,Active
Anna Nagar Depot,ZZ929,ZZ01AN1129,Ashok Leyland,BS-6,MTC - Dummy,No,Ordinary,,Active
Anna Nagar Depot,ZZ930,ZZ01AN1130,Ashok Leyland,BS-6,MTC - Dummy,No,Ordinary,,Active
Anna Nagar Depot,ZZ932,ZZ01AN1132,Ashok Leyland,BS-6,MTC - Dummy,No,Ordinary,,Active
Anna Nagar Depot,ZZ927,ZZ01AN1127,Ashok Leyland,BS-6,MTC - Dummy,No,Ordinary,,Active
Poonamallee Depot,J0587,TN01AN1462,Tata,BS-4,MTC,No,Ordinary,06-04-2016,Active
Avadi Depot,AVD28,ZZ01AV0028,Ashok Leyland,BS-6,MTC - Dummy,No,Deluxe,,Active
Avadi Depot,AVD27,ZZ01AV0027,Ashok Leyland,BS-6,MTC - Dummy,No,Deluxe,,Active
Avadi Depot,AVD26,ZZ01AV0026,Ashok Leyland,BS-6,MTC - Dummy,No,Deluxe,,Active
Avadi Depot,AVD25,ZZ01AV0025,Ashok Leyland,BS-6,MTC - Dummy,No,Deluxe,,Active
Avadi Depot,AVD24,ZZ01AV0024,Ashok Leyland,BS-6,MTC - Dummy,No,Deluxe,,Active
Avadi Depot,AVD06,AV01DU0006,Ashok Leyland,BS-4,MTC - Dummy,No,Ordinary,,Active
Poonamallee Depot,J0561,TN01AN1450,Tata,BS-4,MTC,No,Ordinary,31-03-2016,Active
Z Dummy Depot,GJ123,GJ01AN0716,Ashok Leyland,BS-3,MTC - Dummy,No,AC,09-07-2024,Inactive
Central Depot EV,DUMMY0001,GJ01CL3232,Ashok Leyland,BS-6,MTC - Dummy,Yes,Deluxe,01-04-2025,Inactive
Basin Bridge Depot,A1234,TN21N4567,Ashok Leyland,BS-3,MTC - Dummy,No,Ordinary,06-04-2025,Inactive
Z Dummy Depot,GJ1234,GJ01AA1234,Tata,BS-4,MTC - Dummy,No,Ordinary,04-04-2024,Inactive
Vadapalani Depot,K0245,TN01AN4745,Ashok Leyland,BS-6,MTC,No,Ordinary,07-09-2016,Active
Kannagi Nagar Depot,J1189,TN01AN2311,Ashok Leyland,BS-4,MTC,No,Deluxe,13-05-2019,Active
Iyyapanthangal Depot,J1790,TN01AN3717,Ashok Leyland,BS-4,MTC,No,Deluxe,04-03-2020,Active
Avadi Depot,I1966,TN01N7821,Ashok Leyland,BS-3,MTC,No,Ordinary,31-10-2008,Inactive
K.K. Nagar Depot,J0430,TN01AN0816,Tata,BS-4,MTC,No,Ordinary,16-06-2014,Active
K.K. Nagar Depot,J0409,TN01AN0851,Tata,BS-4,MTC,No,Ordinary,16-06-2014,Active
Thiruvanmiyur Depot,ZZ874,ZZ01TR0014,Ashok Leyland,BS-6,MTC - Dummy,No,Deluxe,,Active
Thiruvanmiyur Depot,ZZ878,ZZ01TR0018,Ashok Leyland,BS-6,MTC - Dummy,No,Deluxe,,Active
Thiruvanmiyur Depot,ZZ880,ZZ01TR0020,Ashok Leyland,BS-6,MTC - Dummy,No,Deluxe,,Active
Thiruvanmiyur Depot,ZZ872,ZZ01TR0012,Ashok Leyland,BS-6,MTC - Dummy,No,Deluxe,,Active
Poonamallee Depot,J0580,TN01AN1449,Tata,BS-4,MTC,No,Ordinary,31-03-2016,Active
Padiyanallur Depot,J0899,TN01AN1636,Ashok Leyland,BS-4,MTC,No,Ordinary,07-09-2016,Active
Padiyanallur Depot,J0826,TN01AN1581,Ashok Leyland,BS-4,MTC,No,Ordinary,31-05-2016,Active
Avadi Depot,J0762,TN01AN1476,Ashok Leyland,BS-4,MTC,No,Ordinary,12-04-2016,Active
Avadi Depot,J0222,TN01AN0572,Ashok Leyland,BS-4,MTC,No,Ordinary,21-11-2012,Active
Padiyanallur Depot,Z0068,ZZ01PL0008,Ashok Leyland,BS-6,MTC - Dummy,No,Express,03-01-2019,Active
Padiyanallur Depot,Z0065,ZZ01PL0005,Ashok Leyland,BS-6,MTC - Dummy,No,Express,03-01-2019,Active
Padiyanallur Depot,Z0064,ZZ01PL0004,Ashok Leyland,BS-6,MTC - Dummy,No,Deluxe,03-01-2019,Active
Padiyanallur Depot,Z0063,ZZ01PL0003,Ashok Leyland,BS-6,MTC - Dummy,No,Deluxe,03-01-2019,Active
Padiyanallur Depot,J0846,TN01AN1638,Ashok Leyland,BS-4,MTC,No,Ordinary,07-09-2016,Active
Padiyanallur Depot,J0896,TN01AN1595,Ashok Leyland,BS-4,MTC,No,Ordinary,07-09-2016,Active
Kilambakkam Depot,Z2558,TN00AG1875,Ashok Leyland,BS-4,MTC - Dummy,No,Ordinary,,Active
Kilambakkam Depot,Z2559,TN00AG1876,Ashok Leyland,BS-4,MTC - Dummy,No,Ordinary,,Active
Kilambakkam Depot,Z2557,TN00AG1874,Ashok Leyland,BS-4,MTC - Dummy,No,Ordinary,,Active
Kilambakkam Depot,Z2560,TN00AG1877,Ashok Leyland,BS-4,MTC - Dummy,No,Ordinary,,Active
Kilambakkam Depot,Z2561,TN00AG1878,Ashok Leyland,BS-4,MTC - Dummy,No,Ordinary,,Active
Kilambakkam Depot,Z2562,TN00AG1879,Ashok Leyland,BS-4,MTC - Dummy,No,Ordinary,,Active
Kilambakkam Depot,Z2563,TN00AG1880,Ashok Leyland,BS-4,MTC - Dummy,No,Ordinary,,Active
Kilambakkam Depot,Z2564,TN00AG1881,Ashok Leyland,BS-4,MTC - Dummy,No,Ordinary,,Active
Kilambakkam Depot,Z2565,TN00AG1882,Ashok Leyland,BS-4,MTC - Dummy,No,Ordinary,,Active
Kilambakkam Depot,Z2566,TN00AG1883,Ashok Leyland,BS-4,MTC - Dummy,No,Ordinary,,Active
Kilambakkam Depot,Z2567,TN00AG1884,Ashok Leyland,BS-4,MTC - Dummy,No,Ordinary,,Active
Kilambakkam Depot,Z2556,TN00AG1873,Ashok Leyland,BS-4,MTC - Dummy,No,Ordinary,,Active
Kilambakkam Depot,Z2569,TN00AG1886,Ashok Leyland,BS-4,MTC - Dummy,No,Ordinary,,Active
Saidapet Depot,I1153,TN01N5540,Ashok Leyland,BS-3,MTC,No,Ordinary,02-01-2008,Inactive
Saidapet Depot,J0796,TN01AN1554,Ashok Leyland,BS-4,MTC,No,Ordinary,16-05-2016,Active
Saidapet Depot,J0771,TN01AN1522,Ashok Leyland,BS-4,MTC,No,Ordinary,01-05-2016,Active
Saidapet Depot,J0770,TN01AN1481,Ashok Leyland,BS-4,MTC,No,Ordinary,14-04-2016,Active
Saidapet Depot,J0768,TN01AN1485,Ashok Leyland,BS-4,MTC,No,Ordinary,14-04-2016,Active
Chrompet -I Depot,J1956,TN01AN3909,Ashok Leyland,BS-4,MTC,No,Deluxe,22-03-2020,Active
Basin Bridge Depot,Z2000,TN21N2525,Ashok Leyland,BS-3,MTC - Dummy,No,Ordinary,02-03-2025,Active
Avadi Depot,AVD02,AV01DU0002,Ashok Leyland,BS-4,MTC - Dummy,No,Ordinary,,Active
Kannagi Nagar Depot,J0831,TN01AN1600,Ashok Leyland,BS-4,MTC,No,Ordinary,07-09-2016,Active
Kannagi Nagar Depot,J0856,TN01AN1676,Ashok Leyland,BS-4,MTC,No,Ordinary,07-09-2016,Active
Iyyapanthangal Depot,J0765,TN01AN1491,Ashok Leyland,BS-4,MTC,No,Ordinary,14-04-2016,Active
Iyyapanthangal Depot,J1881,TN01AN3560,Ashok Leyland,BS-4,MTC,No,Deluxe,20-02-2020,Active
Saidapet Depot,SPD01,SP01DU0001,Ashok Leyland,BS-4,MTC - Dummy,No,Ordinary,28-02-2025,Active
K.K. Nagar Depot,ZZ856,ZZ01KK0016,Ashok Leyland,BS-6,MTC - Dummy,No,Deluxe,,Active
Kannagi Nagar Depot,ZZ826,ZZ01KA0006,Ashok Leyland,BS-6,MTC - Dummy,No,Deluxe,,Active
Kannagi Nagar Depot,ZZ839,ZZ01KA0019,Ashok Leyland,BS-6,MTC - Dummy,No,Deluxe,,Active
Kannagi Nagar Depot,ZZ838,ZZ01KA0018,Ashok Leyland,BS-6,MTC - Dummy,No,Deluxe,,Active
Kannagi Nagar Depot,ZZ837,ZZ01KA0017,Ashok Leyland,BS-6,MTC - Dummy,No,Deluxe,,Active
Kannagi Nagar Depot,ZZ836,ZZ01KA0016,Ashok Leyland,BS-6,MTC - Dummy,No,Deluxe,,Active
Kannagi Nagar Depot,ZZ834,ZZ01KA0014,Ashok Leyland,BS-6,MTC - Dummy,No,Deluxe,,Active
Kannagi Nagar Depot,ZZ833,ZZ01KA0013,Ashok Leyland,BS-6,MTC - Dummy,No,Deluxe,,Active
Kannagi Nagar Depot,ZZ831,ZZ01KA0011,Ashok Leyland,BS-6,MTC - Dummy,No,Deluxe,,Active
Kannagi Nagar Depot,ZZ829,ZZ01KA0009,Ashok Leyland,BS-6,MTC - Dummy,No,Deluxe,,Active
Kannagi Nagar Depot,ZZ828,ZZ01KA0008,Ashok Leyland,BS-6,MTC - Dummy,No,Deluxe,,Active
Kannagi Nagar Depot,ZZ827,ZZ01KA0007,Ashok Leyland,BS-6,MTC - Dummy,No,Deluxe,,Active
Kannagi Nagar Depot,ZZ825,ZZ01KA0005,Ashok Leyland,BS-6,MTC - Dummy,No,Deluxe,,Active
Kannagi Nagar Depot,ZZ824,ZZ01KA0004,Ashok Leyland,BS-6,MTC - Dummy,No,Deluxe,,Active
Kannagi Nagar Depot,ZZ823,ZZ01KA0003,Ashok Leyland,BS-6,MTC - Dummy,No,Deluxe,,Active
Kannagi Nagar Depot,ZZ822,ZZ01KA0002,Ashok Leyland,BS-6,MTC - Dummy,No,Deluxe,,Active
Kannagi Nagar Depot,ZZ821,ZZ01KA0001,Ashok Leyland,BS-6,MTC - Dummy,No,Deluxe,,Active
Perambur Depot,J0812,TN01AN1543,Ashok Leyland,BS-4,MTC,No,Ordinary,16-05-2016,Active
Iyyapanthangal Depot,J1851,TN01AN3595,Ashok Leyland,BS-4,MTC,No,Deluxe,20-02-2020,Active
Iyyapanthangal Depot,J1113,TN01AN2233,Ashok Leyland,BS-4,MTC,No,Deluxe,09-05-2019,Active
Iyyapanthangal Depot,J1878,TN01AN3687,Ashok Leyland,BS-4,MTC,No,Deluxe,02-03-2020,Active
Iyyapanthangal Depot,J1908,TN01AN3799,Ashok Leyland,BS-4,MTC,No,Deluxe,11-03-2020,Active
Iyyapanthangal Depot,J1972,TN01AN3856,Ashok Leyland,BS-4,MTC,No,Deluxe,22-03-2020,Active
Iyyapanthangal Depot,J1856,TN01AN3679,Ashok Leyland,BS-4,MTC,No,Deluxe,02-03-2020,Active
Iyyapanthangal Depot,J1970,TN01AN4002,Ashok Leyland,BS-4,MTC,No,Deluxe,22-03-2020,Active
Iyyapanthangal Depot,J1906,TN01AN3739,Ashok Leyland,BS-4,MTC,No,Deluxe,11-03-2020,Active
Iyyapanthangal Depot,K0239,TN01AN4748,Ashok Leyland,BS-6,MTC,No,Ordinary,12-11-2008,Active
Iyyapanthangal Depot,J0839,TN01AN1687,Ashok Leyland,BS-4,MTC,No,Ordinary,07-09-2016,Active
Iyyapanthangal Depot,K0248,TN01AN4830,Ashok Leyland,BS-6,MTC,No,Ordinary,07-09-2016,Active
Iyyapanthangal Depot,K0122,TN01AN4212,Ashok Leyland,BS-6,MTC,No,Ordinary,04-09-2012,Active
Iyyapanthangal Depot,K0103,TN01AN4199,Ashok Leyland,BS-6,MTC,No,Ordinary,16-05-2016,Active
Iyyapanthangal Depot,K0121,TN01AN4167,Ashok Leyland,BS-6,MTC,No,Ordinary,16-05-2016,Active
Iyyapanthangal Depot,K0104,TN01AN4219,Ashok Leyland,BS-6,MTC,No,Ordinary,16-05-2016,Active
Iyyapanthangal Depot,K0117,TN01AN4132,Ashok Leyland,BS-6,MTC,No,Ordinary,16-05-2016,Active
Iyyapanthangal Depot,J1769,TN01AN3504,Ashok Leyland,BS-4,MTC,No,Deluxe,02-02-2020,Active
Iyyapanthangal Depot,J0782,TN01AN1512,Ashok Leyland,BS-4,MTC,No,Ordinary,01-05-2016,Active
Basin Bridge Depot,J0245,TN01AN0633,Ashok Leyland,BS-4,MTC,No,Ordinary,14-06-2013,Active
Basin Bridge Depot,K0258,TN01AN4521,Ashok Leyland,BS-6,MTC,No,Ordinary,,Active
Basin Bridge Depot,K0261,TN01AN4466,Ashok Leyland,BS-6,MTC,No,Ordinary,,Active
Basin Bridge Depot,K0260,TN01AN4510,Ashok Leyland,BS-6,MTC,No,Ordinary,,Active
Basin Bridge Depot,K0259,TN01AN4432,Ashok Leyland,BS-6,MTC,No,Ordinary,,Active
Perambur Depot,I1119,TN01N5405,Ashok Leyland,BS-3,MTC,No,Ordinary,31-12-2007,Inactive
K.K. Nagar Depot,J1621,TN01AN3111,Tata,BS-4,MTC,No,Deluxe,24-09-2019,Active
Anna Nagar Depot,ZZ801,ZZ01AN0021,Ashok Leyland,BS-6,MTC - Dummy,No,Ordinary,,Active
Anna Nagar Depot,ZZ803,ZZ01AN0023,Ashok Leyland,BS-6,MTC - Dummy,No,Ordinary,,Active
Anna Nagar Depot,ZZ804,ZZ01AN0024,Ashok Leyland,BS-6,MTC - Dummy,No,Ordinary,,Active
Anna Nagar Depot,ZZ805,ZZ01AN0025,Ashok Leyland,BS-6,MTC - Dummy,No,Ordinary,,Active
Anna Nagar Depot,ZZ813,ZZ01AN0013,Ashok Leyland,BS-6,MTC - Dummy,No,Ordinary,,Active
Anna Nagar Depot,ZZ812,ZZ01AN0012,Ashok Leyland,BS-6,MTC - Dummy,No,Ordinary,,Active
Anna Nagar Depot,ZZ819,ZZ01AN0019,Ashok Leyland,BS-6,MTC - Dummy,No,Ordinary,,Active
Anna Nagar Depot,ZZ811,ZZ01AN0011,Ashok Leyland,BS-6,MTC - Dummy,No,Ordinary,,Active
Anna Nagar Depot,ZZ814,ZZ01AN0014,Ashok Leyland,BS-6,MTC - Dummy,No,Ordinary,,Active
Anna Nagar Depot,ZZ816,ZZ01AN0016,Ashok Leyland,BS-6,MTC - Dummy,No,Ordinary,,Active
Anna Nagar Depot,ZZ817,ZZ01AN0017,Ashok Leyland,BS-6,MTC - Dummy,No,Ordinary,,Active
Anna Nagar Depot,ZZ820,ZZ01AN0020,Ashok Leyland,BS-6,MTC - Dummy,No,Ordinary,,Active
Anna Nagar Depot,ZZ818,ZZ01AN0018,Ashok Leyland,BS-6,MTC - Dummy,No,Ordinary,,Active
Anna Nagar Depot,ZZ815,ZZ01AN0015,Ashok Leyland,BS-6,MTC - Dummy,No,Ordinary,,Active
Vadapalani Depot,I1148,TN01N5481,Ashok Leyland,BS-3,MTC,No,Ordinary,31-12-2007,Inactive
Basin Bridge Depot,I2720,TN01N8887,Ashok Leyland,BS-3,MTC,No,Ordinary,08-03-2010,Inactive
Madhavaram Depot,I1991,TN01N8075,Ashok Leyland,BS-3,MTC,No,Ordinary,05-12-2008,Inactive
Avadi Depot,I2058,TN01N8149,Ashok Leyland,BS-3,MTC,No,Ordinary,31-12-2008,Inactive
Basin Bridge Depot,K0257,TN01AN4361,Ashok Leyland,BS-6,MTC,No,Ordinary,29-03-2012,Active
K.K. Nagar Depot,J1618,TN01AN3089,Tata,BS-4,MTC,No,Deluxe,24-09-2019,Active
Iyyapanthangal Depot,J1781,TN01AN3538,Ashok Leyland,BS-4,MTC,No,Deluxe,06-02-2020,Active
Tambaram Depot,J0220,TN01AN0552,Ashok Leyland,BS-4,MTC,No,Ordinary,21-11-2012,Active
Tondiarpet-2 Depot,J0882,TN01AN1591,Ashok Leyland,BS-4,MTC,No,Ordinary,07-09-2016,Active
Chrompet -I Depot,J0872,TN01AN1596,Ashok Leyland,BS-4,MTC,No,Ordinary,07-09-2016,Active
Chrompet -I Depot,J0848,TN01AN1671,Ashok Leyland,BS-4,MTC,No,Ordinary,07-09-2016,Active
Chrompet -I Depot,J0774,TN01AN1518,Ashok Leyland,BS-4,MTC,No,Ordinary,01-05-2016,Active
Chrompet -I Depot,I1944,TN01N7718,Ashok Leyland,BS-3,MTC,No,Ordinary,07-10-2008,Inactive
Chrompet -I Depot,I1908,TN01N7410,Ashok Leyland,BS-3,MTC,No,Ordinary,29-08-2008,Inactive
Chrompet -I Depot,I1665,TN01N7416,Ashok Leyland,BS-3,MTC,No,Ordinary,29-08-2008,Inactive
Chrompet -II Depot,Z00098,ZZ01ZZ0003,Ashok Leyland,BS-6,MTC - Dummy,No,Ordinary,,Active
Chrompet -II Depot,Z00097,ZZ01ZZ0002,Ashok Leyland,BS-6,MTC - Dummy,No,Ordinary,,Active
Chrompet -II Depot,Z00099,ZZ01ZZ0004,Ashok Leyland,BS-6,MTC - Dummy,No,Ordinary,,Active
Chrompet -II Depot,Z00096,ZZ01ZZ0001,Ashok Leyland,BS-6,MTC - Dummy,No,Ordinary,,Active
Chrompet -I Depot,I1948,TN01N7699,Ashok Leyland,BS-3,MTC,No,Ordinary,07-10-2008,Inactive
Kilambakkam Depot,I1947,TN01N7743,Ashok Leyland,BS-3,MTC,No,Ordinary,13-10-2008,Inactive
Vysarpadi Depot EV,I1935,TN01N7632,Ashok Leyland,BS-3,MTC,No,Ordinary,29-09-2008,Inactive
Anna Nagar Depot,I1927,TN01N7570,Ashok Leyland,BS-3,MTC,No,Ordinary,20-09-2008,Inactive
Avadi Depot,I1700,TN01N7725,Ashok Leyland,BS-3,MTC,No,Ordinary,10-10-2008,Inactive
Vadapalani Depot,I0959,TN01N5290,Ashok Leyland,BS-3,MTC,No,Ordinary,28-12-2007,Inactive
Mandaveli Depot,M1234NJ,TN01BR3223,Ashok Leyland,BS-4,MTC - Dummy,No,Ordinary,12-09-2024,Inactive
Central Depot EV,I1284,TN01N5411,Ashok Leyland,BS-3,MTC,No,Ordinary,31-12-2007,Inactive
Central Depot EV,I1039,TN01N5294,Ashok Leyland,BS-3,MTC,No,Ordinary,28-12-2007,Inactive
Vadapalani Depot,I0916,TN01N5316,Ashok Leyland,BS-3,MTC,No,Ordinary,28-12-2007,Inactive
Vadapalani Depot,I0908,TN01N5037,Ashok Leyland,BS-3,MTC,No,Ordinary,01-11-2007,Inactive
Vadapalani Depot,I0769,TN01N4934,Ashok Leyland,BS-3,MTC,No,Ordinary,03-10-2007,Inactive
Vadapalani Depot,I0768,TN01N4944,Ashok Leyland,BS-3,MTC,No,Ordinary,03-10-2007,Inactive
Vadapalani Depot,I0753,TN01N4937,Ashok Leyland,BS-3,MTC,No,Ordinary,03-10-2007,Inactive
Tambaram Depot,Z0082,ZZ01TA0012,Ashok Leyland,BS-6,MTC - Dummy,No,Deluxe,,Active
Tambaram Depot,Z0087,ZZ01TA0017,Ashok Leyland,BS-6,MTC - Dummy,No,Deluxe,,Active
Tambaram Depot,Z0088,ZZ01TA0018,Ashok Leyland,BS-6,MTC - Dummy,No,Deluxe,,Active
Tambaram Depot,Z0089,ZZ01TA0019,Ashok Leyland,BS-6,MTC - Dummy,No,Deluxe,,Active
Tambaram Depot,Z0084,ZZ01TA0014,Ashok Leyland,BS-6,MTC - Dummy,No,Deluxe,,Active
Tambaram Depot,Z0083,ZZ01TA0013,Ashok Leyland,BS-6,MTC - Dummy,No,Deluxe,,Active
Tambaram Depot,Z0086,ZZ01TA0016,Ashok Leyland,BS-6,MTC - Dummy,No,Deluxe,,Active
Tambaram Depot,Z0081,ZZ01TA0011,Ashok Leyland,BS-6,MTC - Dummy,No,Deluxe,,Active
Iyyapanthangal Depot,J1052,TN01AN2052,Ashok Leyland,BS-4,MTC,No,Deluxe,22-04-2019,Active
T.Nagar Depot,J0421,TN01AN0894,Tata,BS-4,MTC,No,Ordinary,16-06-2014,Active
Perambur Depot,I1434,TN01N5748,Ashok Leyland,BS-3,MTC,No,Ordinary,21-01-2008,Inactive
Perambur Depot,I2038,TN01N7779,Ashok Leyland,BS-3,MTC,No,Ordinary,20-10-2008,Inactive
Perambur Depot,I2278,TN01N8394,Ashok Leyland,BS-3,MTC,No,Ordinary,20-10-2009,Inactive
Perambur Depot,I2285,TN01N8211,Ashok Leyland,BS-3,MTC,No,Ordinary,05-10-2009,Inactive
Perambur Depot,I2292,TN01N8411,Ashok Leyland,BS-3,MTC,No,Ordinary,30-10-2009,Inactive
Perambur Depot,I2304,TN01N8298,Ashok Leyland,BS-3,MTC,No,Ordinary,14-10-2009,Inactive
Central Depot EV,I2349,TN01N8319,Ashok Leyland,BS-3,MTC,No,Ordinary,19-10-2009,Inactive
Vadapalani Depot,I2573,TN01N8671,Ashok Leyland,BS-3,MTC,No,Ordinary,05-01-2010,Inactive
Perambur Depot,I2743,TN01N8768,Ashok Leyland,BS-3,MTC,No,Ordinary,16-02-2010,Inactive
Perambur Depot,I2759,TN01N8885,Ashok Leyland,BS-3,MTC,No,Ordinary,08-03-2010,Inactive
Perambur Depot,I3016,TN01N9189,Ashok Leyland,BS-3,MTC,No,Ordinary,22-03-2010,Inactive
Perambur Depot,I3027,TN01N8996,Ashok Leyland,BS-3,MTC,No,Ordinary,17-03-2010,Inactive
Perambur Depot,I3083,TN01N9250,Ashok Leyland,BS-3,MTC,No,Ordinary,30-03-2010,Inactive
Perambur Depot,I3085,TN01N9249,Ashok Leyland,BS-3,MTC,No,Ordinary,30-03-2010,Inactive
Perambur Depot,I0731,TN01N4849,Ashok Leyland,BS-3,MTC,No,Ordinary,14-09-2007,Inactive
Vadapalani Depot,I0917,TN01N5340,Ashok Leyland,BS-3,MTC,No,Ordinary,28-12-2007,Inactive
Perambur Depot,I0945,TN01N5360,Ashok Leyland,BS-3,MTC,No,Ordinary,28-12-2007,Inactive
Vadapalani Depot,I0962,TN01N5307,Ashok Leyland,BS-3,MTC,No,Ordinary,28-12-2007,Inactive
Perambur Depot,I0991,TN01N5323,Ashok Leyland,BS-3,MTC,No,Ordinary,28-12-2007,Inactive
Perambur Depot,I1017,TN01N5260,Ashok Leyland,BS-3,MTC,No,Ordinary,28-12-2007,Inactive
Vadapalani Depot,I1021,TN01N5352,Ashok Leyland,BS-3,MTC,No,Ordinary,28-12-2007,Inactive
Vadapalani Depot,I1023,TN01N5299,Ashok Leyland,BS-3,MTC,No,Ordinary,28-12-2007,Inactive
Vadapalani Depot,I1030,TN01N5332,Ashok Leyland,BS-3,MTC,No,Ordinary,28-12-2007,Inactive
Vadapalani Depot,I1034,TN01N5281,Ashok Leyland,BS-3,MTC,No,Ordinary,28-12-2007,Inactive
Vadapalani Depot,I1052,TN01N5344,Ashok Leyland,BS-3,MTC,No,Ordinary,28-12-2007,Inactive
Vadapalani Depot,I1058,TN01N5519,Ashok Leyland,BS-3,MTC,No,Ordinary,31-12-2007,Inactive
Perambur Depot,I1074,TN01N5099,Ashok Leyland,BS-3,MTC,No,Ordinary,26-12-2007,Inactive
Perambur Depot,I1076,TN01N5276,Ashok Leyland,BS-3,MTC,No,Ordinary,28-12-2007,Inactive
Vadapalani Depot,I1080,TN01N5283,Ashok Leyland,BS-3,MTC,No,Ordinary,28-12-2007,Inactive
Central Depot EV,I1082,TN01N5261,Ashok Leyland,BS-3,MTC,No,Ordinary,28-12-2007,Inactive
Perambur Depot,I1090,TN01N5223,Ashok Leyland,BS-3,MTC,No,Ordinary,26-12-2007,Inactive
Perambur Depot,I1115,TN01N5377,Ashok Leyland,BS-3,MTC,No,Ordinary,31-12-2007,Inactive
Vadapalani Depot,I1122,TN01N5467,Ashok Leyland,BS-3,MTC,No,Ordinary,31-12-2007,Inactive
Vadapalani Depot,I1123,TN01N5421,Ashok Leyland,BS-3,MTC,No,Ordinary,31-12-2007,Inactive
Vadapalani Depot,I1146,TN01N5520,Ashok Leyland,BS-3,MTC,No,Ordinary,31-12-2007,Inactive
Vadapalani Depot,I1159,TN01N5424,Ashok Leyland,BS-3,MTC,No,Ordinary,31-12-2007,Inactive
Perambur Depot,I1356,TN01N5682,Ashok Leyland,BS-3,MTC,No,Ordinary,11-01-2008,Inactive
Perambur Depot,I1397,TN01N5693,Ashok Leyland,BS-3,MTC,No,Ordinary,11-01-2008,Inactive
Perambur Depot,J0331,TN01AN0794,Tata,BS-4,MTC,No,Express,18-02-2014,Inactive
Perambur Depot,J0318,TN01AN0751,Tata,BS-4,MTC,No,Express,18-02-2014,Inactive
Perambur Depot,I3308,TN01N9415,Ashok Leyland,BS-3,MTC,No,Deluxe,04-04-2010,Inactive
Perambur Depot,I1182,TN01N5634,Ashok Leyland,BS-3,MTC,No,Ordinary,03-01-2008,Inactive
Perambur Depot,I3047,TN01N9213,Ashok Leyland,BS-3,MTC,No,Express,30-03-2010,Inactive
Central Depot EV,I0799,TN01N5042,Ashok Leyland,BS-3,MTC,No,Ordinary,01-11-2007,Inactive
Vadapalani Depot,I1132,TN01N5563,Ashok Leyland,BS-3,MTC,No,Ordinary,02-01-2008,Inactive
T.Nagar Depot,J0547,TN01AN1210,Tata,BS-4,MTC,No,Ordinary,05-02-2016,Active
T.Nagar Depot,J0546,TN01AN1233,Tata,BS-4,MTC,No,Ordinary,05-02-2016,Active
T.Nagar Depot,J0544,TN01AN1273,Tata,BS-4,MTC,No,Ordinary,05-02-2016,Active
T.Nagar Depot,J0543,TN01AN1231,Tata,BS-4,MTC,No,Ordinary,05-02-2016,Active
T.Nagar Depot,J0542,TN01AN1281,Tata,BS-4,MTC,No,Ordinary,05-02-2016,Active
T.Nagar Depot,J0514,TN01AN1248,Tata,BS-4,MTC,No,Ordinary,05-02-2016,Active
K.K. Nagar Depot,I0541,TN01N4618,Ashok Leyland,BS-3,MTC,No,Ordinary,07-08-2007,Inactive
Madhavaram Depot,I1438,TN01N5739,Ashok Leyland,BS-3,MTC,No,Ordinary,21-01-2008,Inactive
Madhavaram Depot,I1439,TN01N5756,Ashok Leyland,BS-3,MTC,No,Ordinary,30-01-2008,Inactive
Vysarpadi Depot EV,I1440,TN01N5760,Ashok Leyland,BS-3,MTC,No,Ordinary,30-01-2008,Inactive
Anna Nagar Depot,I1444,TN01N5733,Ashok Leyland,BS-3,MTC,No,Ordinary,21-01-2008,Inactive
Perumbakkam Depot EV,I1447,TN01N5715,Ashok Leyland,BS-3,MTC,No,Ordinary,21-01-2008,Inactive
Avadi Depot,I1450,TN01N5773,Ashok Leyland,BS-3,MTC,No,Ordinary,04-02-2008,Inactive
Vysarpadi Depot EV,I1457,TN01N5784,Ashok Leyland,BS-3,MTC,No,Ordinary,04-02-2008,Inactive
Vysarpadi Depot EV,I1459,TN01N5775,Ashok Leyland,BS-3,MTC,No,Ordinary,04-02-2008,Inactive
Avadi Depot,I1473,TN01N5835,Ashok Leyland,BS-3,MTC,No,Ordinary,28-02-2008,Inactive
Basin Bridge Depot,I1610,TN01N5985,Ashok Leyland,BS-3,MTC,No,Ordinary,30-07-2008,Inactive
Vysarpadi Depot EV,I1628,TN01N7236,Ashok Leyland,BS-3,MTC,No,Ordinary,31-07-2008,Inactive
Vysarpadi Depot EV,I1629,TN01N7239,Ashok Leyland,BS-3,MTC,No,Ordinary,01-08-2008,Inactive
Avadi Depot,I1634,TN01N7246,Ashok Leyland,BS-3,MTC,No,Ordinary,04-08-2008,Inactive
Ambattur Depot,I1641,TN01N7284,Ashok Leyland,BS-3,MTC,No,Ordinary,14-08-2008,Inactive
Tondiarpet-2 Depot,I1643,TN01N7285,Ashok Leyland,BS-3,MTC,No,Ordinary,14-08-2008,Inactive
Vysarpadi Depot EV,I1649,TN01N7297,Ashok Leyland,BS-3,MTC,No,Ordinary,18-08-2008,Inactive
Vysarpadi Depot EV,I1650,TN01N7309,Ashok Leyland,BS-3,MTC,No,Ordinary,18-08-2008,Inactive
Madhavaram Depot,I1655,TN01N7341,Ashok Leyland,BS-3,MTC,No,Ordinary,20-08-2008,Inactive
Vysarpadi Depot EV,I1662,TN01N7440,Ashok Leyland,BS-3,MTC,No,Ordinary,01-09-2008,Inactive
Vysarpadi Depot EV,I1663,TN01N7401,Ashok Leyland,BS-3,MTC,No,Ordinary,29-08-2008,Inactive
Vysarpadi Depot EV,I1664,TN01N7414,Ashok Leyland,BS-3,MTC,No,Ordinary,29-08-2008,Inactive
Madhavaram Depot,I1679,TN01N7509,Ashok Leyland,BS-3,MTC,No,Ordinary,09-09-2008,Inactive
Vysarpadi Depot EV,I1687,TN01N7675,Ashok Leyland,BS-3,MTC,No,Ordinary,03-10-2008,Inactive
Ennore Depot,I1695,TN01N7686,Ashok Leyland,BS-3,MTC,No,Ordinary,06-10-2008,Inactive
Madhavaram Depot,I1915,TN01N7512,Ashok Leyland,BS-3,MTC,No,Ordinary,10-09-2008,Inactive
Madhavaram Depot,I1918,TN01N7520,Ashok Leyland,BS-3,MTC,No,Ordinary,11-09-2008,Inactive
Ennore Depot,I1929,TN01N7569,Ashok Leyland,BS-3,MTC,No,Ordinary,20-09-2008,Inactive
Madhavaram Depot,I1930,TN01N7578,Ashok Leyland,BS-3,MTC,No,Ordinary,20-09-2008,Inactive
Vadapalani Depot,I1931,TN01N7580,Ashok Leyland,BS-3,MTC,No,Ordinary,20-09-2008,Inactive
Avadi Depot,I1932,TN01N7589,Ashok Leyland,BS-3,MTC,No,Ordinary,29-09-2008,Inactive
Vysarpadi Depot EV,I1933,TN01N7584,Ashok Leyland,BS-3,MTC,No,Ordinary,29-09-2008,Inactive
Vysarpadi Depot EV,I1934,TN01N7601,Ashok Leyland,BS-3,MTC,No,Ordinary,29-09-2008,Inactive
Vysarpadi Depot EV,I1936,TN01N7625,Ashok Leyland,BS-3,MTC,No,Ordinary,29-09-2008,Inactive
Avadi Depot,I1946,TN01N7697,Ashok Leyland,BS-3,MTC,No,Ordinary,06-10-2008,Inactive
Vysarpadi Depot EV,I1952,TN01N7750,Ashok Leyland,BS-3,MTC,No,Ordinary,15-10-2008,Inactive
Vysarpadi Depot EV,I1956,TN01N7818,Ashok Leyland,BS-3,MTC,No,Ordinary,31-10-2008,Inactive
Ayanavaram Depot,I1959,TN01N7825,Ashok Leyland,BS-3,MTC,No,Ordinary,31-10-2008,Inactive
Chrompet -I Depot,I1968,TN01N7819,Ashok Leyland,BS-3,MTC,No,Ordinary,31-10-2008,Inactive
Madhavaram Depot,I1985,TN01N8089,Ashok Leyland,BS-3,MTC,No,Ordinary,10-12-2008,Inactive
Chrompet -I Depot,I1986,TN01N8088,Ashok Leyland,BS-3,MTC,No,Ordinary,10-12-2008,Inactive
Vadapalani Depot,I1989,TN01N8092,Ashok Leyland,BS-3,MTC,No,Ordinary,10-12-2008,Inactive
Avadi Depot,I1992,TN01N8074,Ashok Leyland,BS-3,MTC,No,Ordinary,05-12-2008,Inactive
Avadi Depot,I1994,TN01N8071,Ashok Leyland,BS-3,MTC,No,Ordinary,05-12-2008,Inactive
Anna Nagar Depot,I2023,TN01N7731,Ashok Leyland,BS-3,MTC,No,Ordinary,10-10-2008,Inactive
Anna Nagar Depot,I2024,TN01N7733,Ashok Leyland,BS-3,MTC,No,Ordinary,10-10-2008,Inactive
Ennore Depot,I2030,TN01N7698,Ashok Leyland,BS-3,MTC,No,Ordinary,06-10-2008,Inactive
Ennore Depot,I2032,TN01N7756,Ashok Leyland,BS-3,MTC,No,Ordinary,15-10-2008,Inactive
Avadi Depot,I2051,TN01N8115,Ashok Leyland,BS-3,MTC,No,Ordinary,18-12-2008,Inactive
Avadi Depot,I2059,TN01N8141,Ashok Leyland,BS-3,MTC,No,Ordinary,30-12-2008,Inactive
Ambattur Depot,I2065,TN01N8132,Ashok Leyland,BS-3,MTC,No,Ordinary,30-12-2008,Inactive
Madhavaram Depot,I2067,TN01N8148,Ashok Leyland,BS-3,MTC,No,Ordinary,31-12-2008,Inactive
Vadapalani Depot,I2068,TN01N8154,Ashok Leyland,BS-3,MTC,No,Ordinary,31-12-2008,Inactive
Central Depot EV,I2210,TN01N8229,Ashok Leyland,BS-3,MTC,No,Ordinary,05-10-2009,Inactive
Saidapet Depot,I2211,TN01N8248,Ashok Leyland,BS-3,MTC,No,Ordinary,05-10-2009,Inactive
Adyar Depot,I2214,TN01N8190,Ashok Leyland,BS-3,MTC,No,Ordinary,05-10-2009,Inactive
Basin Bridge Depot,I2217,TN01N8236,Ashok Leyland,BS-3,MTC,No,Ordinary,05-10-2009,Inactive
Saidapet Depot,I2235,TN01N8272,Ashok Leyland,BS-3,MTC,No,Ordinary,09-10-2009,Inactive
Adyar Depot,I2242,TN01N8240,Ashok Leyland,BS-3,MTC,No,Ordinary,05-10-2009,Inactive
Adyar Depot,I2244,TN01N8201,Ashok Leyland,BS-3,MTC,No,Ordinary,05-10-2009,Inactive
Saidapet Depot,I2246,TN01N8200,Ashok Leyland,BS-3,MTC,No,Ordinary,05-10-2009,Inactive
Thiruvanmiyur Depot,I2247,TN01N8219,Ashok Leyland,BS-3,MTC,No,Ordinary,05-10-2009,Inactive
Saidapet Depot,I2251,TN01N8205,Ashok Leyland,BS-3,MTC,No,Ordinary,05-10-2009,Inactive
Avadi Depot,I2254,TN01N8257,Ashok Leyland,BS-3,MTC,No,Ordinary,09-10-2009,Inactive
Avadi Depot,I2255,TN01N8293,Ashok Leyland,BS-3,MTC,No,Ordinary,14-10-2009,Inactive
Avadi Depot,I2256,TN01N8303,Ashok Leyland,BS-3,MTC,No,Ordinary,14-10-2009,Inactive
Saidapet Depot,I2257,TN01N8267,Ashok Leyland,BS-3,MTC,No,Ordinary,09-10-2009,Inactive
Tondiarpet-1 Depot EV,I2258,TN01N8295,Ashok Leyland,BS-3,MTC,No,Ordinary,14-10-2009,Inactive
Thiruvanmiyur Depot,I2259,TN01N8273,Ashok Leyland,BS-3,MTC,No,Ordinary,09-10-2009,Inactive
Thiruvanmiyur Depot,I2260,TN01N8255,Ashok Leyland,BS-3,MTC,No,Ordinary,09-10-2009,Inactive
Kannagi Nagar Depot,I2261,TN01N8309,Ashok Leyland,BS-3,MTC,No,Ordinary,14-10-2009,Inactive
Thiruvanmiyur Depot,I2262,TN01N8281,Ashok Leyland,BS-3,MTC,No,Ordinary,09-10-2009,Inactive
Vadapalani Depot,I2263,TN01N8278,Ashok Leyland,BS-3,MTC,No,Ordinary,09-10-2009,Inactive
Vadapalani Depot,I2265,TN01N8263,Ashok Leyland,BS-3,MTC,No,Ordinary,09-10-2009,Inactive
Saidapet Depot,I2273,TN01N8390,Ashok Leyland,BS-3,MTC,No,Ordinary,20-10-2009,Inactive
Chrompet -I Depot,I2276,TN01N8404,Ashok Leyland,BS-3,MTC,No,Ordinary,20-10-2009,Inactive
Saidapet Depot,I2282,TN01N8235,Ashok Leyland,BS-3,MTC,No,Deluxe,05-10-2009,Inactive
Chrompet -I Depot,I2288,TN01N8224,Ashok Leyland,BS-3,MTC,No,Ordinary,05-10-2009,Inactive
Chrompet -I Depot,I2290,TN01N8259,Ashok Leyland,BS-3,MTC,No,Ordinary,09-10-2009,Inactive
Central Depot EV,I2291,TN01N8254,Ashok Leyland,BS-3,MTC,No,Ordinary,09-10-2009,Inactive
Kannagi Nagar Depot,I2293,TN01N8232,Ashok Leyland,BS-3,MTC,No,Ordinary,05-10-2009,Inactive
Vysarpadi Depot EV,I2294,TN01N8188,Ashok Leyland,BS-3,MTC,No,Deluxe,05-10-2009,Inactive
Poonamallee Depot,I2309,TN01N8311,Ashok Leyland,BS-3,MTC,No,Ordinary,14-10-2009,Inactive
Avadi Depot,I2312,TN01N8268,Ashok Leyland,BS-3,MTC,No,Ordinary,09-10-2009,Inactive
Vadapalani Depot,I2316,TN01N8381,Ashok Leyland,BS-3,MTC,No,Ordinary,20-10-2009,Inactive
Poonamallee Depot,I2318,TN01N8386,Ashok Leyland,BS-3,MTC,No,Ordinary,20-10-2009,Inactive
Chrompet -I Depot,I2322,TN01N8372,Ashok Leyland,BS-3,MTC,No,Ordinary,20-10-2009,Inactive
Vadapalani Depot,I2323,TN01N8392,Ashok Leyland,BS-3,MTC,No,Ordinary,20-10-2009,Inactive
Vadapalani Depot,I2324,TN01N8525,Ashok Leyland,BS-3,MTC,No,Ordinary,02-12-2009,Inactive
Central Depot EV,I2325,TN01N8416,Ashok Leyland,BS-3,MTC,No,Ordinary,30-10-2009,Inactive
Vadapalani Depot,I2326,TN01N8376,Ashok Leyland,BS-3,MTC,No,Ordinary,20-10-2009,Inactive
Poonamallee Depot,I2327,TN01N8452,Ashok Leyland,BS-3,MTC,No,Express,13-11-2009,Inactive
Tambaram Depot,I2328,TN01N8470,Ashok Leyland,BS-3,MTC,No,Ordinary,13-11-2009,Inactive
Basin Bridge Depot,I2331,TN01N8467,Ashok Leyland,BS-3,MTC,No,Ordinary,13-11-2009,Inactive
Tambaram Depot,I2332,TN01N8478,Ashok Leyland,BS-3,MTC,No,Ordinary,13-11-2009,Inactive
Chrompet -I Depot,I2334,TN01N8497,Ashok Leyland,BS-3,MTC,No,Ordinary,13-11-2009,Inactive
Chrompet -I Depot,I2335,TN01N8554,Ashok Leyland,BS-3,MTC,No,Ordinary,03-12-2009,Inactive
Adyar Depot,I2336,TN01N8511,Ashok Leyland,BS-3,MTC,No,Ordinary,23-11-2009,Inactive
Chrompet -I Depot,I2338,TN01N8550,Ashok Leyland,BS-3,MTC,No,Ordinary,03-12-2009,Inactive
Adyar Depot,I2342,TN01N8194,Ashok Leyland,BS-3,MTC,No,Ordinary,05-10-2009,Inactive
Adyar Depot,I2346,TN01N8209,Ashok Leyland,BS-3,MTC,No,Ordinary,05-10-2009,Inactive
Tambaram Depot,I2347,TN01N8226,Ashok Leyland,BS-3,MTC,No,Ordinary,05-10-2009,Inactive
Avadi Depot,I2350,TN01N8352,Ashok Leyland,BS-3,MTC,No,Ordinary,19-10-2009,Inactive
Tondiarpet-1 Depot EV,I2351,TN01N8313,Ashok Leyland,BS-3,MTC,No,Ordinary,19-10-2009,Inactive
Adyar Depot,I2358,TN01N8366,Ashok Leyland,BS-3,MTC,No,Ordinary,19-10-2009,Inactive
Adyar Depot,I2361,TN01N8496,Ashok Leyland,BS-3,MTC,No,Ordinary,13-11-2009,Inactive
Vadapalani Depot,I2366,TN01N8391,Ashok Leyland,BS-3,MTC,No,Ordinary,20-10-2009,Inactive
Central Depot EV,I2368,TN01N8383,Ashok Leyland,BS-3,MTC,No,Ordinary,20-10-2009,Inactive
Kannagi Nagar Depot,I2373,TN01N8480,Ashok Leyland,BS-3,MTC,No,Ordinary,13-11-2009,Inactive
Vadapalani Depot,I2374,TN01N8455,Ashok Leyland,BS-3,MTC,No,Ordinary,13-11-2009,Inactive
Vadapalani Depot,I2375,TN01N8440,Ashok Leyland,BS-3,MTC,No,Ordinary,13-11-2009,Inactive
Vadapalani Depot,I2376,TN01N8501,Ashok Leyland,BS-3,MTC,No,Ordinary,13-11-2009,Inactive
Vadapalani Depot,I2377,TN01N8481,Ashok Leyland,BS-3,MTC,No,Ordinary,13-11-2009,Inactive
Vadapalani Depot,I2378,TN01N8447,Ashok Leyland,BS-3,MTC,No,Ordinary,13-11-2009,Inactive
Tondiarpet-1 Depot EV,I2379,TN01N8442,Ashok Leyland,BS-3,MTC,No,Ordinary,13-11-2009,Inactive
Central Depot EV,I2388,TN01N8552,Ashok Leyland,BS-3,MTC,No,Ordinary,03-12-2009,Inactive
Ayanavaram Depot,I2391,TN01N8588,Ashok Leyland,BS-3,MTC,No,Ordinary,08-12-2009,Inactive
Ayanavaram Depot,I2392,TN01N8577,Ashok Leyland,BS-3,MTC,No,Ordinary,07-12-2009,Inactive
Basin Bridge Depot,I2393,TN01N8582,Ashok Leyland,BS-3,MTC,No,Ordinary,07-12-2009,Inactive
Avadi Depot,I2395,TN01N8562,Ashok Leyland,BS-3,MTC,No,Ordinary,04-12-2009,Inactive
Ambattur Depot,I2396,TN01N8565,Ashok Leyland,BS-3,MTC,No,Ordinary,04-12-2009,Inactive
Avadi Depot,I2397,TN01N8636,Ashok Leyland,BS-3,MTC,No,Ordinary,05-01-2010,Inactive
Thiruvanmiyur Depot,I2399,TN01N8597,Ashok Leyland,BS-3,MTC,No,Ordinary,08-12-2009,Inactive
Ambattur Depot,I2403,TN01N8622,Ashok Leyland,BS-3,MTC,No,Ordinary,15-12-2009,Inactive
Tambaram Depot,I2407,TN01N8653,Ashok Leyland,BS-3,MTC,No,Ordinary,05-01-2010,Inactive
Tambaram Depot,I2408,TN01N8619,Ashok Leyland,BS-3,MTC,No,Ordinary,15-12-2009,Inactive
Poonamallee Depot,I2411,TN01N8645,Ashok Leyland,BS-3,MTC,No,Express,05-01-2010,Inactive
Avadi Depot,I2412,TN01N8660,Ashok Leyland,BS-3,MTC,No,Ordinary,05-01-2010,Inactive
Central Depot EV,I2413,TN01N8664,Ashok Leyland,BS-3,MTC,No,Ordinary,05-01-2010,Inactive
Tambaram Depot,I2414,TN01N8662,Ashok Leyland,BS-3,MTC,No,Ordinary,05-01-2010,Inactive
Saidapet Depot,I2415,TN01N8676,Ashok Leyland,BS-3,MTC,No,Deluxe,05-01-2010,Inactive
Kannagi Nagar Depot,I2417,TN01N8661,Ashok Leyland,BS-3,MTC,No,Ordinary,05-01-2010,Inactive
Central Depot EV,I2419,TN01N8357,Ashok Leyland,BS-3,MTC,No,Ordinary,19-10-2009,Inactive
Anna Nagar Depot,I2420,TN01N8332,Ashok Leyland,BS-3,MTC,No,Ordinary,19-10-2009,Inactive
Anna Nagar Depot,I2421,TN01N8328,Ashok Leyland,BS-3,MTC,No,Ordinary,19-10-2009,Inactive
Anna Nagar Depot,I2423,TN01N8343,Ashok Leyland,BS-3,MTC,No,Ordinary,19-10-2009,Inactive
Ayanavaram Depot,I2426,TN01N8346,Ashok Leyland,BS-3,MTC,No,Ordinary,19-10-2009,Inactive
Vadapalani Depot,I2427,TN01N8374,Ashok Leyland,BS-3,MTC,No,Ordinary,20-10-2009,Inactive
Chrompet -I Depot,I2429,TN01N8417,Ashok Leyland,BS-3,MTC,No,Ordinary,30-10-2009,Inactive
Kannagi Nagar Depot,I2432,TN01N8489,Ashok Leyland,BS-3,MTC,No,Ordinary,13-11-2009,Inactive
Poonamallee Depot,I2436,TN01N8462,Ashok Leyland,BS-3,MTC,No,Express,13-11-2009,Inactive
Tambaram Depot,I2445,TN01N8548,Ashok Leyland,BS-3,MTC,No,Ordinary,03-12-2009,Inactive
Ayanavaram Depot,I2446,TN01N8524,Ashok Leyland,BS-3,MTC,No,Ordinary,02-12-2009,Inactive
Chrompet -I Depot,I2448,TN01N8464,Ashok Leyland,BS-3,MTC,No,Ordinary,13-11-2009,Inactive
K.K. Nagar Depot,I2450,TN01N8445,Ashok Leyland,BS-3,MTC,No,Ordinary,13-11-2009,Inactive
Central Depot EV,I2451,TN01N8487,Ashok Leyland,BS-3,MTC,No,Ordinary,13-11-2009,Inactive
Vadapalani Depot,I2452,TN01N8476,Ashok Leyland,BS-3,MTC,No,Ordinary,13-11-2009,Inactive
Madhavaram Depot,I2453,TN01N8508,Ashok Leyland,BS-3,MTC,No,Ordinary,13-11-2009,Inactive
Tambaram Depot,I2455,TN01N8463,Ashok Leyland,BS-3,MTC,No,Ordinary,13-11-2009,Inactive
Tambaram Depot,I2463,TN01N8409,Ashok Leyland,BS-3,MTC,No,Ordinary,30-10-2009,Inactive
Chrompet -I Depot,I2466,TN01N8466,Ashok Leyland,BS-3,MTC,No,Ordinary,13-11-2009,Inactive
Chrompet -I Depot,I2474,TN01N8472,Ashok Leyland,BS-3,MTC,No,Deluxe,13-11-2009,Inactive
Tambaram Depot,I2475,TN01N8526,Ashok Leyland,BS-3,MTC,No,Ordinary,02-12-2009,Inactive
Tambaram Depot,I2476,TN01N8527,Ashok Leyland,BS-3,MTC,No,Ordinary,02-12-2009,Inactive
Tambaram Depot,I2477,TN01N8568,Ashok Leyland,BS-3,MTC,No,Ordinary,04-12-2009,Inactive
Tambaram Depot,I2478,TN01N8326,Ashok Leyland,BS-3,MTC,No,Ordinary,19-10-2009,Inactive
Chrompet -I Depot,I2479,TN01N8304,Ashok Leyland,BS-3,MTC,No,Deluxe,14-10-2009,Inactive
Tambaram Depot,I2480,TN01N8287,Ashok Leyland,BS-3,MTC,No,Ordinary,14-10-2009,Inactive
Thiruvanmiyur Depot,I2481,TN01N8338,Ashok Leyland,BS-3,MTC,No,Ordinary,19-10-2009,Inactive
Thiruvanmiyur Depot,I2482,TN01N8322,Ashok Leyland,BS-3,MTC,No,Ordinary,19-10-2009,Inactive
Tambaram Depot,I2483,TN01N8363,Ashok Leyland,BS-3,MTC,No,Ordinary,19-10-2009,Inactive
Tambaram Depot,I2486,TN01N8337,Ashok Leyland,BS-3,MTC,No,Ordinary,19-10-2009,Inactive
Tambaram Depot,I2487,TN01N8341,Ashok Leyland,BS-3,MTC,No,Ordinary,19-10-2009,Inactive
Tambaram Depot,I2488,TN01N8364,Ashok Leyland,BS-3,MTC,No,Ordinary,19-10-2009,Inactive
Tambaram Depot,I2489,TN01N8340,Ashok Leyland,BS-3,MTC,No,Ordinary,19-10-2009,Inactive
Poonamallee Depot,I2490,TN01N8321,Ashok Leyland,BS-3,MTC,No,Express,19-10-2009,Inactive
Tambaram Depot,I2491,TN01N8289,Ashok Leyland,BS-3,MTC,No,Ordinary,14-10-2009,Inactive
Tambaram Depot,I2493,TN01N8389,Ashok Leyland,BS-3,MTC,No,Ordinary,20-10-2009,Inactive
Ayanavaram Depot,I2498,TN01N8361,Ashok Leyland,BS-3,MTC,No,Ordinary,19-10-2009,Inactive
Thiruvanmiyur Depot,I2499,TN01N8347,Ashok Leyland,BS-3,MTC,No,Ordinary,19-10-2009,Inactive
Chrompet -I Depot,I2500,TN01N8334,Ashok Leyland,BS-3,MTC,No,Deluxe,19-10-2009,Inactive
Tambaram Depot,I2505,TN01N8355,Ashok Leyland,BS-3,MTC,No,Ordinary,19-10-2009,Inactive
Tambaram Depot,I2509,TN01N8402,Ashok Leyland,BS-3,MTC,No,Ordinary,20-10-2009,Inactive
Chrompet -I Depot,I2510,TN01N8397,Ashok Leyland,BS-3,MTC,No,Deluxe,20-10-2009,Inactive
Chrompet -I Depot,I2511,TN01N8377,Ashok Leyland,BS-3,MTC,No,Express,20-10-2009,Inactive
Central Depot EV,I2513,TN01N8400,Ashok Leyland,BS-3,MTC,No,Ordinary,20-10-2009,Inactive
Tambaram Depot,I2514,TN01N8401,Ashok Leyland,BS-3,MTC,No,Ordinary,20-10-2009,Inactive
Poonamallee Depot,I2515,TN01N8380,Ashok Leyland,BS-3,MTC,No,Express,20-10-2009,Inactive
Tambaram Depot,I2518,TN01N8379,Ashok Leyland,BS-3,MTC,No,Ordinary,20-10-2009,Inactive
Thiruvanmiyur Depot,I2519,TN01N8371,Ashok Leyland,BS-3,MTC,No,Ordinary,20-10-2009,Inactive
Thiruvanmiyur Depot,I2520,TN01N8536,Ashok Leyland,BS-3,MTC,No,Deluxe,03-12-2009,Inactive
Poonamallee Depot,I2521,TN01N8539,Ashok Leyland,BS-3,MTC,No,Express,03-12-2009,Inactive
Anna Nagar Depot,I2522,TN01N8578,Ashok Leyland,BS-3,MTC,No,Ordinary,07-12-2009,Inactive
Anna Nagar Depot,I2523,TN01N8580,Ashok Leyland,BS-3,MTC,No,Ordinary,07-12-2009,Inactive
Avadi Depot,I2524,TN01N8547,Ashok Leyland,BS-3,MTC,No,Ordinary,03-12-2009,Inactive
Anna Nagar Depot,I2525,TN01N8528,Ashok Leyland,BS-3,MTC,No,Ordinary,03-12-2009,Inactive
Poonamallee Depot,I2529,TN01N8617,Ashok Leyland,BS-3,MTC,No,Express,15-12-2009,Inactive
Avadi Depot,I2531,TN01N8532,Ashok Leyland,BS-3,MTC,No,Ordinary,03-12-2009,Inactive
Kannagi Nagar Depot,I2533,TN01N8623,Ashok Leyland,BS-3,MTC,No,Ordinary,15-12-2009,Inactive
Ambattur Depot,I2534,TN01N8724,Ashok Leyland,BS-3,MTC,No,Ordinary,03-02-2010,Inactive
Anna Nagar Depot,I2535,TN01N8535,Ashok Leyland,BS-3,MTC,No,Ordinary,03-12-2009,Inactive
Anna Nagar Depot,I2536,TN01N8546,Ashok Leyland,BS-3,MTC,No,Ordinary,03-12-2009,Inactive
Anna Nagar Depot,I2537,TN01N8544,Ashok Leyland,BS-3,MTC,No,Ordinary,03-12-2009,Inactive
Anna Nagar Depot,I2538,TN01N8553,Ashok Leyland,BS-3,MTC,No,Ordinary,03-12-2009,Inactive
Ambattur Depot,I2539,TN01N8545,Ashok Leyland,BS-3,MTC,No,Ordinary,03-12-2009,Inactive
Anna Nagar Depot,I2540,TN01N8556,Ashok Leyland,BS-3,MTC,No,Ordinary,03-12-2009,Inactive
Ambattur Depot,I2543,TN01N8543,Ashok Leyland,BS-3,MTC,No,Ordinary,03-12-2009,Inactive
Central Depot EV,I2544,TN01N8599,Ashok Leyland,BS-3,MTC,No,Ordinary,08-12-2009,Inactive
Ambattur Depot,I2547,TN01N8560,Ashok Leyland,BS-3,MTC,No,Ordinary,03-12-2009,Inactive
Ambattur Depot,I2549,TN01N8591,Ashok Leyland,BS-3,MTC,No,Ordinary,08-12-2009,Inactive
Anna Nagar Depot,I2551,TN01N8573,Ashok Leyland,BS-3,MTC,No,Ordinary,07-12-2009,Inactive
Avadi Depot,I2553,TN01N8564,Ashok Leyland,BS-3,MTC,No,Ordinary,04-12-2009,Inactive
Tondiarpet-1 Depot EV,I2554,TN01N8561,Ashok Leyland,BS-3,MTC,No,Ordinary,04-12-2009,Inactive
Chrompet -I Depot,I2555,TN01N8551,Ashok Leyland,BS-3,MTC,No,Express,03-12-2009,Inactive
Kannagi Nagar Depot,I2558,TN01N9159,Ashok Leyland,BS-3,MTC,No,Ordinary,22-03-2010,Inactive
Avadi Depot,I2559,TN01N9079,Ashok Leyland,BS-3,MTC,No,Ordinary,17-03-2010,Inactive
Tondiarpet-1 Depot EV,I2563,TN01N9066,Ashok Leyland,BS-3,MTC,No,Ordinary,17-03-2010,Inactive
Tondiarpet-1 Depot EV,I2565,TN01N9105,Ashok Leyland,BS-3,MTC,No,Ordinary,17-03-2010,Inactive
Tondiarpet-1 Depot EV,I2567,TN01N9082,Ashok Leyland,BS-3,MTC,No,Ordinary,17-03-2010,Inactive
Vadapalani Depot,I2569,TN01N9088,Ashok Leyland,BS-3,MTC,No,Ordinary,17-03-2010,Inactive
Vadapalani Depot,I2570,TN01N8644,Ashok Leyland,BS-3,MTC,No,Ordinary,05-01-2010,Inactive
Tondiarpet-1 Depot EV,I2574,TN01N8689,Ashok Leyland,BS-3,MTC,No,Ordinary,08-01-2010,Inactive
Vadapalani Depot,I2575,TN01N9171,Ashok Leyland,BS-3,MTC,No,Ordinary,22-03-2010,Inactive
Anna Nagar Depot,I2576,TN01N9155,Ashok Leyland,BS-3,MTC,No,Ordinary,22-03-2010,Inactive
Poonamallee Depot,I2580,TN01N8579,Ashok Leyland,BS-3,MTC,No,Express,07-12-2009,Inactive
Ambattur Depot,I2581,TN01N8593,Ashok Leyland,BS-3,MTC,No,Ordinary,08-12-2009,Inactive
Madhavaram Depot,I2582,TN01N8569,Ashok Leyland,BS-3,MTC,No,Ordinary,07-12-2009,Inactive
Madhavaram Depot,I2583,TN01N8592,Ashok Leyland,BS-3,MTC,No,Ordinary,08-12-2009,Inactive
Madhavaram Depot,I2584,TN01N8570,Ashok Leyland,BS-3,MTC,No,Ordinary,07-12-2009,Inactive
Madhavaram Depot,I2585,TN01N8601,Ashok Leyland,BS-3,MTC,No,Ordinary,08-12-2009,Inactive
Anna Nagar Depot,I2596,TN01N8633,Ashok Leyland,BS-3,MTC,No,Ordinary,17-12-2009,Inactive
Avadi Depot,I2701,TN01N8667,Ashok Leyland,BS-3,MTC,No,Ordinary,05-01-2010,Inactive
Poonamallee Depot,I2702,TN01N8640,Ashok Leyland,BS-3,MTC,No,Express,05-01-2010,Inactive
Madhavaram Depot,I2703,TN01N8687,Ashok Leyland,BS-3,MTC,No,Ordinary,08-01-2010,Inactive
Madhavaram Depot,I2704,TN01N9177,Ashok Leyland,BS-3,MTC,No,Ordinary,22-03-2010,Inactive
Thiruvanmiyur Depot,I2707,TN01N9203,Ashok Leyland,BS-3,MTC,No,Deluxe,22-03-2010,Inactive
Anna Nagar Depot,I2709,TN01N9182,Ashok Leyland,BS-3,MTC,No,Ordinary,22-03-2010,Inactive
Anna Nagar Depot,I2710,TN01N9200,Ashok Leyland,BS-3,MTC,No,Ordinary,22-03-2010,Inactive
Chrompet -I Depot,I2712,TN01N8895,Ashok Leyland,BS-3,MTC,No,Express,08-03-2010,Inactive
Chrompet -I Depot,I2713,TN01N8892,Ashok Leyland,BS-3,MTC,No,Express,08-03-2010,Inactive
Ambattur Depot,I2716,TN01N9077,Ashok Leyland,BS-3,MTC,No,Deluxe,17-03-2010,Inactive
Basin Bridge Depot,I2719,TN01N8889,Ashok Leyland,BS-3,MTC,No,Ordinary,08-03-2010,Inactive
Anna Nagar Depot,I2723,TN01N8715,Ashok Leyland,BS-3,MTC,No,Ordinary,03-02-2010,Inactive
Thiruvanmiyur Depot,I2727,TN01N8717,Ashok Leyland,BS-3,MTC,No,Deluxe,03-02-2010,Inactive
Tambaram Depot,I2728,TN01N8713,Ashok Leyland,BS-3,MTC,No,Ordinary,03-02-2010,Inactive
Tambaram Depot,I2729,TN01N8722,Ashok Leyland,BS-3,MTC,No,Ordinary,03-02-2010,Inactive
Saidapet Depot,I2730,TN01N8719,Ashok Leyland,BS-3,MTC,No,Deluxe,03-02-2010,Inactive
Saidapet Depot,I2731,TN01N8762,Ashok Leyland,BS-3,MTC,No,Deluxe,16-02-2010,Inactive
Thiruvanmiyur Depot,I2732,TN01N8751,Ashok Leyland,BS-3,MTC,No,Deluxe,16-02-2010,Inactive
Ayanavaram Depot,I2733,TN01N8767,Ashok Leyland,BS-3,MTC,No,Ordinary,16-02-2010,Inactive
Anna Nagar Depot,I2734,TN01N8750,Ashok Leyland,BS-3,MTC,No,Ordinary,16-02-2010,Inactive
Central Depot EV,I2736,TN01N8771,Ashok Leyland,BS-3,MTC,No,Ordinary,16-02-2010,Inactive
Vadapalani Depot,I2738,TN01N8757,Ashok Leyland,BS-3,MTC,No,Ordinary,16-02-2010,Inactive
Madhavaram Depot,I2739,TN01N8758,Ashok Leyland,BS-3,MTC,No,Ordinary,16-02-2010,Inactive
Anna Nagar Depot,I2740,TN01N8759,Ashok Leyland,BS-3,MTC,No,Deluxe,16-02-2010,Inactive
Tambaram Depot,I2741,TN01N8761,Ashok Leyland,BS-3,MTC,No,Ordinary,16-02-2010,Inactive
Anna Nagar Depot,I2742,TN01N8748,Ashok Leyland,BS-3,MTC,No,Deluxe,16-02-2010,Inactive
Ayanavaram Depot,I2746,TN01N8982,Ashok Leyland,BS-3,MTC,No,Ordinary,12-03-2010,Inactive
Anna Nagar Depot,I2747,TN01N8968,Ashok Leyland,BS-3,MTC,No,Deluxe,12-03-2010,Inactive
Madhavaram Depot,I2748,TN01N9095,Ashok Leyland,BS-3,MTC,No,Ordinary,17-03-2010,Inactive
Anna Nagar Depot,I2749,TN01N8975,Ashok Leyland,BS-3,MTC,No,Deluxe,12-03-2010,Inactive
Anna Nagar Depot,I2750,TN01N9084,Ashok Leyland,BS-3,MTC,No,Deluxe,17-03-2010,Inactive
Tambaram Depot,I2751,TN01N8880,Ashok Leyland,BS-3,MTC,No,Ordinary,08-03-2010,Inactive
Tambaram Depot,I2752,TN01N9275,Ashok Leyland,BS-3,MTC,No,Ordinary,30-03-2010,Inactive
Tambaram Depot,I2753,TN01N9181,Ashok Leyland,BS-3,MTC,No,Ordinary,22-03-2010,Inactive
Madhavaram Depot,I2755,TN01N9304,Ashok Leyland,BS-3,MTC,No,Ordinary,30-03-2010,Inactive
Ayanavaram Depot,I2756,TN01N9231,Ashok Leyland,BS-3,MTC,No,Ordinary,30-03-2010,Inactive
Vysarpadi Depot EV,I2757,TN01N9239,Ashok Leyland,BS-3,MTC,No,Deluxe,30-03-2010,Inactive
Central Depot EV,I2760,TN01N9119,Ashok Leyland,BS-3,MTC,No,Ordinary,17-03-2010,Inactive
Ayanavaram Depot,I2761,TN01N8886,Ashok Leyland,BS-3,MTC,No,Ordinary,08-03-2010,Inactive
Ayanavaram Depot,I2763,TN01N9094,Ashok Leyland,BS-3,MTC,No,Ordinary,17-03-2010,Inactive
Anna Nagar Depot,I2764,TN01N8777,Ashok Leyland,BS-3,MTC,No,Deluxe,19-02-2010,Inactive
Ayanavaram Depot,I2765,TN01N8778,Ashok Leyland,BS-3,MTC,No,Ordinary,19-02-2010,Inactive
Tondiarpet-1 Depot EV,I2775,TN01N8973,Ashok Leyland,BS-3,MTC,No,Ordinary,12-03-2010,Inactive
Tondiarpet-1 Depot EV,I2776,TN01N8940,Ashok Leyland,BS-3,MTC,No,Ordinary,12-03-2010,Inactive
Ennore Depot,I2777,TN01N8949,Ashok Leyland,BS-3,MTC,No,Ordinary,12-03-2010,Inactive
Tondiarpet-1 Depot EV,I2779,TN01N8952,Ashok Leyland,BS-3,MTC,No,Ordinary,12-03-2010,Inactive
Tondiarpet-1 Depot EV,I2780,TN01N8976,Ashok Leyland,BS-3,MTC,No,Ordinary,12-03-2010,Inactive
Ayanavaram Depot,I2784,TN01N8769,Ashok Leyland,BS-3,MTC,No,Ordinary,16-02-2010,Inactive
Ayanavaram Depot,I2786,TN01N8753,Ashok Leyland,BS-3,MTC,No,Ordinary,16-02-2010,Inactive
Poonamallee Depot,I2787,TN01N8766,Ashok Leyland,BS-3,MTC,No,Express,16-02-2010,Inactive
Ayanavaram Depot,I2788,TN01N8764,Ashok Leyland,BS-3,MTC,No,Ordinary,16-02-2010,Inactive
Ennore Depot,I2792,TN01N8776,Ashok Leyland,BS-3,MTC,No,Ordinary,19-02-2010,Inactive
Tondiarpet-1 Depot EV,I2794,TN01N8809,Ashok Leyland,BS-3,MTC,No,Ordinary,26-02-2010,Inactive
Chrompet -I Depot,I2796,TN01N8800,Ashok Leyland,BS-3,MTC,No,Express,26-02-2010,Inactive
Central Depot EV,I2797,TN01N8817,Ashok Leyland,BS-3,MTC,No,Ordinary,26-02-2010,Inactive
Central Depot EV,I2798,TN01N8998,Ashok Leyland,BS-3,MTC,No,Ordinary,17-03-2010,Inactive
Tambaram Depot,I2800,TN01N8735,Ashok Leyland,BS-3,MTC,No,Ordinary,11-02-2010,Inactive
Avadi Depot,I2914,TN01N8745,Ashok Leyland,BS-3,MTC,No,Ordinary,15-02-2010,Inactive
Ennore Depot,I2916,TN01N8755,Ashok Leyland,BS-3,MTC,No,Ordinary,16-02-2010,Inactive
Ennore Depot,I2918,TN01N8772,Ashok Leyland,BS-3,MTC,No,Ordinary,17-02-2010,Inactive
Avadi Depot,I2938,TN01N8876,Ashok Leyland,BS-3,MTC,No,Ordinary,05-03-2010,Inactive
Avadi Depot,I2940,TN01N8897,Ashok Leyland,BS-3,MTC,No,Ordinary,09-03-2010,Inactive
Vadapalani Depot,I2951,TN01N9120,Ashok Leyland,BS-3,MTC,No,Ordinary,17-03-2010,Inactive
Avadi Depot,I2957,TN01N9172,Ashok Leyland,BS-3,MTC,No,Ordinary,22-03-2010,Inactive
Central Depot EV,I3001,TN01N9112,Ashok Leyland,BS-3,MTC,No,Ordinary,17-03-2010,Inactive
Central Depot EV,I3002,TN01N9111,Ashok Leyland,BS-3,MTC,No,Ordinary,17-03-2010,Inactive
Central Depot EV,I3003,TN01N9075,Ashok Leyland,BS-3,MTC,No,Ordinary,17-03-2010,Inactive
Central Depot EV,I3004,TN01N9277,Ashok Leyland,BS-3,MTC,No,Ordinary,30-03-2010,Inactive
Central Depot EV,I3005,TN01N9335,Ashok Leyland,BS-3,MTC,No,Ordinary,30-03-2010,Inactive
Central Depot EV,I3006,TN01N9222,Ashok Leyland,BS-3,MTC,No,Ordinary,30-03-2010,Inactive
Central Depot EV,I3007,TN01N9336,Ashok Leyland,BS-3,MTC,No,Ordinary,30-03-2010,Inactive
Thiruvanmiyur Depot,I3008,TN01N9244,Ashok Leyland,BS-3,MTC,No,Deluxe,30-03-2010,Inactive
Thiruvanmiyur Depot,I3012,TN01N8983,Ashok Leyland,BS-3,MTC,No,Deluxe,12-03-2010,Inactive
Thiruvanmiyur Depot,I3013,TN01N8941,Ashok Leyland,BS-3,MTC,No,Deluxe,12-03-2010,Inactive
Anna Nagar Depot,I3014,TN01N8937,Ashok Leyland,BS-3,MTC,No,Deluxe,12-03-2010,Inactive
Tambaram Depot,I3015,TN01N8984,Ashok Leyland,BS-3,MTC,No,Ordinary,12-03-2010,Inactive
Ayanavaram Depot,I3018,TN01N9315,Ashok Leyland,BS-3,MTC,No,Ordinary,30-03-2010,Inactive
Tambaram Depot,I3020,TN01N9330,Ashok Leyland,BS-3,MTC,No,Ordinary,30-03-2010,Inactive
Central Depot EV,I3025,TN01N9280,Ashok Leyland,BS-3,MTC,No,Ordinary,30-03-2010,Inactive
Ayanavaram Depot,I3026,TN01N9273,Ashok Leyland,BS-3,MTC,No,Ordinary,30-03-2010,Inactive
Ayanavaram Depot,I3028,TN01N9078,Ashok Leyland,BS-3,MTC,No,Ordinary,17-03-2010,Inactive
Central Depot EV,I3029,TN01N9123,Ashok Leyland,BS-3,MTC,No,Ordinary,17-03-2010,Inactive
Ayanavaram Depot,I3030,TN01N9073,Ashok Leyland,BS-3,MTC,No,Ordinary,17-03-2010,Inactive
Saidapet Depot,I3031,TN01N9216,Ashok Leyland,BS-3,MTC,No,Deluxe,30-03-2010,Inactive
Saidapet Depot,I3032,TN01N9290,Ashok Leyland,BS-3,MTC,No,Deluxe,30-03-2010,Inactive
Saidapet Depot,I3033,TN01N9334,Ashok Leyland,BS-3,MTC,No,Deluxe,30-03-2010,Inactive
Saidapet Depot,I3035,TN01N9243,Ashok Leyland,BS-3,MTC,No,Deluxe,30-03-2010,Inactive
Chrompet -I Depot,I3037,TN01N9149,Ashok Leyland,BS-3,MTC,No,Express,22-03-2010,Inactive
Vadapalani Depot,I3038,TN01N9221,Ashok Leyland,BS-3,MTC,No,Ordinary,30-03-2010,Inactive
Vadapalani Depot,I3040,TN01N9281,Ashok Leyland,BS-3,MTC,No,Ordinary,30-03-2010,Inactive
Vadapalani Depot,I3041,TN01N9258,Ashok Leyland,BS-3,MTC,No,Ordinary,30-03-2010,Inactive
Vadapalani Depot,I3044,TN01N9284,Ashok Leyland,BS-3,MTC,No,Ordinary,30-03-2010,Inactive
Vadapalani Depot,I3046,TN01N9293,Ashok Leyland,BS-3,MTC,No,Ordinary,30-03-2010,Inactive
Ennore Depot,I3049,TN01N9234,Ashok Leyland,BS-3,MTC,No,Ordinary,30-03-2010,Inactive
Vadapalani Depot,I3050,TN01N9331,Ashok Leyland,BS-3,MTC,No,Ordinary,30-03-2010,Inactive
Vadapalani Depot,I3051,TN01N9238,Ashok Leyland,BS-3,MTC,No,Ordinary,30-03-2010,Inactive
Iyyapanthangal Depot,I3056,TN01N9240,Ashok Leyland,BS-3,MTC,No,Ordinary,30-03-2010,Inactive
Iyyapanthangal Depot,I3057,TN01N8994,Ashok Leyland,BS-3,MTC,No,Ordinary,17-03-2010,Inactive
Iyyapanthangal Depot,I3058,TN01N9101,Ashok Leyland,BS-3,MTC,No,Ordinary,17-03-2010,Inactive
Iyyapanthangal Depot,I3059,TN01N9117,Ashok Leyland,BS-3,MTC,No,Deluxe,17-03-2010,Inactive
Ayanavaram Depot,I3061,TN01N8997,Ashok Leyland,BS-3,MTC,No,Ordinary,17-03-2010,Inactive
Vadapalani Depot,I3062,TN01N9198,Ashok Leyland,BS-3,MTC,No,Ordinary,22-03-2010,Inactive
Tondiarpet-1 Depot EV,I0004,TN01N4068,Ashok Leyland,BS-3,MTC,No,Ordinary,21-08-2006,Inactive
Tambaram Depot,I3064,TN01N9194,Ashok Leyland,BS-3,MTC,No,Ordinary,22-03-2010,Inactive
Tondiarpet-1 Depot EV,I3066,TN01N8993,Ashok Leyland,BS-3,MTC,No,Ordinary,17-03-2010,Inactive
Ayanavaram Depot,I3067,TN01N9118,Ashok Leyland,BS-3,MTC,No,Ordinary,17-03-2010,Inactive
Tambaram Depot,I3068,TN01N9070,Ashok Leyland,BS-3,MTC,No,Ordinary,17-03-2010,Inactive
Tambaram Depot,I3069,TN01N9265,Ashok Leyland,BS-3,MTC,No,Ordinary,30-03-2010,Inactive
Central Depot EV,I3070,TN01N9110,Ashok Leyland,BS-3,MTC,No,Ordinary,17-03-2010,Inactive
Ennore Depot,I0413,TN01N4461,Ashok Leyland,BS-3,MTC,No,Ordinary,17-04-2007,Inactive
Vysarpadi Depot EV,I0414,TN01N4449,Ashok Leyland,BS-3,MTC,No,Ordinary,12-04-2007,Inactive
Tondiarpet-1 Depot EV,I0418,TN01N4488,Ashok Leyland,BS-3,MTC,No,Ordinary,02-05-2007,Inactive
Tondiarpet-1 Depot EV,I0444,TN01N4496,Ashok Leyland,BS-3,MTC,No,Ordinary,03-05-2007,Inactive
Tondiarpet-1 Depot EV,I0445,TN01N4498,Ashok Leyland,BS-3,MTC,No,Ordinary,03-05-2007,Inactive
Tondiarpet-1 Depot EV,I0446,TN01N4500,Ashok Leyland,BS-3,MTC,No,Ordinary,04-05-2007,Inactive
Avadi Depot,I0505,TN01N4543,Ashok Leyland,BS-3,MTC,No,Ordinary,06-07-2007,Inactive
Avadi Depot,I0506,TN01N4563,Ashok Leyland,BS-3,MTC,No,Ordinary,13-07-2007,Inactive
Saidapet Depot,I0507,TN01N4559,Ashok Leyland,BS-3,MTC,No,Ordinary,13-07-2007,Inactive
Kannagi Nagar Depot,I0513,TN01N4592,Ashok Leyland,BS-3,MTC,No,Ordinary,01-08-2007,Inactive
Madhavaram Depot,I0522,TN01N4593,Ashok Leyland,BS-3,MTC,No,Ordinary,01-08-2007,Inactive
Tondiarpet-1 Depot EV,I0534,TN01N4623,Ashok Leyland,BS-3,MTC,No,Ordinary,07-08-2007,Inactive
Ennore Depot,I0540,TN01N4604,Ashok Leyland,BS-3,MTC,No,Ordinary,03-08-2007,Inactive
Chrompet -I Depot,I0543,TN01N4633,Ashok Leyland,BS-3,MTC,No,Ordinary,09-08-2007,Inactive
Madhavaram Depot,I0546,TN01N4631,Ashok Leyland,BS-3,MTC,No,Ordinary,09-08-2007,Inactive
Tambaram Depot,I3071,TN01N9064,Ashok Leyland,BS-3,MTC,No,Ordinary,17-03-2010,Inactive
K.K. Nagar Depot,I3072,TN01N9318,Ashok Leyland,BS-3,MTC,No,Ordinary,30-03-2010,Inactive
Tambaram Depot,I3073,TN01N9122,Ashok Leyland,BS-3,MTC,No,Ordinary,17-03-2010,Inactive
Tambaram Depot,I3075,TN01N9253,Ashok Leyland,BS-3,MTC,No,Ordinary,30-03-2010,Inactive
Tambaram Depot,I3076,TN01N9259,Ashok Leyland,BS-3,MTC,No,Ordinary,30-03-2010,Inactive
Tambaram Depot,I3077,TN01N9254,Ashok Leyland,BS-3,MTC,No,Deluxe,30-03-2010,Inactive
Chrompet -I Depot,I3078,TN01N9316,Ashok Leyland,BS-3,MTC,No,Express,30-03-2010,Inactive
Vadapalani Depot,I3079,TN01N9237,Ashok Leyland,BS-3,MTC,No,Ordinary,30-03-2010,Inactive
Ayanavaram Depot,I3080,TN01N9229,Ashok Leyland,BS-3,MTC,No,Express,30-03-2010,Inactive
Madhavaram Depot,I3084,TN01N9282,Ashok Leyland,BS-3,MTC,No,Deluxe,30-03-2010,Inactive
Central Depot EV,I3086,TN01N9268,Ashok Leyland,BS-3,MTC,No,Deluxe,30-03-2010,Inactive
Tondiarpet-1 Depot EV,I0703,TN01N4684,Ashok Leyland,BS-3,MTC,No,Ordinary,20-08-2007,Inactive
Ayanavaram Depot,I0707,TN01N4690,Ashok Leyland,BS-3,MTC,No,Ordinary,22-08-2007,Inactive
Avadi Depot,I0719,TN01N4705,Ashok Leyland,BS-3,MTC,No,Ordinary,03-09-2007,Inactive
Madhavaram Depot,I0729,TN01N4894,Ashok Leyland,BS-3,MTC,No,Ordinary,21-09-2007,Inactive
Thiruvanmiyur Depot,I0733,TN01N4864,Ashok Leyland,BS-3,MTC,No,Ordinary,14-09-2007,Inactive
Adyar Depot,I0751,TN01N4935,Ashok Leyland,BS-3,MTC,No,Ordinary,03-10-2007,Inactive
Vysarpadi Depot EV,I0752,TN01N4941,Ashok Leyland,BS-3,MTC,No,Ordinary,03-10-2007,Inactive
Thiruvanmiyur Depot,I0774,TN01N4975,Ashok Leyland,BS-3,MTC,No,Ordinary,05-10-2007,Inactive
Tondiarpet-2 Depot,I0778,TN01N5022,Ashok Leyland,BS-3,MTC,No,Ordinary,19-10-2007,Inactive
Vysarpadi Depot EV,I0783,TN01N5009,Ashok Leyland,BS-3,MTC,No,Ordinary,15-10-2007,Inactive
Anna Nagar Depot,I0786,TN01N5006,Ashok Leyland,BS-3,MTC,No,Ordinary,15-10-2007,Inactive
Ennore Depot,I0787,TN01N5019,Ashok Leyland,BS-3,MTC,No,Ordinary,19-10-2007,Inactive
Vysarpadi Depot EV,I0789,TN01N5011,Ashok Leyland,BS-3,MTC,No,Ordinary,19-10-2007,Inactive
Tondiarpet-1 Depot EV,I0790,TN01N5010,Ashok Leyland,BS-3,MTC,No,Ordinary,19-10-2007,Inactive
Avadi Depot,I0793,TN01N5015,Ashok Leyland,BS-3,MTC,No,Ordinary,19-10-2007,Inactive
Tambaram Depot,I0797,TN01N5045,Ashok Leyland,BS-3,MTC,No,Ordinary,01-11-2007,Inactive
Anna Nagar Depot,I0906,TN01N5029,Ashok Leyland,BS-3,MTC,No,Ordinary,01-11-2007,Inactive
Ayanavaram Depot,I0911,TN01N5044,Ashok Leyland,BS-3,MTC,No,Ordinary,01-11-2007,Inactive
Saidapet Depot,I0918,TN01N5274,Ashok Leyland,BS-3,MTC,No,Ordinary,28-12-2007,Inactive
Madhavaram Depot,I0919,TN01N5229,Ashok Leyland,BS-3,MTC,No,Ordinary,27-12-2007,Inactive
Saidapet Depot,I0922,TN01N5457,Ashok Leyland,BS-3,MTC,No,Ordinary,31-12-2007,Inactive
Tondiarpet-1 Depot EV,I0928,TN01N5268,Ashok Leyland,BS-3,MTC,No,Ordinary,28-12-2007,Inactive
Vysarpadi Depot EV,I0929,TN01N5298,Ashok Leyland,BS-3,MTC,No,Ordinary,28-12-2007,Inactive
Ennore Depot,I0942,TN01N5232,Ashok Leyland,BS-3,MTC,No,Ordinary,27-12-2007,Inactive
Iyyapanthangal Depot,I0944,TN01N5301,Ashok Leyland,BS-3,MTC,No,Ordinary,28-12-2007,Inactive
Madhavaram Depot,I0947,TN01N5208,Ashok Leyland,BS-3,MTC,No,Ordinary,26-12-2007,Inactive
Madhavaram Depot,I0948,TN01N5205,Ashok Leyland,BS-3,MTC,No,Ordinary,26-12-2007,Inactive
Madhavaram Depot,I0949,TN01N5247,Ashok Leyland,BS-3,MTC,No,Ordinary,27-12-2007,Inactive
Madhavaram Depot,I0953,TN01N5511,Ashok Leyland,BS-3,MTC,No,Ordinary,31-12-2007,Inactive
Tambaram Depot,I0954,TN01N5328,Ashok Leyland,BS-3,MTC,No,Ordinary,28-12-2007,Inactive
Saidapet Depot,I0958,TN01N5450,Ashok Leyland,BS-3,MTC,No,Ordinary,31-12-2007,Inactive
Avadi Depot,I0961,TN01N5266,Ashok Leyland,BS-3,MTC,No,Ordinary,28-12-2007,Inactive
Iyyapanthangal Depot,I0964,TN01N5285,Ashok Leyland,BS-3,MTC,No,Ordinary,28-12-2007,Inactive
Anna Nagar Depot,I0965,TN01N5231,Ashok Leyland,BS-3,MTC,No,Ordinary,27-12-2007,Inactive
Madhavaram Depot,I0967,TN01N5365,Ashok Leyland,BS-3,MTC,No,Ordinary,28-12-2007,Inactive
Madhavaram Depot,I0974,TN01N5292,Ashok Leyland,BS-3,MTC,No,Ordinary,28-12-2007,Inactive
Ambattur Depot,I0977,TN01N5304,Ashok Leyland,BS-3,MTC,No,Ordinary,28-12-2007,Inactive
Ambattur Depot,I0978,TN01N5313,Ashok Leyland,BS-3,MTC,No,Ordinary,28-12-2007,Inactive
Saidapet Depot,I0980,TN01N5477,Ashok Leyland,BS-3,MTC,No,Ordinary,31-12-2007,Inactive
Ayanavaram Depot,I0984,TN01N5258,Ashok Leyland,BS-3,MTC,No,Ordinary,28-12-2007,Inactive
Avadi Depot,I0987,TN01N5380,Ashok Leyland,BS-3,MTC,No,Ordinary,31-12-2007,Inactive
Ambattur Depot,I0988,TN01N5529,Ashok Leyland,BS-3,MTC,No,Ordinary,31-12-2007,Inactive
Vysarpadi Depot EV,I0999,TN01N5248,Ashok Leyland,BS-3,MTC,No,Ordinary,27-12-2007,Inactive
Ennore Depot,I1000,TN01N5235,Ashok Leyland,BS-3,MTC,No,Ordinary,27-12-2007,Inactive
Tambaram Depot,I1005,TN01N5189,Ashok Leyland,BS-3,MTC,No,Ordinary,26-12-2007,Inactive
Kannagi Nagar Depot,I1008,TN01N5341,Ashok Leyland,BS-3,MTC,No,Ordinary,28-12-2007,Inactive
Tondiarpet-1 Depot EV,I1012,TN01N5280,Ashok Leyland,BS-3,MTC,No,Ordinary,28-12-2007,Inactive
Thiruvanmiyur Depot,I1013,TN01N5334,Ashok Leyland,BS-3,MTC,No,Ordinary,28-12-2007,Inactive
Tondiarpet-1 Depot EV,I1015,TN01N5346,Ashok Leyland,BS-3,MTC,No,Ordinary,28-12-2007,Inactive
Tondiarpet-1 Depot EV,I1016,TN01N5355,Ashok Leyland,BS-3,MTC,No,Ordinary,28-12-2007,Inactive
Tambaram Depot,I1024,TN01N5092,Ashok Leyland,BS-3,MTC,No,Ordinary,26-12-2007,Inactive
Chrompet -I Depot,I1031,TN01N5146,Ashok Leyland,BS-3,MTC,No,Ordinary,26-12-2007,Inactive
Chrompet -I Depot,I1032,TN01N5319,Ashok Leyland,BS-3,MTC,No,Ordinary,28-12-2007,Inactive
Vysarpadi Depot EV,I1037,TN01N5343,Ashok Leyland,BS-3,MTC,No,Ordinary,28-12-2007,Inactive
Tondiarpet-1 Depot EV,I1041,TN01N5350,Ashok Leyland,BS-3,MTC,No,Ordinary,28-12-2007,Inactive
Tondiarpet-1 Depot EV,I1046,TN01N5440,Ashok Leyland,BS-3,MTC,No,Ordinary,31-12-2007,Inactive
Anna Nagar Depot,I1051,TN01N5270,Ashok Leyland,BS-3,MTC,No,Ordinary,28-12-2007,Inactive
Chrompet -I Depot,I1054,TN01N5107,Ashok Leyland,BS-3,MTC,No,Ordinary,26-12-2007,Inactive
Iyyapanthangal Depot,I1057,TN01N5402,Ashok Leyland,BS-3,MTC,No,Ordinary,31-12-2007,Inactive
Tondiarpet-1 Depot EV,I1059,TN01N5691,Ashok Leyland,BS-3,MTC,No,Ordinary,11-01-2008,Inactive
Iyyapanthangal Depot,I1061,TN01N5259,Ashok Leyland,BS-3,MTC,No,Ordinary,28-12-2007,Inactive
Chrompet -I Depot,I1070,TN01N5148,Ashok Leyland,BS-3,MTC,No,Ordinary,26-12-2007,Inactive
Chrompet -I Depot,I1071,TN01N5140,Ashok Leyland,BS-3,MTC,No,Ordinary,26-12-2007,Inactive
Chrompet -I Depot,I1072,TN01N5195,Ashok Leyland,BS-3,MTC,No,Ordinary,26-12-2007,Inactive
Iyyapanthangal Depot,I1077,TN01N5348,Ashok Leyland,BS-3,MTC,No,Ordinary,28-12-2007,Inactive
Vysarpadi Depot EV,I1083,TN01N5351,Ashok Leyland,BS-3,MTC,No,Ordinary,28-12-2007,Inactive
Vysarpadi Depot EV,I1084,TN01N5409,Ashok Leyland,BS-3,MTC,No,Ordinary,31-12-2007,Inactive
Vysarpadi Depot EV,I1087,TN01N5157,Ashok Leyland,BS-3,MTC,No,Ordinary,26-12-2007,Inactive
Adyar Depot,I1093,TN01N5212,Ashok Leyland,BS-3,MTC,No,Ordinary,26-12-2007,Inactive
Poonamallee Depot,I1098,TN01N5337,Ashok Leyland,BS-3,MTC,No,Ordinary,28-12-2007,Inactive
Thiruvanmiyur Depot,I1099,TN01N5376,Ashok Leyland,BS-3,MTC,No,Ordinary,31-12-2007,Inactive
Perumbakkam Depot EV,I1100,TN01N5400,Ashok Leyland,BS-3,MTC,No,Ordinary,31-12-2007,Inactive
Perumbakkam Depot EV,I1105,TN01N5492,Ashok Leyland,BS-3,MTC,No,Ordinary,31-12-2007,Inactive
Thiruvanmiyur Depot,I1106,TN01N5483,Ashok Leyland,BS-3,MTC,No,Ordinary,31-12-2007,Inactive
Perumbakkam Depot EV,I1107,TN01N5384,Ashok Leyland,BS-3,MTC,No,Ordinary,31-12-2007,Inactive
Vysarpadi Depot EV,I1110,TN01N5322,Ashok Leyland,BS-3,MTC,No,Ordinary,28-12-2007,Inactive
Tondiarpet-1 Depot EV,I1116,TN01N5394,Ashok Leyland,BS-3,MTC,No,Ordinary,31-12-2007,Inactive
Anna Nagar Depot,I1127,TN01N5324,Ashok Leyland,BS-3,MTC,No,Ordinary,28-12-2007,Inactive
Anna Nagar Depot,I1129,TN01N5527,Ashok Leyland,BS-3,MTC,No,Ordinary,31-12-2007,Inactive
Chrompet -I Depot,I1133,TN01N5558,Ashok Leyland,BS-3,MTC,No,Ordinary,02-01-2008,Inactive
Chrompet -I Depot,I1136,TN01N5430,Ashok Leyland,BS-3,MTC,No,Ordinary,31-12-2007,Inactive
Iyyapanthangal Depot,I1137,TN01N5502,Ashok Leyland,BS-3,MTC,No,Ordinary,31-12-2007,Inactive
Poonamallee Depot,I1138,TN01N5410,Ashok Leyland,BS-3,MTC,No,Ordinary,31-12-2007,Inactive
Madhavaram Depot,I1142,TN01N5429,Ashok Leyland,BS-3,MTC,No,Ordinary,31-12-2007,Inactive
Saidapet Depot,I1144,TN01N5446,Ashok Leyland,BS-3,MTC,No,Ordinary,31-12-2007,Inactive
Poonamallee Depot,I1150,TN01N5388,Ashok Leyland,BS-3,MTC,No,Ordinary,31-12-2007,Inactive
Poonamallee Depot,I1157,TN01N5542,Ashok Leyland,BS-3,MTC,No,Ordinary,02-01-2008,Inactive
Vadapalani Depot,I1160,TN01N5513,Ashok Leyland,BS-3,MTC,No,Ordinary,31-12-2007,Inactive
Tambaram Depot,I1163,TN01N5386,Ashok Leyland,BS-3,MTC,No,Ordinary,31-12-2007,Inactive
Vysarpadi Depot EV,I1165,TN01N5550,Ashok Leyland,BS-3,MTC,No,Ordinary,02-01-2008,Inactive
Tondiarpet-1 Depot EV,I1166,TN01N5575,Ashok Leyland,BS-3,MTC,No,Ordinary,02-01-2008,Inactive
Tondiarpet-1 Depot EV,I1167,TN01N5568,Ashok Leyland,BS-3,MTC,No,Ordinary,02-01-2008,Inactive
Ennore Depot,I1168,TN01N5546,Ashok Leyland,BS-3,MTC,No,Ordinary,02-01-2008,Inactive
Ennore Depot,I1171,TN01N5591,Ashok Leyland,BS-3,MTC,No,Ordinary,02-01-2008,Inactive
Madhavaram Depot,I1172,TN01N5562,Ashok Leyland,BS-3,MTC,No,Ordinary,02-01-2008,Inactive
Perumbakkam Depot EV,I1174,TN01N5569,Ashok Leyland,BS-3,MTC,No,Ordinary,02-01-2008,Inactive
Thiruvanmiyur Depot,I1175,TN01N5455,Ashok Leyland,BS-3,MTC,No,Ordinary,31-12-2007,Inactive
Vadapalani Depot,I1184,TN01N5412,Ashok Leyland,BS-3,MTC,No,Ordinary,31-12-2007,Inactive
Vadapalani Depot,I1185,TN01N5488,Ashok Leyland,BS-3,MTC,No,Ordinary,31-12-2007,Inactive
Vysarpadi Depot EV,I1188,TN01N5497,Ashok Leyland,BS-3,MTC,No,Ordinary,31-12-2007,Inactive
Vysarpadi Depot EV,I1189,TN01N5490,Ashok Leyland,BS-3,MTC,No,Ordinary,31-12-2007,Inactive
Saidapet Depot,I1195,TN01N5564,Ashok Leyland,BS-3,MTC,No,Ordinary,02-01-2008,Inactive
Tondiarpet-1 Depot EV,I1197,TN01N5594,Ashok Leyland,BS-3,MTC,No,Ordinary,02-01-2008,Inactive
Vysarpadi Depot EV,I1199,TN01N5573,Ashok Leyland,BS-3,MTC,No,Ordinary,02-01-2008,Inactive
Perumbakkam Depot EV,I1278,TN01N5418,Ashok Leyland,BS-3,MTC,No,Ordinary,31-12-2007,Inactive
Tambaram Depot,I1282,TN01N5465,Ashok Leyland,BS-3,MTC,No,Ordinary,31-12-2007,Inactive
Thiruvanmiyur Depot,I1283,TN01N5500,Ashok Leyland,BS-3,MTC,No,Ordinary,31-12-2007,Inactive
Ambattur Depot,I1286,TN01N5382,Ashok Leyland,BS-3,MTC,No,Ordinary,31-12-2007,Inactive
Avadi Depot,I1287,TN01N5486,Ashok Leyland,BS-3,MTC,No,Ordinary,31-12-2007,Inactive
Basin Bridge Depot,I1296,TN01N5451,Ashok Leyland,BS-3,MTC,No,Ordinary,31-12-2007,Inactive
Central Depot EV,I1301,TN01N5463,Ashok Leyland,BS-3,MTC,No,Ordinary,31-12-2007,Inactive
Central Depot EV,I1303,TN01N5469,Ashok Leyland,BS-3,MTC,No,Ordinary,31-12-2007,Inactive
Ennore Depot,I1307,TN01N5438,Ashok Leyland,BS-3,MTC,No,Ordinary,31-12-2007,Inactive
Poonamallee Depot,I1309,TN01N5395,Ashok Leyland,BS-3,MTC,No,Ordinary,31-12-2007,Inactive
Poonamallee Depot,I1315,TN01N5466,Ashok Leyland,BS-3,MTC,No,Ordinary,31-12-2007,Inactive
Thiruvanmiyur Depot,I1318,TN01N5393,Ashok Leyland,BS-3,MTC,No,Ordinary,31-12-2007,Inactive
Vysarpadi Depot EV,I1332,TN01N5596,Ashok Leyland,BS-3,MTC,No,Ordinary,02-01-2008,Inactive
Tondiarpet-1 Depot EV,I1335,TN01N5757,Ashok Leyland,BS-3,MTC,No,Ordinary,30-01-2008,Inactive
Madhavaram Depot,I1341,TN01N5787,Ashok Leyland,BS-3,MTC,No,Ordinary,06-02-2008,Inactive
Poonamallee Depot,I1358,TN01N5701,Ashok Leyland,BS-3,MTC,No,Ordinary,11-01-2008,Inactive
Ambattur Depot,I1359,TN01N5688,Ashok Leyland,BS-3,MTC,No,Ordinary,11-01-2008,Inactive
Ambattur Depot,I1363,TN01N5708,Ashok Leyland,BS-3,MTC,No,Ordinary,11-01-2008,Inactive
Tondiarpet-1 Depot EV,I1366,TN01N5677,Ashok Leyland,BS-3,MTC,No,Ordinary,11-01-2008,Inactive
Poonamallee Depot,I1369,TN01N5666,Ashok Leyland,BS-3,MTC,No,Ordinary,11-01-2008,Inactive
Madhavaram Depot,I1375,TN01N5664,Ashok Leyland,BS-3,MTC,No,Ordinary,11-01-2008,Inactive
Madhavaram Depot,I1376,TN01N5654,Ashok Leyland,BS-3,MTC,No,Ordinary,11-01-2008,Inactive
Vysarpadi Depot EV,I1378,TN01N5644,Ashok Leyland,BS-3,MTC,No,Ordinary,07-01-2008,Inactive
Tondiarpet-1 Depot EV,I1380,TN01N5643,Ashok Leyland,BS-3,MTC,No,Ordinary,07-01-2008,Inactive
Tondiarpet-1 Depot EV,I1387,TN01N5695,Ashok Leyland,BS-3,MTC,No,Ordinary,11-01-2008,Inactive
Madhavaram Depot,I1388,TN01N5692,Ashok Leyland,BS-3,MTC,No,Ordinary,11-01-2008,Inactive
Vysarpadi Depot EV,I1389,TN01N5702,Ashok Leyland,BS-3,MTC,No,Ordinary,11-01-2008,Inactive
Poonamallee Depot,I1390,TN01N5709,Ashok Leyland,BS-3,MTC,No,Ordinary,11-01-2008,Inactive
Tambaram Depot,I1396,TN01N5670,Ashok Leyland,BS-3,MTC,No,Ordinary,11-01-2008,Inactive
Tondiarpet-1 Depot EV,I1401,TN01N5704,Ashok Leyland,BS-3,MTC,No,Ordinary,11-01-2008,Inactive
Saidapet Depot,I1402,TN01N5712,Ashok Leyland,BS-3,MTC,No,Ordinary,21-01-2008,Inactive
Ennore Depot,I1403,TN01N5667,Ashok Leyland,BS-3,MTC,No,Ordinary,11-01-2008,Inactive
Basin Bridge Depot,I1404,TN01N5781,Ashok Leyland,BS-3,MTC,No,Ordinary,04-02-2008,Inactive
Vysarpadi Depot EV,I1405,TN01N5657,Ashok Leyland,BS-3,MTC,No,Ordinary,11-01-2008,Inactive
Ennore Depot,I1407,TN01N5661,Ashok Leyland,BS-3,MTC,No,Ordinary,11-01-2008,Inactive
Ambattur Depot,I1410,TN01N5656,Ashok Leyland,BS-3,MTC,No,Ordinary,11-01-2008,Inactive
Saidapet Depot,I1411,TN01N5736,Ashok Leyland,BS-3,MTC,No,Ordinary,21-01-2008,Inactive
Ennore Depot,I1414,TN01N5754,Ashok Leyland,BS-3,MTC,No,Ordinary,21-01-2008,Inactive
Tondiarpet-1 Depot EV,I1415,TN01N5746,Ashok Leyland,BS-3,MTC,No,Ordinary,21-01-2008,Inactive
Perumbakkam Depot EV,I1417,TN01N5735,Ashok Leyland,BS-3,MTC,No,Ordinary,21-01-2008,Inactive
Ambattur Depot,I1421,TN01N5751,Ashok Leyland,BS-3,MTC,No,Ordinary,21-01-2008,Inactive
Ambattur Depot,I1423,TN01N5728,Ashok Leyland,BS-3,MTC,No,Ordinary,21-01-2008,Inactive
Adambakkam Depot,I1424,TN01N5720,Ashok Leyland,BS-3,MTC,No,Ordinary,21-01-2008,Inactive
Ennore Depot,I1426,TN01N5744,Ashok Leyland,BS-3,MTC,No,Ordinary,21-01-2008,Inactive
Ennore Depot,I1428,TN01N5725,Ashok Leyland,BS-3,MTC,No,Ordinary,21-01-2008,Inactive
Madhavaram Depot,J0345,TN01AN0747,Tata,BS-4,MTC,No,Express,18-02-2014,Inactive
Ayanavaram Depot,J0333,TN01AN0774,Tata,BS-4,MTC,No,Express,18-02-2014,Inactive
Ayanavaram Depot,J0302,TN01AN0798,Tata,BS-4,MTC,No,Express,18-02-2014,Inactive
Anna Nagar Depot,J0298,TN01AN0718,Tata,BS-4,MTC,No,Express,21-10-2013,Inactive
Madhavaram Depot,J0297,TN01AN0687,Tata,BS-4,MTC,No,Express,21-10-2013,Inactive
Adambakkam Depot,J0282,TN01AN0709,Tata,BS-4,MTC,No,Express,21-10-2013,Inactive
Iyyapanthangal Depot,J0276,TN01AN0676,Tata,BS-4,MTC,No,Express,21-10-2013,Inactive
Iyyapanthangal Depot,J0274,TN01AN0702,Tata,BS-4,MTC,No,Express,21-10-2013,Inactive
Alandur Depot EV,J0270,TN01AN0703,Tata,BS-4,MTC,No,Express,21-10-2013,Inactive
Anna Nagar Depot,J0260,TN01AN0725,Tata,BS-4,MTC,No,Express,21-10-2013,Inactive
Central Depot EV,I3306,TN01N9384,Ashok Leyland,BS-3,MTC,No,Deluxe,04-04-2010,Inactive
Vadapalani Depot,I3305,TN01N9400,Ashok Leyland,BS-3,MTC,No,Deluxe,04-04-2010,Inactive
Basin Bridge Depot,I3304,TN01N9373,Ashok Leyland,BS-3,MTC,No,Deluxe,04-04-2010,Inactive
Central Depot EV,I3303,TN01N9409,Ashok Leyland,BS-3,MTC,No,Deluxe,04-04-2010,Inactive
Adyar Depot,I3100,TN01N9401,Ashok Leyland,BS-3,MTC,No,Deluxe,04-04-2010,Inactive
Central Depot EV,I3099,TN01N9360,Ashok Leyland,BS-3,MTC,No,Deluxe,04-04-2010,Inactive
Ennore Depot,I3098,TN01N9354,Ashok Leyland,BS-3,MTC,No,Ordinary,04-04-2010,Inactive
K.K. Nagar Depot,I3097,TN01N9390,Ashok Leyland,BS-3,MTC,No,Deluxe,31-03-2010,Inactive
Anna Nagar Depot,I3093,TN01N9425,Ashok Leyland,BS-3,MTC,No,Deluxe,04-04-2010,Inactive
Basin Bridge Depot,I3092,TN01N9362,Ashok Leyland,BS-3,MTC,No,Deluxe,04-04-2010,Inactive
Anna Nagar Depot,I3091,TN01N9366,Ashok Leyland,BS-3,MTC,No,Deluxe,31-03-2010,Inactive
Tondiarpet-1 Depot EV,I3090,TN01N9345,Ashok Leyland,BS-3,MTC,No,Deluxe,31-03-2010,Inactive
Central Depot EV,I3089,TN01N9351,Ashok Leyland,BS-3,MTC,No,Deluxe,31-03-2010,Inactive
Vadapalani Depot,I3088,TN01N9346,Ashok Leyland,BS-3,MTC,No,Deluxe,31-03-2010,Inactive
Central Depot EV,I3087,TN01N9109,Ashok Leyland,BS-3,MTC,No,Deluxe,17-03-2010,Inactive
Thiruvanmiyur Depot,I3011,TN01N9416,Ashok Leyland,BS-3,MTC,No,Deluxe,31-03-2010,Inactive
Thiruvanmiyur Depot,I3010,TN01N9412,Ashok Leyland,BS-3,MTC,No,Deluxe,04-04-2010,Inactive
Thiruvanmiyur Depot,I3009,TN01N9423,Ashok Leyland,BS-3,MTC,No,Deluxe,31-03-2010,Inactive
Vysarpadi Depot EV,I2990,TN01N9457,Ashok Leyland,BS-3,MTC,No,Ordinary,12-04-2010,Inactive
Vysarpadi Depot EV,I2988,TN01N9465,Ashok Leyland,BS-3,MTC,No,Ordinary,12-04-2010,Inactive
Vysarpadi Depot EV,I2987,TN01N9484,Ashok Leyland,BS-3,MTC,No,Ordinary,18-04-2010,Inactive
Ennore Depot,I2986,TN01N9514,Ashok Leyland,BS-3,MTC,No,Ordinary,18-04-2010,Inactive
Ennore Depot,I2985,TN01N9460,Ashok Leyland,BS-3,MTC,No,Ordinary,12-04-2010,Inactive
Avadi Depot,I2984,TN01N9462,Ashok Leyland,BS-3,MTC,No,Ordinary,12-04-2010,Inactive
Avadi Depot,I2983,TN01N9455,Ashok Leyland,BS-3,MTC,No,Ordinary,12-04-2010,Inactive
Avadi Depot,I2982,TN01N9446,Ashok Leyland,BS-3,MTC,No,Ordinary,11-04-2010,Inactive
Avadi Depot,I2981,TN01N9445,Ashok Leyland,BS-3,MTC,No,Ordinary,08-04-2010,Inactive
Avadi Depot,I2971,TN01N9448,Ashok Leyland,BS-3,MTC,No,Ordinary,11-04-2010,Inactive
Avadi Depot,I2969,TN01N9491,Ashok Leyland,BS-3,MTC,No,Ordinary,18-04-2010,Inactive
Avadi Depot,I2967,TN01N9417,Ashok Leyland,BS-3,MTC,No,Ordinary,04-04-2010,Inactive
Avadi Depot,I2913,TN01N8737,Ashok Leyland,BS-3,MTC,No,Ordinary,11-02-2010,Inactive
Madhavaram Depot,I2579,TN01N9418,Ashok Leyland,BS-3,MTC,No,Ordinary,31-03-2010,Inactive
Anna Nagar Depot,I1377,TN01N5648,Ashok Leyland,BS-3,MTC,No,Ordinary,03-01-2008,Inactive
Anna Nagar Depot,I1374,TN01N5645,Ashok Leyland,BS-3,MTC,No,Ordinary,03-01-2008,Inactive
Poonamallee Depot,I1370,TN01N5607,Ashok Leyland,BS-3,MTC,No,Ordinary,03-01-2008,Inactive
Ambattur Depot,I1353,TN01N5608,Ashok Leyland,BS-3,MTC,No,Ordinary,03-01-2008,Inactive
Poonamallee Depot,I1351,TN01N5604,Ashok Leyland,BS-3,MTC,No,Ordinary,03-01-2008,Inactive
Madhavaram Depot,I1345,TN01N5815,Ashok Leyland,BS-3,MTC,No,Ordinary,17-02-2008,Inactive
Anna Nagar Depot,I1331,TN01N5621,Ashok Leyland,BS-3,MTC,No,Ordinary,03-01-2008,Inactive
Vysarpadi Depot EV,I1200,TN01N5617,Ashok Leyland,BS-3,MTC,No,Ordinary,03-01-2008,Inactive
Tondiarpet-1 Depot EV,I1198,TN01N5612,Ashok Leyland,BS-3,MTC,No,Ordinary,03-01-2008,Inactive
Poonamallee Depot,I1179,TN01N5610,Ashok Leyland,BS-3,MTC,No,Ordinary,03-01-2008,Inactive
Tondiarpet-1 Depot EV,I0734,TN01N4701,Ashok Leyland,BS-3,MTC,No,Ordinary,03-09-2007,Inactive
Anna Nagar Depot,SDWSR3W43,TN01N8890,Ashok Leyland,BS-4,MTC - Dummy,No,Deluxe,17-07-2024,Inactive
Tondiarpet-2 Depot,I1009,TN01N5342,Ashok Leyland,BS-3,MTC,No,Ordinary,28-12-2007,Inactive
Adyar Depot,I1196,TN01N5572,Ashok Leyland,BS-3,MTC,No,Ordinary,02-01-2008,Inactive
Avadi Depot,I0408,TN01N4379,Ashok Leyland,BS-3,MTC,No,Ordinary,26-03-2007,Inactive
Avadi Depot,I1295,TN01N5419,Ashok Leyland,BS-3,MTC,No,Ordinary,31-12-2007,Inactive
Avadi Depot,I3307,TN01N9394,Ashok Leyland,BS-3,MTC,No,Ordinary,04-04-2010,Inactive
Central Depot EV,I3017,TN01N9329,Ashok Leyland,BS-3,MTC,No,Ordinary,30-03-2010,Inactive
Central Depot EV,I3036,TN01N9322,Ashok Leyland,BS-3,MTC,No,Deluxe,30-03-2010,Inactive
Iyyapanthangal Depot,I1327,TN01N5576,Ashok Leyland,BS-3,MTC,No,Ordinary,02-01-2008,Inactive
Iyyapanthangal Depot,I2530,TN01N8708,Ashok Leyland,BS-3,MTC,No,Ordinary,01-02-2010,Inactive
Iyyapanthangal Depot,I2758,TN01N9065,Ashok Leyland,BS-3,MTC,No,Deluxe,17-03-2010,Inactive
Kilambakkam Depot,I0798,TN01N5046,Ashok Leyland,BS-3,MTC,No,Ordinary,01-11-2007,Inactive
Kilambakkam Depot,I0972,TN01N5088,Ashok Leyland,BS-3,MTC,No,Ordinary,26-12-2007,Inactive
Madhavaram Depot,I1384,TN01N5679,Ashok Leyland,BS-3,MTC,No,Ordinary,11-01-2008,Inactive
Madhavaram Depot,I1386,TN01N5655,Ashok Leyland,BS-3,MTC,No,Ordinary,11-01-2008,Inactive
Saidapet Depot,I1670,TN01N7446,Ashok Leyland,BS-3,MTC,No,Ordinary,02-09-2008,Inactive
Tambaram Depot,I2307,TN01N8271,Ashok Leyland,BS-3,MTC,No,Ordinary,09-10-2009,Inactive
Tambaram Depot,I3043,TN01N9320,Ashok Leyland,BS-3,MTC,No,Express,30-03-2010,Inactive
Tambaram Depot,I3074,TN01N9076,Ashok Leyland,BS-3,MTC,No,Express,17-03-2010,Inactive
Vadapalani Depot,I2269,TN01N8310,Ashok Leyland,BS-3,MTC,No,Ordinary,14-10-2009,Inactive
Ayanavaram Depot,I3082,TN01N9326,Ashok Leyland,BS-3,MTC,No,Deluxe,30-03-2010,Inactive
Adyar Depot,H0933,TN01N3989,Ashok Leyland,BS-6,MTC - Dummy,No,Ordinary,,Inactive
Adyar Depot,H0921,TN01N3978,Ashok Leyland,BS-6,MTC - Dummy,No,Ordinary,,Inactive
Perambur Depot,J0879,TN01AN1677,Ashok Leyland,BS-4,MTC,No,Ordinary,07-09-2016,Active
Perambur Depot,J0877,TN01AN1657,Ashok Leyland,BS-4,MTC,No,Ordinary,07-09-2016,Active
Perambur Depot,J0874,TN01AN1605,Ashok Leyland,BS-4,MTC,No,Ordinary,07-09-2016,Active
Perambur Depot,J0821,TN01AN1562,Ashok Leyland,BS-4,MTC,No,Ordinary,16-05-2016,Active
Perambur Depot,J0820,TN01AN1550,Ashok Leyland,BS-4,MTC,No,Ordinary,16-05-2016,Active
Perambur Depot,J0783,TN01AN1505,Ashok Leyland,BS-4,MTC,No,Ordinary,01-05-2016,Active
Perambur Depot,K0052,TN01AN4038,Ashok Leyland,BS-6,MTC,No,Ordinary,,Active
Perambur Depot,K0057,TN01AN4083,Ashok Leyland,BS-6,MTC,No,Ordinary,,Active
Perambur Depot,K0065,TN01AN4034,Ashok Leyland,BS-6,MTC,No,Ordinary,,Active
Perambur Depot,J0244,TN01AN0626,Ashok Leyland,BS-4,MTC,No,Ordinary,14-06-2013,Active
Perambur Depot,J0243,TN01AN0617,Ashok Leyland,BS-4,MTC,No,Ordinary,14-06-2013,Active
Perambur Depot,J0240,TN01AN0619,Ashok Leyland,BS-4,MTC,No,Ordinary,14-06-2013,Active
Perambur Depot,J0236,TN01AN0628,Ashok Leyland,BS-4,MTC,No,Ordinary,14-06-2013,Active
Perambur Depot,J0224,TN01AN0562,Ashok Leyland,BS-4,MTC,No,Ordinary,21-11-2012,Active
Ayanavaram Depot,J1047,TN01AN2027,Ashok Leyland,BS-4,MTC,No,Deluxe,15-04-2019,Active
Thiruvanmiyur Depot,J2076,TN01AN3895,Ashok Leyland,BS-4,MTC,No,Deluxe,22-03-2020,Active
Thiruvanmiyur Depot,J2075,TN01AN3925,Ashok Leyland,BS-4,MTC,No,Deluxe,22-03-2020,Active
Thiruvanmiyur Depot,J2063,TN01AN3801,Ashok Leyland,BS-4,MTC,No,Deluxe,09-03-2020,Active
Thiruvanmiyur Depot,J2061,TN01AN3928,Ashok Leyland,BS-4,MTC,No,Deluxe,22-03-2020,Active
Thiruvanmiyur Depot,J2060,TN01AN3906,Ashok Leyland,BS-4,MTC,No,Deluxe,22-03-2020,Active
Thiruvanmiyur Depot,J2010,TN01AN3854,Ashok Leyland,BS-4,MTC,No,Deluxe,22-03-2020,Active
Padiyanallur Depot,J1443,TN01AN2691,Ashok Leyland,BS-4,MTC,No,Deluxe,25-06-2019,Active
Padiyanallur Depot,J1173,TN01AN2223,Ashok Leyland,BS-4,MTC,No,Deluxe,06-05-2019,Active
Ennore Depot,J1806,TN01AN3632,Ashok Leyland,BS-4,MTC,No,Deluxe,02-03-2020,Active
Chrompet -I Depot,J1894,TN01AN3774,Ashok Leyland,BS-4,MTC,No,Deluxe,06-03-2020,Active
Chrompet -I Depot,J1887,TN01AN3701,Ashok Leyland,BS-4,MTC,No,Deluxe,02-03-2020,Active
Chrompet -I Depot,J1346,TN01AN2679,Ashok Leyland,BS-4,MTC,No,Deluxe,25-06-2019,Active
Chrompet -I Depot,J1130,TN01AN2074,Ashok Leyland,BS-4,MTC,No,Deluxe,22-04-2019,Active
Ayanavaram Depot,J1895,TN01AN3808,Ashok Leyland,BS-4,MTC,No,Deluxe,06-03-2020,Active
Avadi Depot,J2001,TN01AN4014,Ashok Leyland,BS-4,MTC,No,Deluxe,22-03-2020,Active
Avadi Depot,J1989,TN01AN3912,Ashok Leyland,BS-4,MTC,No,Deluxe,22-03-2020,Active
Avadi Depot,J1924,TN01AN3876,Ashok Leyland,BS-4,MTC,No,Deluxe,22-03-2020,Active
Avadi Depot,J1923,TN01AN3900,Ashok Leyland,BS-4,MTC,No,Deluxe,22-03-2020,Active
Avadi Depot,J1912,TN01AN3722,Ashok Leyland,BS-4,MTC,No,Deluxe,02-03-2020,Active
Avadi Depot,J1366,TN01AN2769,Ashok Leyland,BS-4,MTC,No,Deluxe,02-07-2019,Active
Avadi Depot,J1365,TN01AN2827,Ashok Leyland,BS-4,MTC,No,Deluxe,02-07-2019,Active
Avadi Depot,J1064,TN01AN2082,Ashok Leyland,BS-4,MTC,No,Deluxe,22-04-2019,Active
Avadi Depot,J1063,TN01AN2129,Ashok Leyland,BS-4,MTC,No,Deluxe,22-04-2019,Active
Adyar Depot,I1923,TN01N7543,Ashok Leyland,BS-3,MTC,No,Ordinary,16-09-2008,Inactive
Mandaveli Depot,Z00022,ZD51TN9428,Tata,BS-4,MTC - Dummy,No,Deluxe,30-12-2024,Active
Mandaveli Depot,J0508,TN01AN1258,Tata,BS-4,MTC,No,Ordinary,05-02-2016,Active
Ayanavaram Depot,Z0041,ZZ01AY0001,Ashok Leyland,BS-6,MTC - Dummy,No,Ordinary,,Active
Chrompet -I Depot,Z0035,ZZ01CR0005,Ashok Leyland,BS-6,MTC - Dummy,No,Ordinary,,Active
Chrompet -I Depot,Z0034,ZZ01CR0004,Ashok Leyland,BS-6,MTC - Dummy,No,Ordinary,,Active
Chrompet -I Depot,Z0033,ZZ01CR0003,Ashok Leyland,BS-6,MTC - Dummy,No,Ordinary,,Active
Chrompet -I Depot,Z0032,ZZ01CR0002,Ashok Leyland,BS-6,MTC - Dummy,No,Ordinary,,Active
Anna Nagar Depot,Z0052,ZZ01AN0002,Ashok Leyland,BS-6,MTC - Dummy,No,Ordinary,,Active
Anna Nagar Depot,Z0053,ZZ01AN0003,Ashok Leyland,BS-6,MTC - Dummy,No,Ordinary,,Active
Anna Nagar Depot,Z0054,ZZ01AN0004,Ashok Leyland,BS-6,MTC - Dummy,No,Ordinary,,Active
Chrompet -I Depot,Z0031,ZZ01CR0001,Ashok Leyland,BS-6,MTC - Dummy,No,Ordinary,,Active
Madhavaram Depot,Z0030,ZZ01MV0010,Ashok Leyland,BS-6,MTC - Dummy,No,Ordinary,,Active
Madhavaram Depot,Z0029,ZZ01MV0009,Ashok Leyland,BS-6,MTC - Dummy,No,Ordinary,,Active
Anna Nagar Depot,Z0055,ZZ01AN0005,Ashok Leyland,BS-6,MTC - Dummy,No,Ordinary,,Active
Anna Nagar Depot,Z0056,ZZ01AN0006,Ashok Leyland,BS-6,MTC - Dummy,No,Ordinary,,Active
Madhavaram Depot,Z0022,ZZ01MV0002,Ashok Leyland,BS-6,MTC - Dummy,No,Ordinary,,Active
Madhavaram Depot,Z0021,ZZ01MV0001,Ashok Leyland,BS-6,MTC - Dummy,No,Ordinary,,Active
Ennore Depot,Z0011,ZZ01EN0001,Ashok Leyland,BS-6,MTC - Dummy,No,Ordinary,,Active
Padiyanallur Depot,Z0069,ZZ01PL0009,Ashok Leyland,BS-6,MTC - Dummy,No,Ordinary,,Active
Ayanavaram Depot,Z0050,ZZ01AY0010,Ashok Leyland,BS-6,MTC - Dummy,No,Ordinary,,Active
Anna Nagar Depot,Z0051,ZZ01AN0001,Ashok Leyland,BS-6,MTC - Dummy,No,Ordinary,,Active
Ayanavaram Depot,Z0047,ZZ01AY0007,Ashok Leyland,BS-6,MTC - Dummy,No,Ordinary,,Active
Anna Nagar Depot,Z0060,ZZ01AN0010,Ashok Leyland,BS-6,MTC - Dummy,No,Ordinary,,Active
Ayanavaram Depot,Z0046,ZZ01AY0006,Ashok Leyland,BS-6,MTC - Dummy,No,Ordinary,,Active
Ayanavaram Depot,Z0045,ZZ01AY0005,Ashok Leyland,BS-6,MTC - Dummy,No,Ordinary,,Active
Ayanavaram Depot,Z0044,ZZ01AY0004,Ashok Leyland,BS-6,MTC - Dummy,No,Ordinary,,Active
Ayanavaram Depot,Z0043,ZZ01AY0003,Ashok Leyland,BS-6,MTC - Dummy,No,Ordinary,,Active
Anna Nagar Depot,Z0059,ZZ01AN0009,Ashok Leyland,BS-6,MTC - Dummy,No,Ordinary,,Active
Anna Nagar Depot,Z0058,ZZ01AN0008,Ashok Leyland,BS-6,MTC - Dummy,No,Ordinary,,Active
Tambaram Depot,Z0072,ZZ01TA0002,Ashok Leyland,BS-6,MTC - Dummy,No,Ordinary,,Active
Tambaram Depot,Z0074,ZZ01TA0004,Ashok Leyland,BS-6,MTC - Dummy,No,Ordinary,,Active
Tambaram Depot,Z0075,ZZ01TA0005,Ashok Leyland,BS-6,MTC - Dummy,No,Ordinary,,Active
Tambaram Depot,Z0076,ZZ01TA0006,Ashok Leyland,BS-6,MTC - Dummy,No,Ordinary,,Active
Tambaram Depot,Z0077,ZZ01TA0007,Ashok Leyland,BS-6,MTC - Dummy,No,Ordinary,,Active
Tambaram Depot,Z0078,ZZ01TA0008,Ashok Leyland,BS-6,MTC - Dummy,No,Ordinary,,Active
Tambaram Depot,Z0080,ZZ01TA0010,Ashok Leyland,BS-6,MTC - Dummy,No,Ordinary,,Active
Padiyanallur Depot,Z0070,ZZ01PL0010,Ashok Leyland,BS-6,MTC - Dummy,No,Ordinary,,Active
Ayanavaram Depot,Z0042,ZZ01AY0002,Ashok Leyland,BS-6,MTC - Dummy,No,Ordinary,,Active
Anna Nagar Depot,Z0057,ZZ01AN0007,Ashok Leyland,BS-6,MTC - Dummy,No,Ordinary,,Active
Tambaram Depot,Z0071,ZZ01TA0001,Ashok Leyland,BS-6,MTC - Dummy,No,Ordinary,,Active
Tambaram Depot,Z0073,ZZ01TA0003,Ashok Leyland,BS-6,MTC - Dummy,No,Ordinary,,Active
T.Nagar Depot,Z0007,ZZ01TN0007,Ashok Leyland,BS-6,MTC - Dummy,No,Ordinary,,Active
T.Nagar Depot,Z0005,ZZ01TN0005,Ashok Leyland,BS-6,MTC - Dummy,No,Ordinary,,Active
T.Nagar Depot,Z0009,ZZ01TN0009,Ashok Leyland,BS-6,MTC - Dummy,No,Ordinary,,Active
T.Nagar Depot,Z0010,ZZ01TN0010,Ashok Leyland,BS-6,MTC - Dummy,No,Ordinary,,Active
T.Nagar Depot,Z0008,ZZ01TN0008,Ashok Leyland,BS-6,MTC - Dummy,No,Ordinary,,Active
Adyar Depot,K0033,TN01AN4043,Ashok Leyland,BS-6,MTC,No,Ordinary,,Active
Chrompet -I Depot,K0102,TN01AN4165,Ashok Leyland,BS-6,MTC,No,Ordinary,,Active
Anna Nagar Depot,K0302,TN01AN4728,Ashok Leyland,BS-6,MTC,No,Ordinary,,Active
Chrompet -I Depot,K0301,TN01AN4632,Ashok Leyland,BS-6,MTC,No,Ordinary,,Active
Chrompet -I Depot,K0099,TN01AN4291,Ashok Leyland,BS-6,MTC,No,Ordinary,,Active
Anna Nagar Depot,K0100,TN01AN4293,Ashok Leyland,BS-6,MTC,No,Ordinary,,Active
Avadi Depot,K0238,TN01AN4675,Ashok Leyland,BS-6,MTC,No,Ordinary,,Active
Ayanavaram Depot,K0240,TN01AN4694,Ashok Leyland,BS-6,MTC,No,Ordinary,,Active
Thiruvanmiyur Depot,K0241,TN01AN4721,Ashok Leyland,BS-6,MTC,No,Ordinary,,Active
Anna Nagar Depot,K0243,TN01AN4674,Ashok Leyland,BS-6,MTC,No,Ordinary,,Active
Ayanavaram Depot,K0244,TN01AN4655,Ashok Leyland,BS-6,MTC,No,Ordinary,,Active
Thiruvanmiyur Depot,K0283,TN01AN4671,Ashok Leyland,BS-6,MTC,No,Ordinary,,Active
Anna Nagar Depot,K0282,TN01AN4700,Ashok Leyland,BS-6,MTC,No,Ordinary,,Active
Ayanavaram Depot,K0279,TN01AN4722,Ashok Leyland,BS-6,MTC,No,Ordinary,,Active
Avadi Depot,K0277,TN01AN4703,Ashok Leyland,BS-6,MTC,No,Ordinary,,Active
Tambaram Depot,K0274,TN01AN4648,Ashok Leyland,BS-6,MTC,No,Ordinary,,Active
Anna Nagar Depot,K0271,TN01AN4682,Ashok Leyland,BS-6,MTC,No,Ordinary,,Active
Tambaram Depot,K0269,TN01AN4692,Ashok Leyland,BS-6,MTC,No,Ordinary,,Active
Anna Nagar Depot,K0299,TN01AN4725,Ashok Leyland,BS-6,MTC,No,Ordinary,,Active
Ayanavaram Depot,K0298,TN01AN4645,Ashok Leyland,BS-6,MTC,No,Ordinary,,Active
Chrompet -I Depot,K0106,TN01AN4138,Ashok Leyland,BS-6,MTC,No,Ordinary,,Active
Ennore Depot,K0107,TN01AN4228,Ashok Leyland,BS-6,MTC,No,Ordinary,,Active
Ennore Depot,K0110,TN01AN4163,Ashok Leyland,BS-6,MTC,No,Ordinary,,Active
Ennore Depot,K0111,TN01AN4210,Ashok Leyland,BS-6,MTC,No,Ordinary,,Active
Ennore Depot,K0112,TN01AN4136,Ashok Leyland,BS-6,MTC,No,Ordinary,,Active
Chrompet -I Depot,K0113,TN01AN4151,Ashok Leyland,BS-6,MTC,No,Ordinary,,Active
Chrompet -I Depot,K0114,TN01AN4213,Ashok Leyland,BS-6,MTC,No,Ordinary,,Active
Chrompet -I Depot,K0115,TN01AN4154,Ashok Leyland,BS-6,MTC,No,Ordinary,,Active
Chrompet -I Depot,K0116,TN01AN4168,Ashok Leyland,BS-6,MTC,No,Ordinary,,Active
Ennore Depot,K0119,TN01AN4179,Ashok Leyland,BS-6,MTC,No,Ordinary,,Active
Ennore Depot,K0127,TN01AN4170,Ashok Leyland,BS-6,MTC,No,Ordinary,,Active
Ennore Depot,K0129,TN01AN4135,Ashok Leyland,BS-6,MTC,No,Ordinary,,Active
Ennore Depot,K0130,TN01AN4169,Ashok Leyland,BS-6,MTC,No,Ordinary,,Active
Tambaram Depot,K0073,TN01AN4089,Ashok Leyland,BS-6,MTC,No,Ordinary,,Active
Adyar Depot,K0076,TN01AN4060,Ashok Leyland,BS-6,MTC,No,Ordinary,,Active
Thiruvanmiyur Depot,K0071,TN01AN4117,Ashok Leyland,BS-6,MTC,No,Ordinary,,Active
Ayanavaram Depot,K0027,TN01AN4051,Ashok Leyland,BS-6,MTC,No,Ordinary,,Active
Ayanavaram Depot,K0026,TN01AN4039,Ashok Leyland,BS-6,MTC,No,Ordinary,,Active
Ayanavaram Depot,K0029,TN01AN4061,Ashok Leyland,BS-6,MTC,No,Ordinary,,Active
Ayanavaram Depot,K0028,TN01AN3957,Ashok Leyland,BS-6,MTC,No,Ordinary,,Active
Tambaram Depot,K0077,TN01AN4041,Ashok Leyland,BS-6,MTC,No,Ordinary,,Active
Saidapet Depot,K0069,TN01AN4120,Ashok Leyland,BS-6,MTC,No,Ordinary,,Active
Adyar Depot,K0068,TN01AN4091,Ashok Leyland,BS-6,MTC,No,Ordinary,,Active
Tambaram Depot,K0056,TN01AN4081,Ashok Leyland,BS-6,MTC,No,Ordinary,,Active
Thiruvanmiyur Depot,K0084,TN01AN4125,Ashok Leyland,BS-6,MTC,No,Ordinary,,Active
Avadi Depot,K0085,TN01AN4086,Ashok Leyland,BS-6,MTC,No,Ordinary,,Active
Padiyanallur Depot,K0087,TN01AN4100,Ashok Leyland,BS-6,MTC,No,Ordinary,,Active
Avadi Depot,K0063,TN01AN4046,Ashok Leyland,BS-6,MTC,No,Ordinary,,Active
Adyar Depot,K0053,TN01AN4071,Ashok Leyland,BS-6,MTC,No,Ordinary,,Active
Ayanavaram Depot,K0030,TN01AN4122,Ashok Leyland,BS-6,MTC,No,Ordinary,,Active
Saidapet Depot,K0064,TN01AN4065,Ashok Leyland,BS-6,MTC,No,Ordinary,,Active
Saidapet Depot,K0062,TN01AN4123,Ashok Leyland,BS-6,MTC,No,Ordinary,,Active
Saidapet Depot,K0061,TN01AN4052,Ashok Leyland,BS-6,MTC,No,Ordinary,,Active
Thiruvanmiyur Depot,K0088,TN01AN4044,Ashok Leyland,BS-6,MTC,No,Ordinary,,Active
Ayanavaram Depot,K0089,TN01AN4128,Ashok Leyland,BS-6,MTC,No,Ordinary,,Active
Avadi Depot,K0090,TN01AN4063,Ashok Leyland,BS-6,MTC,No,Ordinary,,Active
Ayanavaram Depot,K0092,TN01AN4129,Ashok Leyland,BS-6,MTC,No,Ordinary,,Active
Ayanavaram Depot,K0059,TN01AN4093,Ashok Leyland,BS-6,MTC,No,Ordinary,,Active
Tambaram Depot,K0080,TN01AN4563,Ashok Leyland,BS-6,MTC,No,Ordinary,,Active
Tambaram Depot,K0082,TN01AN4542,Ashok Leyland,BS-6,MTC,No,Ordinary,,Active
Kilambakkam Depot,K0093,TN01AN4084,Ashok Leyland,BS-6,MTC,No,Ordinary,,Active
Padiyanallur Depot,K0094,TN01AN4057,Ashok Leyland,BS-6,MTC,No,Ordinary,,Active
Chrompet -I Depot,K0327,TN01AN4835,Ashok Leyland,BS-6,MTC,No,Ordinary,,Active
Tambaram Depot,K0328,TN01AN4910,Ashok Leyland,BS-6,MTC,No,Ordinary,,Active
Avadi Depot,K0095,TN01AN4126,Ashok Leyland,BS-6,MTC,No,Ordinary,,Active
Tambaram Depot,K0318,TN01AN4851,Ashok Leyland,BS-6,MTC,No,Ordinary,,Active
Kannagi Nagar Depot,K0319,TN01AN4849,Ashok Leyland,BS-6,MTC,No,Ordinary,,Active
Kannagi Nagar Depot,K0320,TN01AN4899,Ashok Leyland,BS-6,MTC,No,Ordinary,,Active
Kannagi Nagar Depot,K0312,TN01AN4758,Ashok Leyland,BS-6,MTC,No,Ordinary,,Active
Tambaram Depot,K0019,TN01AN4104,Ashok Leyland,BS-6,MTC,No,Ordinary,,Active
Kilambakkam Depot,K0014,TN01AN3972,Ashok Leyland,BS-6,MTC,No,Ordinary,,Active
Kilambakkam Depot,K0012,TN01AN4010,Ashok Leyland,BS-6,MTC,No,Ordinary,,Active
Kannagi Nagar Depot,K0317,TN01AN4848,Ashok Leyland,BS-6,MTC,No,Ordinary,,Active
Kannagi Nagar Depot,K0324,TN01AN4903,Ashok Leyland,BS-6,MTC,No,Ordinary,,Active
Tambaram Depot,K0335,TN01AN4972,Ashok Leyland,BS-6,MTC,No,Ordinary,,Active
Tambaram Depot,K0340,TN01AN4935,Ashok Leyland,BS-6,MTC,No,Ordinary,,Active
Chrompet -II Depot,K0309,TN01AN4768,Ashok Leyland,BS-6,MTC,No,Ordinary,,Active
Tambaram Depot,K0306,TN01AN4738,Ashok Leyland,BS-6,MTC,No,Ordinary,,Active
Adyar Depot,K0097,TN01AN4080,Ashok Leyland,BS-6,MTC,No,Ordinary,,Active
Tambaram Depot,K0310,TN01AN4765,Ashok Leyland,BS-6,MTC,No,Ordinary,,Active
Tambaram Depot,K0304,TN01AN4786,Ashok Leyland,BS-6,MTC,No,Ordinary,,Active
Tambaram Depot,K0295,TN01AN4740,Ashok Leyland,BS-6,MTC,No,Ordinary,,Active
Tambaram Depot,K0294,TN01AN4749,Ashok Leyland,BS-6,MTC,No,Ordinary,,Active
Ayanavaram Depot,K0297,TN01AN4665,Ashok Leyland,BS-6,MTC,No,Ordinary,,Active
Padiyanallur Depot,K0049,TN01AN4113,Ashok Leyland,BS-6,MTC,No,Ordinary,,Active
Avadi Depot,K0040,TN01AN4066,Ashok Leyland,BS-6,MTC,No,Ordinary,,Active
Avadi Depot,K0038,TN01AN4098,Ashok Leyland,BS-6,MTC,No,Ordinary,,Active
Avadi Depot,K0039,TN01AN4114,Ashok Leyland,BS-6,MTC,No,Ordinary,,Active
Tambaram Depot,K0020,TN01AN4068,Ashok Leyland,BS-6,MTC,No,Ordinary,,Active
Thiruvanmiyur Depot,K0010,TN01AN4097,Ashok Leyland,BS-6,MTC,No,Ordinary,,Active
Thiruvanmiyur Depot,K0008,TN01AN4115,Ashok Leyland,BS-6,MTC,No,Ordinary,,Active
Adyar Depot,K0034,TN01AN3990,Ashok Leyland,BS-6,MTC,No,Ordinary,,Active
Adyar Depot,K0035,TN01AN4033,Ashok Leyland,BS-6,MTC,No,Ordinary,,Active
Avadi Depot,K0303,TN01AN4640,Ashok Leyland,BS-6,MTC,No,Ordinary,,Active
Kilambakkam Depot,K0011,TN01AN4078,Ashok Leyland,BS-6,MTC,No,Ordinary,,Active
Adyar Depot,K0098,TN01AN4055,Ashok Leyland,BS-6,MTC,No,Ordinary,,Active
Chrompet -I Depot,K0273,TN01AN4684,Ashok Leyland,BS-6,MTC,No,Ordinary,,Active
Chrompet -I Depot,K0307,TN01AN4635,Ashok Leyland,BS-6,MTC,No,Ordinary,,Active
Chrompet -II Depot,K0234,TN01AN4359,Ashok Leyland,BS-6,MTC,No,Ordinary,,Active
Chrompet -II Depot,K0231,TN01AN4405,Ashok Leyland,BS-6,MTC,No,Ordinary,,Active
Chrompet -II Depot,K0232,TN01AN4416,Ashok Leyland,BS-6,MTC,No,Ordinary,,Active
Chrompet -I Depot,K0237,TN01AN4650,Ashok Leyland,BS-6,MTC,No,Ordinary,,Active
Adambakkam Depot,K0267,TN01AN4392,Ashok Leyland,BS-6,MTC,No,Ordinary,,Active
Adambakkam Depot,K0266,TN01AN4407,Ashok Leyland,BS-6,MTC,No,Ordinary,,Active
Tambaram Depot,K0262,TN01AN4374,Ashok Leyland,BS-6,MTC,No,Ordinary,,Active
Tambaram Depot,K0264,TN01AN4401,Ashok Leyland,BS-6,MTC,No,Ordinary,,Active
Adambakkam Depot,K0265,TN01AN4396,Ashok Leyland,BS-6,MTC,No,Ordinary,,Active
Anna Nagar Depot,K0286,TN01AN4730,Ashok Leyland,BS-6,MTC,No,Ordinary,,Active
Avadi Depot,K0285,TN01AN4695,Ashok Leyland,BS-6,MTC,No,Ordinary,,Active
Thiruvanmiyur Depot,K0284,TN01AN4707,Ashok Leyland,BS-6,MTC,No,Ordinary,,Active
Tambaram Depot,K0287,TN01AN4701,Ashok Leyland,BS-6,MTC,No,Ordinary,,Active
Padiyanallur Depot,K0051,TN01AN4075,Ashok Leyland,BS-6,MTC,No,Ordinary,,Active
Padiyanallur Depot,K0096,TN01AN4110,Ashok Leyland,BS-6,MTC,No,Ordinary,,Active
Padiyanallur Depot,K0050,TN01AN4096,Ashok Leyland,BS-6,MTC,No,Ordinary,,Active
Padiyanallur Depot,K0048,TN01AN4108,Ashok Leyland,BS-6,MTC,No,Ordinary,,Active
Padiyanallur Depot,K0086,TN01AN4095,Ashok Leyland,BS-6,MTC,No,Ordinary,,Active
Madhavaram Depot,K0314,TN01AN4846,Ashok Leyland,BS-6,MTC,No,Ordinary,25-10-2024,Active
Thiruvanmiyur Depot,J1079,TN01AN2188,Ashok Leyland,BS-4,MTC,No,Deluxe,01-05-2019,Active
Thiruvanmiyur Depot,J1078,TN01AN2196,Ashok Leyland,BS-4,MTC,No,Deluxe,01-05-2019,Active
Thiruvanmiyur Depot,J1074,TN01AN2202,Ashok Leyland,BS-4,MTC,No,Deluxe,01-05-2019,Active
Tambaram Depot,I1685,TN01N7652,Ashok Leyland,BS-3,MTC,No,Ordinary,30-09-2008,Inactive
Saidapet Depot,I1682,TN01N7624,Ashok Leyland,BS-3,MTC,No,Ordinary,29-09-2008,Inactive
Poonamallee Depot,J0463,TN01AN1172,Tata,BS-4,MTC,No,Ordinary,09-10-2015,Active
Padiyanallur Depot,J2067,TN01AN3805,Ashok Leyland,BS-4,MTC,No,Deluxe,11-03-2020,Active
Padiyanallur Depot,J2033,TN01AN3897,Ashok Leyland,BS-4,MTC,No,Deluxe,22-03-2020,Active
Padiyanallur Depot,J2032,TN01AN3890,Ashok Leyland,BS-4,MTC,No,Deluxe,22-03-2020,Active
Padiyanallur Depot,J1931,TN01AN3831,Ashok Leyland,BS-4,MTC,No,Deluxe,22-03-2020,Active
Padiyanallur Depot,J1929,TN01AN3916,Ashok Leyland,BS-4,MTC,No,Deluxe,22-03-2020,Active
Padiyanallur Depot,J1928,TN01AN3834,Ashok Leyland,BS-4,MTC,No,Deluxe,22-03-2020,Active
Padiyanallur Depot,J1868,TN01AN3649,Ashok Leyland,BS-4,MTC,No,Deluxe,02-03-2020,Active
Padiyanallur Depot,J1796,TN01AN3641,Ashok Leyland,BS-4,MTC,No,Deluxe,02-03-2020,Active
Padiyanallur Depot,J1775,TN01AN3588,Ashok Leyland,BS-4,MTC,No,Deluxe,06-02-2020,Active
Padiyanallur Depot,J1766,TN01AN3447,Ashok Leyland,BS-4,MTC,No,Deluxe,02-02-2020,Active
Padiyanallur Depot,J1385,TN01AN2993,Ashok Leyland,BS-4,MTC,No,Deluxe,18-07-2019,Active
Padiyanallur Depot,J1327,TN01AN2461,Ashok Leyland,BS-4,MTC,No,Deluxe,19-06-2019,Active
Padiyanallur Depot,J1134,TN01AN2066,Ashok Leyland,BS-4,MTC,No,Deluxe,22-04-2019,Active
Kilambakkam Depot,J2087,TN01AN3981,Ashok Leyland,BS-4,MTC,No,Deluxe,22-03-2020,Active
Iyyapanthangal Depot,J1860,TN01AN3661,Ashok Leyland,BS-4,MTC,No,Deluxe,02-03-2020,Active
Chrompet -II Depot,J2050,TN01AN3945,Ashok Leyland,BS-4,MTC,No,Deluxe,22-03-2020,Active
Chrompet -II Depot,J2049,TN01AN4015,Ashok Leyland,BS-4,MTC,No,Deluxe,22-03-2020,Active
Chrompet -I Depot,J1973,TN01AN3893,Ashok Leyland,BS-4,MTC,No,Deluxe,22-03-2020,Active
Chrompet -I Depot,J1798,TN01AN3542,Ashok Leyland,BS-4,MTC,No,Deluxe,09-02-2020,Active
Chrompet -I Depot,J1157,TN01AN2163,Ashok Leyland,BS-4,MTC,No,Deluxe,01-05-2019,Active
Chrompet -I Depot,J1106,TN01AN2328,Ashok Leyland,BS-4,MTC,No,Deluxe,08-05-2019,Active
Chrompet -I Depot,J1041,TN01AN1991,Ashok Leyland,BS-4,MTC,No,Deluxe,15-04-2019,Active
Central Depot EV,I2039,TN01N7771,Ashok Leyland,BS-3,MTC,No,Ordinary,17-10-2008,Inactive
Basin Bridge Depot,J1874,TN01AN3709,Ashok Leyland,BS-4,MTC,No,Deluxe,02-03-2020,Active
Basin Bridge Depot,I2035,TN01N7758,Ashok Leyland,BS-3,MTC,No,Ordinary,15-10-2008,Inactive
Ayanavaram Depot,J2103,TN01AN3947,Ashok Leyland,BS-4,MTC,No,Deluxe,22-03-2020,Active
Ayanavaram Depot,J2102,TN01AN3980,Ashok Leyland,BS-4,MTC,No,Deluxe,22-03-2020,Active
Ayanavaram Depot,J2039,TN01AN3868,Ashok Leyland,BS-4,MTC,No,Deluxe,22-03-2020,Active
Ayanavaram Depot,J2036,TN01AN3758,Ashok Leyland,BS-4,MTC,No,Deluxe,12-03-2020,Active
Ayanavaram Depot,J2023,TN01AN3882,Ashok Leyland,BS-4,MTC,No,Deluxe,22-03-2020,Active
Ayanavaram Depot,J2028,TN01AN3888,Ashok Leyland,BS-4,MTC,No,Deluxe,22-03-2020,Active
Ayanavaram Depot,J2015,TN01AN3889,Ashok Leyland,BS-4,MTC,No,Deluxe,18-03-2020,Active
Ayanavaram Depot,J2013,TN01AN3863,Ashok Leyland,BS-4,MTC,No,Deluxe,22-03-2020,Active
Ayanavaram Depot,J2011,TN01AN3919,Ashok Leyland,BS-4,MTC,No,Deluxe,22-03-2020,Active
Avadi Depot,J2038,TN01AN3865,Ashok Leyland,BS-4,MTC,No,Deluxe,22-03-2020,Active
Avadi Depot,J1927,TN01AN3845,Ashok Leyland,BS-4,MTC,No,Deluxe,22-03-2020,Active
Avadi Depot,J1776,TN01AN3587,Ashok Leyland,BS-4,MTC,No,Deluxe,06-02-2020,Active
Avadi Depot,J1768,TN01AN3529,Ashok Leyland,BS-4,MTC,No,Deluxe,02-02-2020,Active
Avadi Depot,J1767,TN01AN3478,Ashok Leyland,BS-4,MTC,No,Deluxe,02-02-2020,Active
Avadi Depot,J1178,TN01AN2185,Ashok Leyland,BS-4,MTC,No,Deluxe,06-05-2019,Active
Avadi Depot,J1177,TN01AN2208,Ashok Leyland,BS-4,MTC,No,Deluxe,06-05-2019,Active
T.Nagar Depot,J0549,TN01AN1279,Tata,BS-4,MTC,No,Ordinary,05-02-2016,Active
T.Nagar Depot,J0416,TN01AN0848,Tata,BS-4,MTC,No,Ordinary,16-06-2014,Active
T.Nagar Depot,J0464,TN01AN1186,Tata,BS-4,MTC,No,Ordinary,09-10-2015,Active
T.Nagar Depot,JZ0003,TZ03TZ0003,eSSL,uFace-302,MTC - Dummy,No,Deluxe,30-11-2024,Active
T.Nagar Depot,JZ002,TZ02TZ0002,eSSL,uFace-302,MTC - Dummy,No,Deluxe,30-11-2024,Active
T.Nagar Depot,J0458,TN01AN1159,Tata,BS-4,MTC,No,Ordinary,09-10-2015,Active
Tondiarpet-2 Depot,I1170,TN01N5470,Ashok Leyland,BS-3,MTC,No,Ordinary,31-12-2007,Inactive
Tondiarpet-2 Depot,I1468,TN01N5842,Ashok Leyland,BS-3,MTC,No,Ordinary,03-03-2008,Inactive
Tondiarpet-2 Depot,I1925,TN01N7572,Ashok Leyland,BS-3,MTC,No,Ordinary,20-09-2008,Inactive
Tondiarpet-2 Depot,I0791,TN01N5016,Ashok Leyland,BS-3,MTC,No,Ordinary,19-10-2007,Inactive
Tondiarpet-2 Depot,I2031,TN01N7753,Ashok Leyland,BS-3,MTC,No,Ordinary,15-10-2008,Inactive
Tondiarpet-2 Depot,I1382,TN01N5647,Ashok Leyland,BS-3,MTC,No,Ordinary,07-01-2008,Inactive
Tondiarpet-2 Depot,I1344,TN01N5802,Ashok Leyland,BS-3,MTC,No,Ordinary,13-02-2008,Inactive
Tondiarpet-2 Depot,I1343,TN01N5803,Ashok Leyland,BS-3,MTC,No,Ordinary,13-02-2008,Inactive
Tondiarpet-2 Depot,I0940,TN01N5254,Ashok Leyland,BS-3,MTC,No,Ordinary,27-12-2007,Inactive
Tondiarpet-2 Depot,I2317,TN01N8398,Ashok Leyland,BS-3,MTC,No,Ordinary,20-10-2009,Inactive
Tondiarpet-2 Depot,I1108,TN01N5277,Ashok Leyland,BS-3,MTC,No,Ordinary,28-12-2007,Inactive
Tondiarpet-2 Depot,I1365,TN01N5672,Ashok Leyland,BS-3,MTC,No,Ordinary,11-01-2008,Inactive
Tondiarpet-1 Depot EV,I1901,TN01N7398,Ashok Leyland,BS-3,MTC,No,Ordinary,28-08-2008,Inactive
Ennore Depot,J0225,TN01AN0577,Ashok Leyland,BS-4,MTC,No,Ordinary,21-11-2012,Active
T.Nagar Depot,J0292,TN01AN0677,Tata,BS-4,MTC,No,Express,21-10-2013,Inactive
Mandaveli Depot,J0535,TN01AN1251,Tata,BS-4,MTC,No,Ordinary,05-02-2016,Active
Mandaveli Depot,J1710,TN01AN3411,Tata,BS-4,MTC,No,Deluxe,01-01-2020,Active
Mandaveli Depot,J1694,TN01AN3292,Tata,BS-4,MTC,No,Deluxe,08-12-2019,Active
K.K. Nagar Depot,J0447,TN01AN1170,Tata,BS-4,MTC,No,Ordinary,09-10-2015,Active
Z Dummy Depot,Z1234,GJ01AA9898,Tata,BS-4,MTC - Dummy,No,Ordinary,12-06-2024,Active
K.K. Nagar Depot,J0756,TN01AN1708,Tata,BS-4,MTC,No,Ordinary,20-09-2016,Active
K.K. Nagar Depot,J0571,TN01AN1444,Tata,BS-4,MTC,No,Ordinary,31-03-2016,Active
K.K. Nagar Depot,J0717,TN01AN1508,Tata,BS-4,MTC,No,Ordinary,01-05-2016,Active
K.K. Nagar Depot,J0755,TN01AN1694,Tata,BS-4,MTC,No,Ordinary,20-09-2016,Active
K.K. Nagar Depot,J0728,TN01AN1659,Tata,BS-4,MTC,No,Ordinary,07-09-2016,Active
K.K. Nagar Depot,J0536,TN01AN1291,Tata,BS-4,MTC,No,Ordinary,05-02-2016,Active
K.K. Nagar Depot,J0754,TN01AN1693,Tata,BS-4,MTC,No,Ordinary,20-09-2016,Active
K.K. Nagar Depot,J0428,TN01AN0880,Tata,BS-4,MTC,No,Ordinary,16-06-2014,Active
Padiyanallur Depot,J1836,TN01AN3547,Ashok Leyland,BS-4,MTC,No,Deluxe,13-02-2020,Active
K.K. Nagar Depot,J0569,TN01AN1455,Tata,BS-4,MTC,No,Ordinary,31-03-2016,Active
K.K. Nagar Depot,J0570,TN01AN1440,Tata,BS-4,MTC,No,Ordinary,31-03-2016,Active
K.K. Nagar Depot,J0572,TN01AN1433,Tata,BS-4,MTC,No,Ordinary,31-03-2016,Active
K.K. Nagar Depot,J0589,TN01AN1468,Tata,BS-4,MTC,No,Ordinary,11-04-2016,Active
K.K. Nagar Depot,J0597,TN01AN1489,Tata,BS-4,MTC,No,Ordinary,14-04-2016,Active
K.K. Nagar Depot,J0710,TN01AN1486,Tata,BS-4,MTC,No,Ordinary,14-04-2016,Active
K.K. Nagar Depot,J0714,TN01AN1513,Tata,BS-4,MTC,No,Ordinary,01-05-2016,Active
K.K. Nagar Depot,J0716,TN01AN1515,Tata,BS-4,MTC,No,Ordinary,01-05-2016,Active
Ennore Depot,J0819,TN01AN1564,Ashok Leyland,BS-4,MTC,No,Ordinary,16-05-2016,Active
Ennore Depot,J0908,TN01AN1695,Ashok Leyland,BS-4,MTC,No,Ordinary,20-09-2016,Active
Padiyanallur Depot,J0971,TN01AN1875,Ashok Leyland,BS-4,MTC,No,Deluxe,12-02-2019,Active
Padiyanallur Depot,J0973,TN01AN1892,Ashok Leyland,BS-4,MTC,No,Deluxe,13-02-2019,Active
Padiyanallur Depot,J0989,TN01AN2170,Ashok Leyland,BS-4,MTC,No,Deluxe,02-05-2019,Active
Thiruvanmiyur Depot,J0999,TN01AN1870,Ashok Leyland,BS-4,MTC,No,Deluxe,11-02-2019,Active
Chrompet -I Depot,J1001,TN01AN1902,Ashok Leyland,BS-4,MTC,No,Deluxe,12-02-2019,Active
Thiruvanmiyur Depot,J1034,TN01AN1989,Ashok Leyland,BS-4,MTC,No,Deluxe,15-04-2019,Active
Kannagi Nagar Depot,J1035,TN01AN1992,Ashok Leyland,BS-4,MTC,No,Deluxe,15-04-2019,Active
Chrompet -II Depot,J1039,TN01AN1977,Ashok Leyland,BS-4,MTC,No,Deluxe,15-04-2019,Active
Avadi Depot,J1055,TN01AN1947,Ashok Leyland,BS-4,MTC,No,Deluxe,15-04-2019,Active
Padiyanallur Depot,J1070,TN01AN2113,Ashok Leyland,BS-4,MTC,No,Deluxe,22-04-2019,Active
Avadi Depot,J1076,TN01AN2226,Ashok Leyland,BS-4,MTC,No,Deluxe,01-05-2019,Active
Avadi Depot,J1085,TN01AN2144,Ashok Leyland,BS-4,MTC,No,Deluxe,02-05-2019,Active
Avadi Depot,J1086,TN01AN2137,Ashok Leyland,BS-4,MTC,No,Deluxe,02-05-2019,Active
Avadi Depot,J1088,TN01AN2193,Ashok Leyland,BS-4,MTC,No,Deluxe,02-05-2019,Active
Avadi Depot,J1091,TN01AN2184,Ashok Leyland,BS-4,MTC,No,Deluxe,02-05-2019,Active
Kannagi Nagar Depot,J1094,TN01AN2220,Ashok Leyland,BS-4,MTC,No,Deluxe,06-05-2019,Active
Chrompet -I Depot,J1100,TN01AN2155,Ashok Leyland,BS-4,MTC,No,Deluxe,06-05-2019,Active
Padiyanallur Depot,J1116,TN01AN2243,Ashok Leyland,BS-4,MTC,No,Deluxe,13-05-2019,Active
Padiyanallur Depot,J1121,TN01AN2296,Ashok Leyland,BS-4,MTC,No,Deluxe,13-05-2019,Active
Padiyanallur Depot,J1124,TN01AN2347,Ashok Leyland,BS-4,MTC,No,Deluxe,20-05-2019,Active
Chrompet -I Depot,J1129,TN01AN2127,Ashok Leyland,BS-4,MTC,No,Deluxe,22-04-2019,Active
Basin Bridge Depot,J1150,TN01AN2047,Ashok Leyland,BS-4,MTC,No,Deluxe,01-05-2019,Active
Avadi Depot,J1151,TN01AN2175,Ashok Leyland,BS-4,MTC,No,Deluxe,01-05-2019,Active
Ayanavaram Depot,J1159,TN01AN2201,Ashok Leyland,BS-4,MTC,No,Deluxe,02-05-2019,Active
Avadi Depot,J1165,TN01AN2161,Ashok Leyland,BS-4,MTC,No,Deluxe,02-05-2019,Active
Avadi Depot,J1166,TN01AN2162,Ashok Leyland,BS-4,MTC,No,Deluxe,02-05-2019,Active
Avadi Depot,J1167,TN01AN2134,Ashok Leyland,BS-4,MTC,No,Deluxe,02-05-2019,Active
Avadi Depot,J1168,TN01AN2215,Ashok Leyland,BS-4,MTC,No,Deluxe,02-05-2019,Active
Chrompet -I Depot,J1192,TN01AN2283,Ashok Leyland,BS-4,MTC,No,Deluxe,15-05-2019,Active
Kannagi Nagar Depot,J1202,TN01AN2070,Ashok Leyland,BS-4,MTC,No,Deluxe,22-04-2019,Active
Iyyapanthangal Depot,J1236,TN01AN2246,Ashok Leyland,BS-4,MTC,No,Deluxe,06-05-2019,Active
Avadi Depot,J1251,TN01AN2248,Ashok Leyland,BS-4,MTC,No,Deluxe,13-05-2019,Active
Ayanavaram Depot,J1328,TN01AN2441,Ashok Leyland,BS-4,MTC,No,Deluxe,19-06-2019,Active
Basin Bridge Depot,J1347,TN01AN2759,Ashok Leyland,BS-4,MTC,No,Deluxe,27-06-2019,Active
Ayanavaram Depot,J1356,TN01AN2752,Ashok Leyland,BS-4,MTC,No,Deluxe,27-06-2019,Active
Padiyanallur Depot,J1393,TN01AN2857,Ashok Leyland,BS-4,MTC,No,Deluxe,11-07-2019,Active
Ayanavaram Depot,J1453,TN01AN2701,Ashok Leyland,BS-4,MTC,No,Deluxe,27-06-2019,Active
Chrompet -I Depot,J1492,TN01AN2792,Ashok Leyland,BS-4,MTC,No,Deluxe,02-07-2019,Active
Chrompet -I Depot,J1538,TN01AN2930,Ashok Leyland,BS-4,MTC,No,Deluxe,11-07-2019,Active
Mandaveli Depot,J1607,TN01AN3076,Tata,BS-4,MTC,No,Deluxe,24-09-2019,Active
Mandaveli Depot,J1609,TN01AN3090,Tata,BS-4,MTC,No,Deluxe,24-09-2019,Active
Mandaveli Depot,J1624,TN01AN3072,Tata,BS-4,MTC,No,Deluxe,24-09-2019,Active
Mandaveli Depot,J1625,TN01AN3058,Tata,BS-4,MTC,No,Deluxe,24-09-2019,Active
Mandaveli Depot,J1627,TN01AN3048,Tata,BS-4,MTC,No,Deluxe,24-09-2019,Active
Mandaveli Depot,J1628,TN01AN3092,Tata,BS-4,MTC,No,Deluxe,24-09-2019,Active
Mandaveli Depot,J1629,TN01AN3085,Tata,BS-4,MTC,No,Deluxe,24-09-2019,Active
Ayanavaram Depot,J1676,TN01AN3323,Ashok Leyland,BS-4,MTC,No,Deluxe,01-12-2019,Active
Mandaveli Depot,J1684,TN01AN3261,Tata,BS-4,MTC,No,Deluxe,31-10-2019,Active
Mandaveli Depot,J1685,TN01AN3247,Tata,BS-4,MTC,No,Deluxe,31-10-2019,Active
Mandaveli Depot,J1696,TN01AN3360,Tata,BS-4,MTC,No,Deluxe,09-12-2019,Active
Mandaveli Depot,J1697,TN01AN3358,Tata,BS-4,MTC,No,Deluxe,08-12-2019,Active
Mandaveli Depot,J1702,TN01AN3426,Tata,BS-4,MTC,No,Deluxe,08-12-2019,Active
Mandaveli Depot,J1703,TN01AN3382,Tata,BS-4,MTC,No,Deluxe,08-12-2019,Active
T.Nagar Depot,J1709,TN01AN3415,Tata,BS-4,MTC,No,Deluxe,19-12-2019,Active
Avadi Depot,J1765,TN01AN3480,Ashok Leyland,BS-4,MTC,No,Deluxe,02-02-2020,Active
Padiyanallur Depot,J1799,TN01AN3668,Ashok Leyland,BS-4,MTC,No,Deluxe,02-03-2020,Active
Avadi Depot,J1801,TN01AN3606,Ashok Leyland,BS-4,MTC,No,Deluxe,02-03-2020,Active
Avadi Depot,J1807,TN01AN3714,Ashok Leyland,BS-4,MTC,No,Deluxe,02-03-2020,Active
Ayanavaram Depot,J1823,TN45N4203,Ashok Leyland,BS-4,MTC,No,Deluxe,01-01-2020,Active
Ayanavaram Depot,J1827,TN45N4218,Ashok Leyland,BS-4,MTC,No,Deluxe,01-01-2020,Active
Basin Bridge Depot,J1828,TN45N4182,Ashok Leyland,BS-4,MTC,No,Deluxe,01-01-2020,Active
Iyyapanthangal Depot,J1850,TN01AN3713,Ashok Leyland,BS-4,MTC,No,Deluxe,02-03-2020,Active
Iyyapanthangal Depot,J1853,TN01AN3683,Ashok Leyland,BS-4,MTC,No,Deluxe,02-03-2020,Active
Padiyanallur Depot,J1879,TN01AN3659,Ashok Leyland,BS-4,MTC,No,Deluxe,02-03-2020,Active
Padiyanallur Depot,J1885,TN01AN3693,Ashok Leyland,BS-4,MTC,No,Deluxe,02-03-2020,Active
Chrompet -I Depot,J1893,TN01AN3773,Ashok Leyland,BS-4,MTC,No,Deluxe,05-03-2020,Active
Padiyanallur Depot,J1899,TN01AN3885,Ashok Leyland,BS-4,MTC,No,Deluxe,16-03-2020,Active
Ayanavaram Depot,J1903,TN01AN3751,Ashok Leyland,BS-4,MTC,No,Deluxe,09-03-2020,Active
Iyyapanthangal Depot,J1907,TN01AN3759,Ashok Leyland,BS-4,MTC,No,Deluxe,11-03-2020,Active
Avadi Depot,J1915,TN01AN3737,Ashok Leyland,BS-4,MTC,No,Deluxe,11-03-2020,Active
Padiyanallur Depot,J1916,TN01AN3729,Ashok Leyland,BS-4,MTC,No,Deluxe,02-03-2020,Active
Avadi Depot,J1918,TN01AN3765,Ashok Leyland,BS-4,MTC,No,Deluxe,16-03-2020,Active
Ayanavaram Depot,J1922,TN01AN3837,Ashok Leyland,BS-4,MTC,No,Deluxe,17-03-2020,Active
Iyyapanthangal Depot,J1938,TN01AN3807,Ashok Leyland,BS-4,MTC,No,Deluxe,10-03-2020,Active
Avadi Depot,J1945,TN01AN3984,Ashok Leyland,BS-4,MTC,No,Deluxe,22-03-2020,Active
Avadi Depot,J1946,TN01AN3911,Ashok Leyland,BS-4,MTC,No,Deluxe,22-03-2020,Active
Avadi Depot,J1950,TN01AN3969,Ashok Leyland,BS-4,MTC,No,Deluxe,22-03-2020,Active
Chrompet -I Depot,J1958,TN01AN3991,Ashok Leyland,BS-4,MTC,No,Deluxe,22-03-2020,Active
Ennore Depot,J1960,TN01AN3948,Ashok Leyland,BS-4,MTC,No,Deluxe,22-03-2020,Active
Ennore Depot,J1961,TN01AN3883,Ashok Leyland,BS-4,MTC,No,Deluxe,22-03-2020,Active
Ennore Depot,J1962,TN01AN4029,Ashok Leyland,BS-4,MTC,No,Deluxe,22-03-2020,Active
Ennore Depot,J1964,TN01AN3913,Ashok Leyland,BS-4,MTC,No,Deluxe,22-03-2020,Active
Iyyapanthangal Depot,J1967,TN01AN3936,Ashok Leyland,BS-4,MTC,No,Deluxe,22-03-2020,Active
Avadi Depot,J1996,TN01AN3731,Ashok Leyland,BS-4,MTC,No,Deluxe,15-03-2020,Active
Padiyanallur Depot,J2014,TN01AN3832,Ashok Leyland,BS-4,MTC,No,Deluxe,18-03-2020,Active
Ayanavaram Depot,J2017,TN01AN3877,Ashok Leyland,BS-4,MTC,No,Deluxe,18-03-2020,Active
Ayanavaram Depot,J2025,TN01AN3785,Ashok Leyland,BS-4,MTC,No,Deluxe,09-03-2020,Active
Padiyanallur Depot,J2029,TN01AN3930,Ashok Leyland,BS-4,MTC,No,Deluxe,16-03-2020,Active
Ayanavaram Depot,J2031,TN01AN3908,Ashok Leyland,BS-4,MTC,No,Deluxe,22-03-2020,Active
Avadi Depot,J2041,TN01AN3853,Ashok Leyland,BS-4,MTC,No,Deluxe,22-03-2020,Active
Avadi Depot,J2046,TN01AN3827,Ashok Leyland,BS-4,MTC,No,Deluxe,10-03-2020,Active
Ayanavaram Depot,J2054,TN01AN3902,Ashok Leyland,BS-4,MTC,No,Deluxe,22-03-2020,Active
Chrompet -I Depot,J2065,TN01AN3825,Ashok Leyland,BS-4,MTC,No,Deluxe,08-03-2020,Active
Ayanavaram Depot,J2083,TN01AN3775,Ashok Leyland,BS-4,MTC,No,Deluxe,09-03-2020,Active
Avadi Depot,J2084,TN01AN4001,Ashok Leyland,BS-4,MTC,No,Deluxe,22-03-2020,Active
Ayanavaram Depot,J2072,TN01AN3939,Ashok Leyland,BS-4,MTC,No,Deluxe,22-03-2020,Active
Ayanavaram Depot,J1952,TN01AN3978,Ashok Leyland,BS-4,MTC,No,Deluxe,22-03-2020,Active
Chrompet -I Depot,J1128,TN01AN2117,Ashok Leyland,BS-4,MTC,No,Deluxe,22-04-2019,Active
Vadapalani Depot,I2980,TN01N9496,Ashok Leyland,BS-3,MTC,No,Ordinary,18-04-2010,Inactive
Central Depot EV,I1957,TN01N7813,Ashok Leyland,BS-3,MTC,No,Ordinary,30-10-2008,Inactive
K.K. Nagar Depot,J0718,TN01AN1533,Tata,BS-4,MTC,No,Ordinary,09-05-2016,Active
K.K. Nagar Depot,J0539,TN01AN1219,Tata,BS-4,MTC,No,Ordinary,05-02-2016,Active
K.K. Nagar Depot,J0538,TN01AN1229,Tata,BS-4,MTC,No,Ordinary,05-02-2016,Active
K.K. Nagar Depot,J0534,TN01AN1297,Tata,BS-4,MTC,No,Ordinary,05-02-2016,Active
K.K. Nagar Depot,J0533,TN01AN1270,Tata,BS-4,MTC,No,Ordinary,05-02-2016,Active
K.K. Nagar Depot,J0522,TN01AN1201,Tata,BS-4,MTC,No,Ordinary,05-02-2016,Active
K.K. Nagar Depot,J0521,TN01AN1215,Tata,BS-4,MTC,No,Ordinary,05-02-2016,Active
K.K. Nagar Depot,J0520,TN01AN1200,Tata,BS-4,MTC,No,Ordinary,05-02-2016,Active
K.K. Nagar Depot,J0519,TN01AN1203,Tata,BS-4,MTC,No,Ordinary,05-02-2016,Active
K.K. Nagar Depot,J0518,TN01AN1293,Tata,BS-4,MTC,No,Ordinary,05-02-2016,Active
Poonamallee Depot,J0495,TN01AN1179,Tata,BS-4,MTC,No,Ordinary,09-10-2015,Active
Poonamallee Depot,J0494,TN01AN1174,Tata,BS-4,MTC,No,Ordinary,09-10-2015,Active
K.K. Nagar Depot,J0481,TN01AN1153,Tata,BS-4,MTC,No,Ordinary,09-10-2015,Active
K.K. Nagar Depot,J0479,TN01AN1150,Tata,BS-4,MTC,No,Ordinary,09-10-2015,Active
K.K. Nagar Depot,J0478,TN01AN1154,Tata,BS-4,MTC,No,Ordinary,09-10-2015,Active
K.K. Nagar Depot,J0477,TN01AN1192,Tata,BS-4,MTC,No,Ordinary,09-10-2015,Active
K.K. Nagar Depot,J0476,TN01AN1194,Tata,BS-4,MTC,No,Ordinary,09-10-2015,Active
K.K. Nagar Depot,J0475,TN01AN1180,Tata,BS-4,MTC,No,Ordinary,09-10-2015,Active
K.K. Nagar Depot,J0473,TN01AN1171,Tata,BS-4,MTC,No,Ordinary,09-10-2015,Active
K.K. Nagar Depot,J0472,TN01AN1173,Tata,BS-4,MTC,No,Ordinary,09-10-2015,Active
K.K. Nagar Depot,J0471,TN01AN1175,Tata,BS-4,MTC,No,Ordinary,09-10-2015,Active
K.K. Nagar Depot,J0470,TN01AN1147,Tata,BS-4,MTC,No,Ordinary,09-10-2015,Active
K.K. Nagar Depot,J0469,TN01AN1149,Tata,BS-4,MTC,No,Ordinary,09-10-2015,Active
K.K. Nagar Depot,J0468,TN01AN1190,Tata,BS-4,MTC,No,Ordinary,09-10-2015,Active
K.K. Nagar Depot,J0467,TN01AN1144,Tata,BS-4,MTC,No,Ordinary,09-10-2015,Active
K.K. Nagar Depot,J0465,TN01AN1162,Tata,BS-4,MTC,No,Ordinary,09-10-2015,Active
K.K. Nagar Depot,J0460,TN01AN1157,Tata,BS-4,MTC,No,Ordinary,09-10-2015,Active
K.K. Nagar Depot,J0459,TN01AN1145,Tata,BS-4,MTC,No,Ordinary,09-10-2015,Active
Mandaveli Depot,J0456,TN01AN1193,Tata,BS-4,MTC,No,Ordinary,09-10-2015,Active
Mandaveli Depot,J0454,TN01AN1155,Tata,BS-4,MTC,No,Ordinary,09-10-2015,Active
Mandaveli Depot,J0452,TN01AN1199,Tata,BS-4,MTC,No,Ordinary,09-10-2015,Active
Mandaveli Depot,J0451,TN01AN1177,Tata,BS-4,MTC,No,Ordinary,09-10-2015,Active
Mandaveli Depot,J0450,TN01AN1152,Tata,BS-4,MTC,No,Ordinary,09-10-2015,Active
Mandaveli Depot,J0449,TN01AN1146,Tata,BS-4,MTC,No,Ordinary,09-10-2015,Active
Mandaveli Depot,J0448,TN01AN1139,Tata,BS-4,MTC,No,Ordinary,09-10-2015,Active
K.K. Nagar Depot,J0438,TN01AN0846,Tata,BS-4,MTC,No,Ordinary,16-06-2014,Active
K.K. Nagar Depot,J0422,TN01AN0866,Tata,BS-4,MTC,No,Ordinary,16-06-2014,Active
T.Nagar Depot,J0418,TN01AN0815,Tata,BS-4,MTC,No,Ordinary,16-06-2014,Active
T.Nagar Depot,J0412,TN01AN0830,Tata,BS-4,MTC,No,Ordinary,16-06-2014,Active
T.Nagar Depot,J0411,TN01AN0868,Tata,BS-4,MTC,No,Ordinary,16-06-2014,Active
T.Nagar Depot,J0407,TN01AN0887,Tata,BS-4,MTC,No,Ordinary,16-06-2014,Active
T.Nagar Depot,J0405,TN01AN0884,Tata,BS-4,MTC,No,Ordinary,16-06-2014,Active
K.K. Nagar Depot,J0404,TN01AN0862,Tata,BS-4,MTC,No,Ordinary,16-06-2014,Active
T.Nagar Depot,J0403,TN01AN0889,Tata,BS-4,MTC,No,Ordinary,16-06-2014,Active
K.K. Nagar Depot,J0402,TN01AN0823,Tata,BS-4,MTC,No,Ordinary,16-06-2014,Active
Basin Bridge Depot,J0400,TN01AN0879,Ashok Leyland,BS-4,MTC,No,Ordinary,16-06-2014,Active
Saidapet Depot,J0399,TN01AN0831,Ashok Leyland,BS-4,MTC,No,Ordinary,16-06-2014,Active
Tondiarpet-2 Depot,J0395,TN01AN0844,Ashok Leyland,BS-4,MTC,No,Ordinary,16-06-2014,Active
Ennore Depot,J0393,TN01AN0822,Ashok Leyland,BS-4,MTC,No,Ordinary,16-06-2014,Active
Ennore Depot,J0392,TN01AN0817,Ashok Leyland,BS-4,MTC,No,Ordinary,16-06-2014,Active
Mandaveli Depot,J0384,TN01AN0875,Tata,BS-4,MTC,No,Ordinary,16-06-2014,Active
Mandaveli Depot,J0383,TN01AN0895,Tata,BS-4,MTC,No,Ordinary,16-06-2014,Active
Mandaveli Depot,J0375,TN01AN0885,Tata,BS-4,MTC,No,Ordinary,16-06-2014,Active
Anna Nagar Depot,J0229,TN01AN0565,Ashok Leyland,BS-4,MTC,No,Ordinary,21-11-2012,Active
Tondiarpet-2 Depot,J0215,TN01AN0551,Ashok Leyland,BS-4,MTC,No,Ordinary,21-11-2012,Active
Anna Nagar Depot,I2025,TN01N7747,Ashok Leyland,BS-3,MTC,No,Ordinary,13-10-2008,Inactive
T.Nagar Depot,J0417,TN01AN0814,Tata,BS-4,MTC,No,Ordinary,16-06-2014,Active
Perambur Depot,J0164,TN01AN0508,Ashok Leyland,BS-4,MTC,No,Ordinary,04-09-2012,Active
Adambakkam Depot,I1658,TN01N7445,Ashok Leyland,BS-3,MTC,No,Ordinary,02-09-2008,Inactive
Padiyanallur Depot,I1678,TN01N7502,Ashok Leyland,BS-3,MTC,No,Ordinary,09-09-2008,Inactive
Madhavaram Depot,I1680,TN01N7598,Ashok Leyland,BS-3,MTC,No,Ordinary,29-09-2008,Inactive
Madhavaram Depot,J0191,TN01AN0484,Ashok Leyland,BS-4,MTC,No,Ordinary,04-09-2012,Active
Adambakkam Depot,I1684,TN01N7645,Ashok Leyland,BS-3,MTC,No,Ordinary,30-09-2008,Inactive
Anna Nagar Depot,I1698,TN01N7688,Ashok Leyland,BS-3,MTC,No,Ordinary,06-10-2008,Inactive
Anna Nagar Depot,I1699,TN01N7683,Ashok Leyland,BS-3,MTC,No,Ordinary,06-10-2008,Inactive
Tondiarpet-2 Depot,J0184,TN01AN0498,Ashok Leyland,BS-4,MTC,No,Ordinary,04-09-2012,Active
Iyyapanthangal Depot,I1905,TN01N7351,Ashok Leyland,BS-3,MTC,No,Ordinary,27-08-2008,Inactive
Adambakkam Depot,I1911,TN01N7503,Ashok Leyland,BS-3,MTC,No,Ordinary,09-09-2008,Inactive
Saidapet Depot,I1917,TN01N7522,Ashok Leyland,BS-3,MTC,No,Ordinary,11-09-2008,Inactive
Adambakkam Depot,I1922,TN01N7529,Ashok Leyland,BS-3,MTC,No,Ordinary,16-09-2008,Inactive
Tondiarpet-2 Depot,J0168,TN01AN0483,Ashok Leyland,BS-4,MTC,No,Ordinary,04-09-2012,Active
Central Depot EV,I1941,TN01N7713,Ashok Leyland,BS-3,MTC,No,Ordinary,07-10-2008,Inactive
Chrompet -I Depot,I1949,TN01N7727,Ashok Leyland,BS-3,MTC,No,Ordinary,10-10-2008,Inactive
Anna Nagar Depot,I1967,TN01N7823,Ashok Leyland,BS-3,MTC,No,Ordinary,31-10-2008,Inactive
Anna Nagar Depot,I2022,TN01N7728,Ashok Leyland,BS-3,MTC,No,Ordinary,10-10-2008,Inactive
Anna Nagar Depot,I1191,TN01N5743,Ashok Leyland,BS-3,MTC,No,Ordinary,21-01-2008,Inactive
Saidapet Depot,I1676,TN01N7498,Ashok Leyland,BS-3,MTC,No,Ordinary,09-09-2008,Inactive
Madhavaram Depot,I2930,TN01N8866,Ashok Leyland,BS-3,MTC,No,Ordinary,02-03-2010,Inactive
Mandaveli Depot,J0455,TN01AN1198,Tata,BS-4,MTC,No,Ordinary,09-10-2015,Active
